{"type":"FeatureCollection","timeStamp":"2026-09-22T10:56:04Z","links":[{"rel":"self","title":"This document as GeoJSON","type":"application/geo+json","href":"https://api.pdok.nl/lv/bgt/ogc/v1/collections/wegdeel/items?bbox=5.3180%2C52.3334%2C5.3212%2C52.3351&crs=http%3A%2F%2Fwww.opengis.net%2Fdef%2Fcrs%2FEPSG%2F0%2F28992&f=json&limit=1000"},{"rel":"alternate","title":"This document as JSON-FG","type":"application/vnd.ogc.fg+json","href":"https://api.pdok.nl/lv/bgt/ogc/v1/collections/wegdeel/items?bbox=5.3180%2C52.3334%2C5.3212%2C52.3351&crs=http%3A%2F%2Fwww.opengis.net%2Fdef%2Fcrs%2FEPSG%2F0%2F28992&f=jsonfg&limit=1000"},{"rel":"alternate","title":"This document as HTML","type":"text/html","href":"https://api.pdok.nl/lv/bgt/ogc/v1/collections/wegdeel/items?bbox=5.3180%2C52.3334%2C5.3212%2C52.3351&crs=http%3A%2F%2Fwww.opengis.net%2Fdef%2Fcrs%2FEPSG%2F0%2F28992&f=html&limit=1000"}],"features":[{"type":"Feature","properties":{"bronhouder":"G0034","creation_date":"2020-03-24T23:00:00Z","eind_registratie":"2020-07-28T13:48:22Z","functie":"rijbaan lokale weg","functie_codespace":"http://www.geostandaarden.nl/imgeo/def/2.1#FunctieWeg","fysiek_voorkomen":"open verharding","fysiek_voorkomen_codespace":"http://www.geostandaarden.nl/imgeo/def/2.1#FysiekVoorkomenWeg","in_onderzoek":null,"in_onderzoek_leeg":"geenWaarde","kruinlijn_leeg":"waardeOnbekend","lokaal_id":"G0034.0a2bb350ec204a21a0998825123c9cc9","lv_publicatiedatum":"2020-03-25T13:10:18Z","op_talud":"false","op_talud_leeg":null,"plus_functie":null,"plus_functie_codespace":"http://www.geostandaarden.nl/imgeo/def/2.1#VoidReasonValue","plus_functie_leeg":"waardeOnbekend","plus_fysiek_voorkomen":null,"plus_fysiek_voorkomen_codespace":"http://www.geostandaarden.nl/imgeo/def/2.1#VoidReasonValue","plus_fysiek_voorkomen_leeg":"waardeOnbekend","plus_status":null,"plus_status_codespace":"http://www.geostandaarden.nl/imgeo/def/2.1#VoidReasonValue","plus_status_leeg":"geenWaarde","relatieve_hoogteligging":0,"status":"bestaand","status_codespace":"http://www.geostandaarden.nl/imgeo/def/2.1#Status","status_leeg":null,"termination_date":null,"termination_date_leeg":"geenWaarde","tijdstip_registratie":"2020-03-25T13:00:59Z","version":"cee13115-1c4c-c06d-7fb2-a2d52dcbf3a5"},"geometry":{"type":"Polygon","coordinates":[[[150547.392,483008.704],[150546.554,483012.197],[150546.1,483013.293],[150544.268,483017.717],[150539.308,483026.252],[150539.272,483026.304],[150534.634,483033.141],[150528.855,483040.402],[150528.816,483040.451],[150525.463,483044.447],[150525.186,483044.777],[150525.085,483044.889],[150517.019,483053.87],[150508.76,483062.522],[150501.346,483070.813],[150494.514,483077.212],[150485.227,483085.921],[150482.595,483087.83],[150478.961,483089.866],[150474.745,483091.59],[150474.743,483091.591],[150472.264,483092.537],[150471.257,483092.921],[150470.141,483093.784],[150468.986,483094.676],[150468.059,483095.393],[150467.484,483096.16],[150465.953,483098.203],[150465.442,483098.884],[150465.143,483099.646],[150464.304,483101.783],[150464.25,483101.922],[150464.242,483101.973],[150463.602,483106.014],[150463.745,483109.989],[150463.843,483112.702],[150463.313,483115.267],[150462.678,483118.342],[150462.668,483118.372],[150461.808,483120.992],[150460.355,483124.919],[150457.447,483129.137],[150457.261,483129.37],[150454.489,483132.831],[150449.743,483137.864],[150445.766,483142.311],[150445.761,483142.316],[150440.004,483148.191],[150435.207,483151.682],[150430.653,483155.187],[150425.759,483157.791],[150419.588,483160.547],[150419.582,483160.549],[150423.497,483176.584],[150421.069,483177.177],[150417.183,483178.125],[150415.079,483169.511],[150413.371,483162.516],[150406.933,483163.574],[150406.929,483163.574],[150406.922,483163.574],[150403,483163.653],[150402.514,483163.663],[150402.083,483163.608],[150397.158,483162.979],[150396.396,483162.882],[150395.626,483162.625],[150390.829,483161.025],[150389.855,483160.7],[150389.282,483160.361],[150383.84,483157.141],[150383.839,483157.14],[150383.837,483157.139],[150369.569,483146.644],[150369.561,483146.638],[150369.544,483146.624],[150358.893,483137.864],[150341.233,483123.184],[150331.901,483114.929],[150307.818,483149.115],[150299.847,483143.5],[150324.618,483108.337],[150317.432,483101.825],[150309.742,483094.658],[150300.439,483085.931],[150294.219,483080.117],[150294.209,483080.108],[150294.208,483080.107],[150285.031,483070.431],[150283.328,483068.643],[150282.58,483067.766],[150278.51,483062.992],[150274.442,483057.796],[150271.533,483053.517],[150268.855,483048.788],[150268.709,483048.53],[150268.244,483047.446],[150266.62,483043.653],[150266.466,483043.294],[150265.283,483039.841],[150251.62,483044.053],[150245.793,483045.849],[150243.878,483039.637],[150249.982,483037.756],[150263.979,483033.442],[150263.642,483029.414],[150263.492,483025.6],[150263.476,483025.175],[150263.504,483024.655],[150263.768,483019.875],[150263.776,483019.823],[150264.057,483017.861],[150264.15,483017.371],[150264.668,483014.652],[150265.054,483012.625],[150266.504,483008.489],[150266.715,483007.887],[150268.491,483003.901],[150268.507,483003.872],[150270.619,482999.825],[150271.35,482998.551],[150273.194,482995.337],[150275.207,482991.898],[150276.6,482989.519],[150279.575,482985.064],[150279.653,482984.945],[150280.885,482983.072],[150280.959,482982.96],[150281.964,482981.474],[150285.404,482976.387],[150292.465,482966.164],[150297.727,482959.087],[150297.732,482959.079],[150301.168,482954.639],[150301.768,482953.864],[150302.495,482952.985],[150306.71,482947.887],[150306.726,482947.868],[150306.731,482947.862],[150313.231,482940.732],[150317.496,482936.271],[150317.93,482935.816],[150318.678,482935.088],[150318.684,482935.082],[150322.683,482931.507],[150323.614,482930.675],[150326.956,482928.144],[150329.096,482926.685],[150329.437,482926.504],[150331.754,482925.273],[150334.241,482923.983],[150334.252,482923.978],[150336.322,482923.112],[150337.984,482922.613],[150340.746,482922.04],[150341.175,482921.849],[150341.656,482921.636],[150341.834,482921.551],[150342.604,482921.184],[150342.633,482921.17],[150342.683,482921.139],[150344.322,482920.132],[150345.875,482918.79],[150347.879,482916.487],[150348.117,482916.213],[150348.315,482915.808],[150349.479,482913.419],[150350.803,482909.889],[150350.808,482909.872],[150352.413,482904.819],[150352.437,482904.743],[150352.456,482904.695],[150353.765,482901.434],[150355.676,482897.928],[150357.589,482895.155],[150357.594,482895.148],[150357.599,482895.141],[150362.208,482889.781],[150362.218,482889.771],[150362.233,482889.755],[150365.5,482886.434],[150368.528,482883.706],[150368.532,482883.702],[150371.707,482881.139],[150373.032,482880.27],[150375.585,482878.595],[150375.683,482878.531],[150375.724,482878.507],[150378.333,482877.026],[150379.432,482876.402],[150382.438,482875.065],[150382.156,482872.749],[150382.282,482871.454],[150382.393,482870.327],[150382.861,482867.843],[150382.868,482867.81],[150382.885,482867.759],[150383.809,482865.108],[150384.291,482864.153],[150385.53,482862.079],[150396.491,482846.52],[150417.585,482816.577],[150422.899,482820.32],[150390.844,482865.822],[150389.563,482867.823],[150388.981,482870.15],[150388.76,482873.01],[150391.556,482872.394],[150394.713,482872.145],[150398.088,482872.146],[150402.853,482872.56],[150407.958,482873.706],[150412.407,482875.151],[150416.576,482876.974],[150421.21,482879.459],[150424.961,482881.65],[150434.087,482887.505],[150443.296,482893.764],[150452.065,482900.128],[150454.617,482902.052],[150474.589,482917.111],[150484.541,482924.615],[150489.618,482928.241],[150494.577,482931.792],[150500.434,482935.683],[150505.151,482938.547],[150507.548,482940.184],[150512.294,482942.869],[150516.004,482945.141],[150520.684,482947.856],[150524.987,482950.353],[150529.073,482952.926],[150531.219,482954.561],[150534.389,482957.248],[150536.527,482959.417],[150541.327,482965.466],[150546.031,482974.584],[150546.789,482976.714],[150549.501,482976.045],[150553.531,482974.235],[150556.148,482971.502],[150568.216,482954.371],[150569.851,482955.523],[150573.53,482958.114],[150569.074,482964.44],[150561.462,482975.246],[150556.438,482979.907],[150551.06,482982.354],[150551.058,482982.355],[150549.637,482982.706],[150548.442,482983.001],[150549.17,482987.994],[150549.205,482997.539],[150549.205,482997.541],[150549.204,482997.547],[150548.835,483000.655],[150547.403,483008.661],[150547.392,483008.704]],[[150359.71,482915.093],[150359.596,482915.915],[150359.497,482917.76],[150359.54,482919.159],[150359.554,482919.608],[150359.766,482921.444],[150360.199,482923.156],[150360.738,482924.838],[150361.381,482926.482],[150361.63,482927.007],[150363.497,482930.932],[150365.82,482935.277],[150368.346,482939.508],[150371.705,482944.651],[150375.012,482949.829],[150375.576,482950.732],[150375.912,482951.27],[150376.871,482952.807],[150378.266,482955.04],[150378.76,482955.854],[150380.719,482959.082],[150383.238,482963.083],[150385.812,482967.022],[150385.824,482967.041],[150385.829,482967.049],[150387.127,482968.852],[150388.521,482970.593],[150390.003,482972.261],[150390.013,482972.271],[150390.918,482973.227],[150391.787,482974.234],[150392.611,482975.279],[150392.742,482975.479],[150394.072,482977.505],[150394.344,482977.906],[150394.502,482978.138],[150395.569,482979.707],[150397.101,482981.885],[150401.116,482987.019],[150401.147,482987.053],[150405.273,482991.595],[150405.498,482991.842],[150410.139,482996.248],[150410.224,482996.328],[150412.381,482998.26],[150413.808,482999.537],[150417.347,483002.794],[150420.843,483006.099],[150420.906,483006.164],[150424.834,483010.198],[150427.112,483012.905],[150428.518,483014.575],[150430.173,483016.859],[150431.876,483019.208],[150431.877,483019.21],[150432.162,483019.754],[150432.391,483020.326],[150432.561,483020.918],[150432.659,483021.346],[150432.753,483021.775],[150432.843,483022.205],[150433.087,483023.007],[150433.393,483023.788],[150433.759,483024.542],[150436.513,483029.699],[150439.148,483034.918],[150441.661,483040.196],[150443.896,483045.551],[150446.031,483050.669],[150446.636,483052.265],[150450.057,483061.278],[150453.714,483071.948],[150453.736,483072.012],[150453.737,483072.014],[150453.961,483072.507],[150454.231,483072.978],[150454.544,483073.422],[150454.897,483073.835],[150455.287,483074.213],[150455.711,483074.553],[150463.048,483079.606],[150463.052,483079.608],[150464.465,483080.459],[150465.938,483081.211],[150467.459,483081.86],[150467.46,483081.86],[150468.042,483082.069],[150468.641,483082.229],[150469.251,483082.34],[150469.867,483082.399],[150470.487,483082.408],[150471.105,483082.366],[150471.717,483082.272],[150472.32,483082.129],[150473.821,483081.561],[150475.274,483080.88],[150476.67,483080.09],[150478.002,483079.194],[150478.294,483078.977],[150478.582,483078.755],[150478.866,483078.528],[150481.252,483076.355],[150483.616,483074.158],[150485.955,483071.942],[150485.958,483071.939],[150485.966,483071.931],[150489.622,483068.377],[150493.23,483064.759],[150496.782,483061.085],[150501.046,483056.587],[150505.305,483052.082],[150509.557,483047.572],[150509.678,483047.444],[150509.798,483047.316],[150509.919,483047.187],[150513.803,483042.966],[150517.59,483038.658],[150521.279,483034.266],[150524.761,483029.871],[150525.226,483029.242],[150528.091,483025.36],[150531.265,483020.737],[150531.279,483020.716],[150532.052,483019.523],[150532.814,483018.293],[150533.551,483017.049],[150534.244,483015.823],[150534.914,483014.585],[150535.557,483013.337],[150535.559,483013.333],[150536.516,483011.2],[150537.281,483008.991],[150537.846,483006.726],[150537.847,483006.722],[150537.851,483006.701],[150538.314,483004.333],[150538.746,483001.937],[150539.138,482999.557],[150539.142,482999.535],[150539.142,482999.531],[150539.547,482996.012],[150539.655,482992.467],[150539.464,482988.927],[150539.464,482988.925],[150539.464,482988.924],[150538.942,482985.231],[150538.092,482981.599],[150536.92,482978.057],[150536.919,482978.056],[150535.866,482975.574],[150534.629,482973.176],[150533.219,482970.883],[150533.216,482970.878],[150533.215,482970.876],[150532.998,482970.554],[150532.776,482970.232],[150532.551,482969.913],[150530.352,482967.125],[150527.897,482964.558],[150525.209,482962.238],[150523.564,482961.012],[150523.313,482960.842],[150521.864,482959.864],[150520.118,482958.8],[150520.113,482958.797],[150520.1,482958.789],[150516.966,482956.978],[150513.823,482955.153],[150510.697,482953.332],[150510.683,482953.324],[150510.663,482953.312],[150507.986,482951.748],[150505.292,482950.168],[150502.599,482948.585],[150500.019,482947.028],[150497.473,482945.416],[150494.977,482943.762],[150494.961,482943.751],[150494.523,482943.455],[150494.085,482943.159],[150493.647,482942.864],[150492.19,482941.891],[150490.728,482940.925],[150489.262,482939.966],[150485.634,482937.53],[150482.078,482934.989],[150478.598,482932.345],[150466.298,482923.071],[150446.195,482907.913],[150443.703,482906.055],[150441.19,482904.224],[150438.658,482902.42],[150434.729,482899.692],[150431.727,482897.652],[150425.76,482893.707],[150422.794,482891.804],[150419.866,482889.964],[150419.81,482889.929],[150419.75,482889.893],[150417.332,482888.441],[150416.412,482887.928],[150415.854,482887.617],[150414.808,482887.034],[150412.241,482885.707],[150410.752,482885.009],[150409.233,482884.377],[150407.689,482883.812],[150406.935,482883.564],[150406.176,482883.333],[150405.412,482883.117],[150405.406,482883.116],[150402.843,482882.52],[150400.237,482882.109],[150397.609,482881.885],[150395.667,482881.87],[150393.729,482882.015],[150391.811,482882.321],[150389.931,482882.782],[150389.924,482882.784],[150386.765,482883.856],[150384.38,482884.913],[150383.716,482885.208],[150383.263,482885.46],[150380.802,482886.829],[150380.699,482886.897],[150378.185,482888.557],[150378.066,482888.647],[150376.117,482890.117],[150375.681,482890.445],[150373.299,482892.485],[150372.953,482892.804],[150372.609,482893.126],[150372.269,482893.452],[150371.277,482894.425],[150370.303,482895.416],[150369.349,482896.42],[150369.346,482896.423],[150369.342,482896.427],[150367.945,482897.965],[150366.587,482899.543],[150365.272,482901.157],[150364.116,482902.767],[150363.12,482904.48],[150362.294,482906.281],[150362.17,482906.582],[150362.049,482906.883],[150361.931,482907.18],[150361.929,482907.185],[150361.925,482907.195],[150361.307,482908.862],[150360.748,482910.561],[150360.255,482912.28],[150359.849,482914.084],[150359.71,482915.093]],[[150273.263,483023.741],[150273.263,483023.751],[150273.237,483027.042],[150273.259,483027.403],[150273.302,483028.118],[150273.435,483030.327],[150273.857,483033.591],[150273.861,483033.613],[150273.862,483033.618],[150274.078,483034.766],[150274.332,483035.91],[150274.622,483037.037],[150274.624,483037.046],[150275.858,483040.616],[150276.993,483043.2],[150277.378,483044.075],[150279.172,483047.4],[150281.219,483050.553],[150281.23,483050.569],[150281.244,483050.588],[150284.637,483055.152],[150288.278,483059.553],[150292.141,483063.759],[150292.916,483064.588],[150293.071,483064.754],[150293.341,483065.043],[150294.886,483066.695],[150297.649,483069.615],[150300.41,483072.494],[150300.431,483072.516],[150300.438,483072.523],[150309.198,483080.864],[150318.04,483089.131],[150326.95,483097.31],[150326.958,483097.317],[150326.964,483097.322],[150327.267,483097.574],[150327.35,483097.631],[150327.597,483097.802],[150327.947,483098],[150328.312,483098.165],[150328.691,483098.298],[150329.08,483098.396],[150329.476,483098.459],[150329.578,483098.466],[150329.877,483098.487],[150330.278,483098.479],[150330.677,483098.435],[150331.07,483098.356],[150331.455,483098.242],[150331.828,483098.094],[150332.187,483097.914],[150332.528,483097.702],[150332.849,483097.461],[150333.147,483097.192],[150333.419,483096.898],[150333.665,483096.58],[150350.885,483072.136],[150359.368,483060.094],[150360.773,483058.066],[150365.671,483050.997],[150372.135,483041.59],[150377.774,483033.261],[150381.399,483027.752],[150383.105,483025.049],[150383.204,483024.856],[150383.79,483023.709],[150384.56,483022.204],[150385.754,483019.239],[150386.192,483017.785],[150386.363,483017.219],[150386.487,483016.808],[150386.676,483016.179],[150387.314,483013.069],[150387.318,483013.049],[150387.785,483009.424],[150387.809,483009.238],[150387.867,483008.038],[150387.977,483005.725],[150387.993,483005.401],[150387.87,483001.561],[150387.77,483000.673],[150387.584,482999.024],[150387.44,482997.743],[150386.706,482993.972],[150385.672,482990.271],[150383.551,482984.504],[150381.145,482978.849],[150378.466,482973.334],[150378.46,482973.322],[150376.289,482969.023],[150374.031,482964.769],[150371.768,482960.712],[150371.685,482960.563],[150368.268,482954.908],[150364.713,482949.339],[150361.058,482943.911],[150361.023,482943.858],[150361.021,482943.855],[150359.676,482941.965],[150358.252,482940.128],[150356.754,482938.351],[150355.121,482936.656],[150354.406,482936.045],[150353.508,482935.276],[150353.332,482935.126],[150351.404,482933.776],[150351.381,482933.763],[150350.033,482932.998],[150348.605,482932.368],[150348.591,482932.362],[150347.092,482931.875],[150346.174,482931.669],[150345.242,482931.542],[150344.361,482931.499],[150344.303,482931.496],[150343.363,482931.529],[150342.43,482931.643],[150340.977,482931.946],[150339.554,482932.368],[150338.17,482932.906],[150338.168,482932.907],[150338.09,482932.944],[150336.264,482933.825],[150336.136,482933.898],[150334.434,482934.869],[150332.692,482936.029],[150332.68,482936.037],[150332.678,482936.038],[150332.648,482936.061],[150330.168,482937.951],[150327.764,482939.967],[150325.458,482942.094],[150321.598,482945.957],[150317.866,482949.944],[150314.266,482954.051],[150311.315,482957.573],[150308.437,482961.154],[150306.372,482963.834],[150306.109,482964.175],[150305.632,482964.794],[150299.408,482973.343],[150294.191,482980.812],[150293.353,482982.012],[150289.338,482988.007],[150287.48,482990.781],[150287.469,482990.798],[150283.807,482996.495],[150280.378,483002.334],[150277.188,483008.308],[150275.74,483011.571],[150274.711,483014.664],[150274.613,483014.959],[150273.83,483018.39],[150273.819,483018.44],[150273.818,483018.446],[150273.367,483021.965],[150273.365,483021.981],[150273.324,483022.57],[150273.29,483023.16],[150273.263,483023.741]],[[150374.133,483137.804],[150375.573,483138.963],[150377.212,483140.236],[150378.857,483141.5],[150380.497,483142.745],[150380.51,483142.755],[150380.529,483142.77],[150383.44,483144.95],[150386.415,483147.083],[150389.434,483149.153],[150391.267,483150.379],[150393.203,483151.437],[150395.225,483152.317],[150397.318,483153.013],[150398.376,483153.262],[150398.536,483153.3],[150399.465,483153.519],[150401.417,483153.797],[150401.648,483153.83],[150403.851,483153.946],[150406.055,483153.863],[150406.06,483153.862],[150407.754,483153.66],[150409.442,483153.382],[150411.117,483153.03],[150412.253,483152.747],[150413.376,483152.414],[150414.471,483152.035],[150414.482,483152.031],[150414.515,483152.02],[150415.465,483151.693],[150416.443,483151.34],[150417.415,483150.973],[150420.127,483149.856],[150422.751,483148.547],[150425.275,483147.054],[150425.305,483147.032],[150430.027,483143.561],[150434.513,483139.731],[150438.703,483135.589],[150438.707,483135.585],[150438.714,483135.578],[150441.459,483132.687],[150444.163,483129.743],[150446.776,483126.801],[150446.817,483126.755],[150446.822,483126.75],[150448.517,483124.826],[150450.025,483122.744],[150450.411,483122.087],[150450.515,483121.91],[150451.328,483120.527],[150452.412,483118.196],[150453.27,483115.772],[150453.677,483113.785],[150453.893,483112.063],[150453.929,483111.773],[150454.024,483109.748],[150453.962,483107.721],[150453.961,483107.714],[150453.452,483102.934],[150453.172,483101.318],[150452.933,483099.942],[150452.629,483098.192],[150451.498,483093.53],[150451.494,483093.514],[150449.983,483088.045],[150448.332,483082.616],[150446.543,483077.231],[150442.699,483065.945],[150439.943,483058.456],[150437.941,483053.385],[150437.012,483051.032],[150436.577,483050.003],[150436.142,483048.971],[150433.962,483043.809],[150433.908,483043.68],[150433.338,483042.457],[150432.761,483041.237],[150432.201,483040.069],[150432.177,483040.02],[150429.908,483036.478],[150427.315,483033.166],[150424.42,483030.114],[150421.26,483027.357],[150421.25,483027.349],[150419.682,483026.11],[150418.863,483025.568],[150418.016,483025.006],[150416.263,483024.045],[150414.436,483023.236],[150414.433,483023.235],[150413.526,483022.881],[150412.587,483022.612],[150412.174,483022.534],[150411.627,483022.431],[150410.655,483022.339],[150409.679,483022.338],[150408.842,483022.415],[150408.706,483022.427],[150407.746,483022.606],[150406.807,483022.873],[150404.148,483023.971],[150403.734,483024.18],[150401.58,483025.268],[150399.119,483026.756],[150397.216,483028.28],[150395.407,483029.914],[150394.794,483030.537],[150393.707,483031.645],[150393.699,483031.653],[150393.694,483031.659],[150391.924,483033.491],[150390.221,483035.397],[150388.605,483037.354],[150388.594,483037.368],[150383.584,483043.711],[150382.641,483044.905],[150371.033,483060.583],[150358.737,483077.919],[150351.097,483088.764],[150339.816,483104.779],[150339.816,483104.78],[150339.654,483105.031],[150339.514,483105.296],[150339.397,483105.572],[150339.305,483105.857],[150339.237,483106.149],[150339.194,483106.445],[150339.177,483106.744],[150339.186,483107.044],[150339.22,483107.341],[150339.279,483107.635],[150339.364,483107.922],[150339.472,483108.201],[150339.604,483108.47],[150339.759,483108.727],[150339.935,483108.969],[150340.131,483109.196],[150340.345,483109.405],[150351.884,483119.499],[150363.628,483129.353],[150374.133,483137.804]]]},"id":"7c576281-84bf-56e2-8d4f-c66d8eee6891"},{"type":"Feature","properties":{"bronhouder":"G0034","creation_date":"2020-03-24T23:00:00Z","eind_registratie":"2023-06-02T10:24:06Z","functie":"rijbaan lokale weg","functie_codespace":"http://www.geostandaarden.nl/imgeo/def/2.1#FunctieWeg","fysiek_voorkomen":"open verharding","fysiek_voorkomen_codespace":"http://www.geostandaarden.nl/imgeo/def/2.1#FysiekVoorkomenWeg","in_onderzoek":null,"in_onderzoek_leeg":"geenWaarde","kruinlijn_leeg":"waardeOnbekend","lokaal_id":"G0034.0a2bb350ec204a21a0998825123c9cc9","lv_publicatiedatum":"2020-07-28T13:56:18Z","op_talud":"false","op_talud_leeg":null,"plus_functie":null,"plus_functie_codespace":"http://www.geostandaarden.nl/imgeo/def/2.1#VoidReasonValue","plus_functie_leeg":"waardeOnbekend","plus_fysiek_voorkomen":null,"plus_fysiek_voorkomen_codespace":"http://www.geostandaarden.nl/imgeo/def/2.1#VoidReasonValue","plus_fysiek_voorkomen_leeg":"waardeOnbekend","plus_status":null,"plus_status_codespace":"http://www.geostandaarden.nl/imgeo/def/2.1#VoidReasonValue","plus_status_leeg":"geenWaarde","relatieve_hoogteligging":0,"status":"bestaand","status_codespace":"http://www.geostandaarden.nl/imgeo/def/2.1#Status","status_leeg":null,"termination_date":null,"termination_date_leeg":"geenWaarde","tijdstip_registratie":"2020-07-28T13:48:22Z","version":"b1f1e6ae-7aef-86a6-34f0-ba46cfe00028"},"geometry":{"type":"Polygon","coordinates":[[[150299.847,483143.5],[150324.618,483108.337],[150317.432,483101.825],[150309.742,483094.658],[150300.439,483085.931],[150294.219,483080.117],[150294.214,483080.112],[150294.209,483080.108],[150294.208,483080.107],[150294.206,483080.105],[150285.031,483070.431],[150283.328,483068.643],[150282.58,483067.766],[150278.51,483062.992],[150274.442,483057.796],[150271.533,483053.517],[150268.855,483048.788],[150268.709,483048.53],[150268.244,483047.446],[150266.62,483043.653],[150266.466,483043.294],[150265.283,483039.841],[150251.62,483044.053],[150245.793,483045.849],[150243.878,483039.637],[150249.982,483037.756],[150263.979,483033.442],[150263.642,483029.414],[150263.492,483025.6],[150263.476,483025.175],[150263.504,483024.655],[150263.768,483019.875],[150263.776,483019.823],[150264.057,483017.861],[150264.15,483017.371],[150264.668,483014.652],[150265.054,483012.625],[150266.504,483008.489],[150266.715,483007.887],[150268.491,483003.901],[150268.507,483003.872],[150270.619,482999.825],[150271.35,482998.551],[150273.194,482995.337],[150275.207,482991.898],[150276.6,482989.519],[150279.575,482985.064],[150279.653,482984.945],[150280.885,482983.072],[150280.959,482982.96],[150281.964,482981.474],[150285.404,482976.387],[150292.465,482966.164],[150297.727,482959.087],[150297.732,482959.079],[150301.168,482954.639],[150301.768,482953.864],[150302.495,482952.985],[150306.71,482947.887],[150306.726,482947.868],[150306.731,482947.862],[150313.231,482940.732],[150317.496,482936.271],[150317.93,482935.816],[150318.678,482935.088],[150318.684,482935.082],[150322.683,482931.507],[150323.614,482930.675],[150326.956,482928.144],[150329.096,482926.685],[150329.437,482926.504],[150331.754,482925.273],[150334.241,482923.983],[150334.252,482923.978],[150336.322,482923.112],[150337.984,482922.613],[150340.746,482922.04],[150341.175,482921.849],[150341.656,482921.636],[150341.834,482921.551],[150342.604,482921.184],[150342.633,482921.17],[150342.683,482921.139],[150344.322,482920.132],[150345.875,482918.79],[150347.879,482916.487],[150348.117,482916.213],[150348.315,482915.808],[150349.479,482913.419],[150350.803,482909.889],[150350.808,482909.872],[150352.413,482904.819],[150352.437,482904.743],[150352.456,482904.695],[150353.765,482901.434],[150355.676,482897.928],[150357.589,482895.155],[150357.594,482895.148],[150357.599,482895.141],[150362.208,482889.781],[150362.218,482889.771],[150362.233,482889.755],[150365.5,482886.434],[150368.528,482883.706],[150368.532,482883.702],[150371.707,482881.139],[150373.032,482880.27],[150375.585,482878.595],[150375.683,482878.531],[150375.724,482878.507],[150378.333,482877.026],[150379.432,482876.402],[150382.438,482875.065],[150382.156,482872.749],[150382.282,482871.454],[150382.393,482870.327],[150382.861,482867.843],[150382.868,482867.81],[150382.885,482867.759],[150383.809,482865.108],[150384.291,482864.153],[150385.53,482862.079],[150396.491,482846.52],[150417.585,482816.577],[150422.899,482820.32],[150390.844,482865.822],[150389.563,482867.823],[150388.981,482870.15],[150388.76,482873.01],[150391.556,482872.394],[150394.713,482872.145],[150398.088,482872.146],[150402.853,482872.56],[150407.958,482873.706],[150412.407,482875.151],[150416.576,482876.974],[150421.21,482879.459],[150424.961,482881.65],[150434.087,482887.505],[150443.296,482893.764],[150452.065,482900.128],[150454.617,482902.052],[150474.589,482917.111],[150484.541,482924.615],[150489.618,482928.241],[150494.577,482931.792],[150500.434,482935.683],[150505.151,482938.547],[150507.548,482940.184],[150512.294,482942.869],[150516.004,482945.141],[150520.684,482947.856],[150524.987,482950.353],[150529.073,482952.926],[150531.219,482954.561],[150534.389,482957.248],[150536.527,482959.417],[150541.327,482965.466],[150546.031,482974.584],[150546.789,482976.714],[150549.501,482976.045],[150553.531,482974.235],[150556.148,482971.502],[150568.216,482954.371],[150569.851,482955.523],[150573.53,482958.114],[150569.074,482964.44],[150561.462,482975.246],[150556.438,482979.907],[150551.06,482982.354],[150551.058,482982.355],[150549.637,482982.706],[150548.442,482983.001],[150549.17,482987.994],[150549.205,482997.539],[150549.205,482997.541],[150549.204,482997.547],[150548.835,483000.655],[150547.403,483008.661],[150547.392,483008.704],[150546.554,483012.197],[150546.1,483013.293],[150544.268,483017.717],[150539.308,483026.252],[150539.272,483026.304],[150534.634,483033.141],[150528.855,483040.402],[150528.816,483040.451],[150525.463,483044.447],[150525.186,483044.777],[150525.085,483044.889],[150517.019,483053.87],[150508.76,483062.522],[150501.346,483070.813],[150494.514,483077.212],[150485.227,483085.921],[150482.595,483087.83],[150478.961,483089.866],[150474.745,483091.59],[150474.743,483091.591],[150472.264,483092.537],[150471.257,483092.921],[150470.141,483093.784],[150468.986,483094.676],[150468.059,483095.393],[150467.484,483096.16],[150465.953,483098.203],[150465.442,483098.884],[150465.143,483099.646],[150464.304,483101.783],[150464.25,483101.922],[150464.242,483101.973],[150463.602,483106.014],[150463.745,483109.989],[150463.843,483112.702],[150463.313,483115.267],[150462.678,483118.342],[150462.668,483118.372],[150461.808,483120.992],[150460.355,483124.919],[150457.447,483129.137],[150457.261,483129.37],[150454.489,483132.831],[150449.743,483137.864],[150445.766,483142.311],[150445.761,483142.316],[150440.004,483148.191],[150435.207,483151.682],[150430.653,483155.187],[150425.759,483157.791],[150419.588,483160.547],[150419.582,483160.549],[150423.497,483176.584],[150421.069,483177.177],[150417.183,483178.125],[150415.079,483169.511],[150413.371,483162.516],[150406.933,483163.574],[150406.922,483163.574],[150403,483163.653],[150402.514,483163.663],[150402.083,483163.608],[150397.158,483162.979],[150396.396,483162.882],[150395.626,483162.625],[150390.829,483161.025],[150389.855,483160.7],[150389.282,483160.361],[150383.84,483157.141],[150383.839,483157.14],[150383.837,483157.139],[150369.569,483146.644],[150369.561,483146.638],[150369.544,483146.624],[150358.893,483137.864],[150341.233,483123.184],[150341.204,483123.159],[150335.577,483118.181],[150334.434,483117.85],[150333.572,483117.643],[150332.935,483117.36],[150332.252,483117.313],[150331.167,483117.619],[150330.06,483118.209],[150324.919,483124.84],[150323.659,483127.243],[150322.656,483129.079],[150316.719,483137.886],[150316.295,483138.263],[150312.155,483144.232],[150308.298,483149.356],[150308.298,483149.453],[150307.818,483149.115],[150299.847,483143.5]],[[150359.71,482915.093],[150359.596,482915.915],[150359.497,482917.76],[150359.54,482919.159],[150359.554,482919.608],[150359.766,482921.444],[150360.199,482923.156],[150360.738,482924.838],[150361.381,482926.482],[150361.63,482927.007],[150363.497,482930.932],[150365.82,482935.277],[150368.346,482939.508],[150371.705,482944.651],[150375.012,482949.829],[150375.576,482950.732],[150375.912,482951.27],[150376.871,482952.807],[150378.266,482955.04],[150378.76,482955.854],[150380.719,482959.082],[150383.238,482963.083],[150385.812,482967.022],[150385.824,482967.041],[150385.829,482967.049],[150387.127,482968.852],[150388.521,482970.593],[150390.003,482972.261],[150390.013,482972.271],[150390.918,482973.227],[150391.787,482974.234],[150392.611,482975.279],[150392.742,482975.479],[150394.072,482977.505],[150394.344,482977.906],[150394.502,482978.138],[150395.569,482979.707],[150397.101,482981.885],[150401.116,482987.019],[150401.147,482987.053],[150405.273,482991.595],[150405.498,482991.842],[150410.139,482996.248],[150410.224,482996.328],[150412.381,482998.26],[150413.808,482999.537],[150417.347,483002.794],[150420.843,483006.099],[150420.906,483006.164],[150424.834,483010.198],[150427.112,483012.905],[150428.518,483014.575],[150430.173,483016.859],[150431.876,483019.208],[150431.877,483019.21],[150432.162,483019.754],[150432.391,483020.326],[150432.561,483020.918],[150432.659,483021.346],[150432.753,483021.775],[150432.843,483022.205],[150433.087,483023.007],[150433.393,483023.788],[150433.759,483024.542],[150436.513,483029.699],[150439.148,483034.918],[150441.661,483040.196],[150443.896,483045.551],[150446.031,483050.669],[150446.636,483052.265],[150450.057,483061.278],[150453.714,483071.948],[150453.736,483072.012],[150453.737,483072.014],[150453.961,483072.507],[150454.231,483072.978],[150454.544,483073.422],[150454.897,483073.835],[150455.287,483074.213],[150455.711,483074.553],[150463.048,483079.606],[150463.052,483079.608],[150464.465,483080.459],[150465.938,483081.211],[150467.459,483081.86],[150467.46,483081.86],[150468.042,483082.069],[150468.641,483082.229],[150469.251,483082.34],[150469.867,483082.399],[150470.487,483082.408],[150471.105,483082.366],[150471.717,483082.272],[150472.32,483082.129],[150473.821,483081.561],[150475.274,483080.88],[150476.67,483080.09],[150478.002,483079.194],[150478.294,483078.977],[150478.582,483078.755],[150478.866,483078.528],[150481.252,483076.355],[150483.616,483074.158],[150485.955,483071.942],[150485.958,483071.939],[150485.966,483071.931],[150489.622,483068.377],[150493.23,483064.759],[150496.782,483061.085],[150501.046,483056.587],[150505.305,483052.082],[150509.557,483047.572],[150509.678,483047.444],[150509.798,483047.316],[150509.919,483047.187],[150513.803,483042.966],[150517.59,483038.658],[150521.279,483034.266],[150524.761,483029.871],[150525.226,483029.242],[150528.091,483025.36],[150531.265,483020.737],[150531.279,483020.716],[150532.052,483019.523],[150532.814,483018.293],[150533.551,483017.049],[150534.244,483015.823],[150534.914,483014.585],[150535.557,483013.337],[150535.559,483013.333],[150536.516,483011.2],[150537.281,483008.991],[150537.846,483006.726],[150537.847,483006.722],[150537.851,483006.701],[150538.314,483004.333],[150538.746,483001.937],[150539.138,482999.557],[150539.142,482999.535],[150539.142,482999.531],[150539.547,482996.012],[150539.655,482992.467],[150539.464,482988.927],[150539.464,482988.924],[150538.942,482985.231],[150538.092,482981.599],[150536.92,482978.057],[150536.919,482978.056],[150535.866,482975.574],[150534.629,482973.176],[150533.219,482970.883],[150533.216,482970.878],[150533.215,482970.876],[150532.998,482970.554],[150532.776,482970.232],[150532.551,482969.913],[150530.352,482967.125],[150527.897,482964.558],[150525.209,482962.238],[150523.564,482961.012],[150523.313,482960.842],[150521.864,482959.864],[150520.118,482958.8],[150520.113,482958.797],[150520.1,482958.789],[150516.966,482956.978],[150513.823,482955.153],[150510.697,482953.332],[150510.683,482953.324],[150510.663,482953.312],[150507.986,482951.748],[150505.292,482950.168],[150502.599,482948.585],[150500.019,482947.028],[150497.473,482945.416],[150494.977,482943.762],[150494.961,482943.751],[150494.523,482943.455],[150494.085,482943.159],[150493.647,482942.864],[150492.19,482941.891],[150490.728,482940.925],[150489.262,482939.966],[150485.634,482937.53],[150482.078,482934.989],[150478.598,482932.345],[150466.298,482923.071],[150446.195,482907.913],[150443.703,482906.055],[150441.19,482904.224],[150438.658,482902.42],[150434.729,482899.692],[150431.727,482897.652],[150425.76,482893.707],[150422.794,482891.804],[150419.866,482889.964],[150419.81,482889.929],[150419.75,482889.893],[150417.332,482888.441],[150416.412,482887.928],[150415.854,482887.617],[150414.808,482887.034],[150412.241,482885.707],[150410.752,482885.009],[150409.233,482884.377],[150407.689,482883.812],[150406.935,482883.564],[150406.176,482883.333],[150405.412,482883.117],[150405.406,482883.116],[150402.843,482882.52],[150400.237,482882.109],[150397.609,482881.885],[150395.667,482881.87],[150393.729,482882.015],[150391.811,482882.321],[150389.931,482882.782],[150389.924,482882.784],[150386.765,482883.856],[150384.38,482884.913],[150383.716,482885.208],[150383.263,482885.46],[150380.802,482886.829],[150380.699,482886.897],[150378.185,482888.557],[150378.066,482888.647],[150376.117,482890.117],[150375.681,482890.445],[150373.299,482892.485],[150372.953,482892.804],[150372.609,482893.126],[150372.269,482893.452],[150371.277,482894.425],[150370.303,482895.416],[150369.349,482896.42],[150369.346,482896.423],[150369.342,482896.427],[150367.945,482897.965],[150366.587,482899.543],[150365.272,482901.157],[150364.116,482902.767],[150363.12,482904.48],[150362.294,482906.281],[150362.17,482906.582],[150362.049,482906.883],[150361.931,482907.18],[150361.925,482907.195],[150361.307,482908.862],[150360.748,482910.561],[150360.255,482912.28],[150359.849,482914.084],[150359.71,482915.093]],[[150273.263,483023.741],[150273.263,483023.751],[150273.237,483027.042],[150273.259,483027.403],[150273.302,483028.118],[150273.435,483030.327],[150273.857,483033.591],[150273.861,483033.613],[150273.862,483033.618],[150274.078,483034.766],[150274.332,483035.91],[150274.622,483037.037],[150274.624,483037.046],[150275.858,483040.616],[150276.993,483043.2],[150277.378,483044.075],[150279.172,483047.4],[150281.219,483050.553],[150281.23,483050.569],[150281.244,483050.588],[150284.637,483055.152],[150288.278,483059.553],[150292.141,483063.759],[150292.916,483064.588],[150293.071,483064.754],[150293.341,483065.043],[150294.886,483066.695],[150297.649,483069.615],[150300.41,483072.494],[150300.431,483072.516],[150300.438,483072.523],[150309.198,483080.864],[150318.04,483089.131],[150326.95,483097.31],[150326.958,483097.317],[150326.964,483097.322],[150327.267,483097.574],[150327.35,483097.631],[150327.597,483097.802],[150327.947,483098],[150328.312,483098.165],[150328.691,483098.298],[150329.08,483098.396],[150329.476,483098.459],[150329.578,483098.466],[150329.877,483098.487],[150330.278,483098.479],[150330.677,483098.435],[150331.07,483098.356],[150331.455,483098.242],[150331.828,483098.094],[150332.187,483097.914],[150332.528,483097.702],[150332.849,483097.461],[150333.147,483097.192],[150333.419,483096.898],[150333.665,483096.58],[150350.885,483072.136],[150359.368,483060.094],[150360.773,483058.066],[150365.671,483050.997],[150372.135,483041.59],[150377.774,483033.261],[150381.399,483027.752],[150383.105,483025.049],[150383.204,483024.856],[150383.79,483023.709],[150384.56,483022.204],[150385.754,483019.239],[150386.192,483017.785],[150386.363,483017.219],[150386.487,483016.808],[150386.676,483016.179],[150387.314,483013.069],[150387.318,483013.049],[150387.785,483009.424],[150387.809,483009.238],[150387.867,483008.038],[150387.977,483005.725],[150387.993,483005.401],[150387.87,483001.561],[150387.77,483000.673],[150387.584,482999.024],[150387.44,482997.743],[150386.706,482993.972],[150385.672,482990.271],[150383.551,482984.504],[150381.145,482978.849],[150378.466,482973.334],[150378.46,482973.322],[150376.289,482969.023],[150374.031,482964.769],[150371.768,482960.712],[150371.685,482960.563],[150368.268,482954.908],[150364.713,482949.339],[150361.058,482943.911],[150361.023,482943.858],[150361.021,482943.855],[150359.676,482941.965],[150358.252,482940.128],[150356.754,482938.351],[150355.121,482936.656],[150354.406,482936.045],[150353.508,482935.276],[150353.332,482935.126],[150351.404,482933.776],[150351.381,482933.763],[150350.033,482932.998],[150348.605,482932.368],[150348.591,482932.362],[150347.092,482931.875],[150346.174,482931.669],[150345.242,482931.542],[150344.361,482931.499],[150344.303,482931.496],[150343.363,482931.529],[150342.43,482931.643],[150340.977,482931.946],[150339.554,482932.368],[150338.17,482932.906],[150338.168,482932.907],[150338.09,482932.944],[150336.264,482933.825],[150336.136,482933.898],[150334.434,482934.869],[150332.692,482936.029],[150332.68,482936.037],[150332.678,482936.038],[150332.648,482936.061],[150330.168,482937.951],[150327.764,482939.967],[150325.458,482942.094],[150321.598,482945.957],[150317.866,482949.944],[150314.266,482954.051],[150311.315,482957.573],[150308.437,482961.154],[150306.372,482963.834],[150306.109,482964.175],[150305.632,482964.794],[150299.408,482973.343],[150294.191,482980.812],[150293.353,482982.012],[150289.338,482988.007],[150287.48,482990.781],[150287.469,482990.798],[150283.807,482996.495],[150280.378,483002.334],[150277.188,483008.308],[150275.74,483011.571],[150274.711,483014.664],[150274.613,483014.959],[150273.83,483018.39],[150273.819,483018.44],[150273.818,483018.446],[150273.367,483021.965],[150273.365,483021.981],[150273.324,483022.57],[150273.29,483023.16],[150273.263,483023.741]],[[150374.133,483137.804],[150375.573,483138.963],[150377.212,483140.236],[150378.857,483141.5],[150380.497,483142.745],[150380.51,483142.755],[150380.529,483142.77],[150383.44,483144.95],[150386.415,483147.083],[150389.434,483149.153],[150391.267,483150.379],[150393.203,483151.437],[150395.225,483152.317],[150397.318,483153.013],[150398.376,483153.262],[150398.536,483153.3],[150399.465,483153.519],[150401.417,483153.797],[150401.648,483153.83],[150403.851,483153.946],[150406.055,483153.863],[150406.06,483153.862],[150407.754,483153.66],[150409.442,483153.382],[150411.117,483153.03],[150412.253,483152.747],[150413.376,483152.414],[150414.471,483152.035],[150414.482,483152.031],[150414.515,483152.02],[150415.465,483151.693],[150416.443,483151.34],[150417.415,483150.973],[150420.127,483149.856],[150422.751,483148.547],[150425.275,483147.054],[150425.305,483147.032],[150430.027,483143.561],[150434.513,483139.731],[150438.703,483135.589],[150438.707,483135.585],[150438.714,483135.578],[150441.459,483132.687],[150444.163,483129.743],[150446.776,483126.801],[150446.817,483126.755],[150446.822,483126.75],[150448.517,483124.826],[150450.025,483122.744],[150450.411,483122.087],[150450.515,483121.91],[150451.328,483120.527],[150452.412,483118.196],[150453.27,483115.772],[150453.677,483113.785],[150453.893,483112.063],[150453.929,483111.773],[150454.024,483109.748],[150453.962,483107.721],[150453.961,483107.714],[150453.452,483102.934],[150453.172,483101.318],[150452.933,483099.942],[150452.629,483098.192],[150451.498,483093.53],[150451.494,483093.514],[150449.983,483088.045],[150448.332,483082.616],[150446.543,483077.231],[150442.699,483065.945],[150439.943,483058.456],[150437.941,483053.385],[150437.012,483051.032],[150436.577,483050.003],[150436.142,483048.971],[150433.962,483043.809],[150433.908,483043.68],[150433.338,483042.457],[150432.761,483041.237],[150432.201,483040.069],[150432.177,483040.02],[150429.908,483036.478],[150427.315,483033.166],[150424.42,483030.114],[150421.26,483027.357],[150421.25,483027.349],[150419.682,483026.11],[150418.863,483025.568],[150418.016,483025.006],[150416.263,483024.045],[150414.436,483023.236],[150414.433,483023.235],[150413.526,483022.881],[150412.587,483022.612],[150412.174,483022.534],[150411.627,483022.431],[150410.655,483022.339],[150409.679,483022.338],[150408.842,483022.415],[150408.706,483022.427],[150407.746,483022.606],[150406.807,483022.873],[150404.148,483023.971],[150403.734,483024.18],[150401.58,483025.268],[150399.119,483026.756],[150397.216,483028.28],[150395.407,483029.914],[150394.794,483030.537],[150393.707,483031.645],[150393.699,483031.653],[150393.694,483031.659],[150391.924,483033.491],[150390.221,483035.397],[150388.605,483037.354],[150388.594,483037.368],[150383.584,483043.711],[150382.641,483044.905],[150371.033,483060.583],[150358.737,483077.919],[150351.097,483088.764],[150339.816,483104.779],[150339.816,483104.78],[150339.654,483105.031],[150339.514,483105.296],[150339.397,483105.572],[150339.305,483105.857],[150339.237,483106.149],[150339.194,483106.445],[150339.177,483106.744],[150339.186,483107.044],[150339.22,483107.341],[150339.279,483107.635],[150339.364,483107.922],[150339.472,483108.201],[150339.604,483108.47],[150339.759,483108.727],[150339.935,483108.969],[150340.131,483109.196],[150340.345,483109.405],[150351.884,483119.499],[150363.628,483129.353],[150374.133,483137.804]]]},"id":"0ed18574-ca40-5fe9-8408-a22ed37a553d"},{"type":"Feature","properties":{"bronhouder":"G0034","creation_date":"2020-07-26T22:00:00Z","eind_registratie":"2023-10-19T06:35:57Z","functie":"rijbaan lokale weg","functie_codespace":"http://www.geostandaarden.nl/imgeo/def/2.1#FunctieWeg","fysiek_voorkomen":"open verharding","fysiek_voorkomen_codespace":"http://www.geostandaarden.nl/imgeo/def/2.1#FysiekVoorkomenWeg","in_onderzoek":null,"in_onderzoek_leeg":"geenWaarde","kruinlijn_leeg":"waardeOnbekend","lokaal_id":"G0034.f5f9a7f64fa546beb6f63ac46e7f1372","lv_publicatiedatum":"2020-07-27T16:18:12Z","op_talud":"false","op_talud_leeg":null,"plus_functie":null,"plus_functie_codespace":"http://www.geostandaarden.nl/imgeo/def/2.1#VoidReasonValue","plus_functie_leeg":"waardeOnbekend","plus_fysiek_voorkomen":null,"plus_fysiek_voorkomen_codespace":"http://www.geostandaarden.nl/imgeo/def/2.1#VoidReasonValue","plus_fysiek_voorkomen_leeg":"waardeOnbekend","plus_status":null,"plus_status_codespace":"http://www.geostandaarden.nl/imgeo/def/2.1#VoidReasonValue","plus_status_leeg":"geenWaarde","relatieve_hoogteligging":0,"status":"bestaand","status_codespace":"http://www.geostandaarden.nl/imgeo/def/2.1#Status","status_leeg":null,"termination_date":"2023-10-18T22:00:00Z","termination_date_leeg":null,"tijdstip_registratie":"2020-07-27T16:03:44Z","version":"1d0a341f-22dd-9b0a-667f-86da3e6a246a"},"geometry":{"type":"Polygon","coordinates":[[[150183.156,483061.297],[150179.477,483058.705],[150306.176,482878.851],[150372.446,482784.778],[150371.6,482779.902],[150364.141,482774.647],[150366.733,482770.968],[150378.996,482779.607],[150391.258,482788.245],[150388.666,482791.924],[150381.002,482786.524],[150376.125,482787.37],[150355.032,482817.314],[150307.472,482884.827],[150183.156,483061.297]]]},"id":"d2e80662-baa2-56a3-9989-411cd520d11c"},{"type":"Feature","properties":{"bronhouder":"G0034","creation_date":"2020-07-26T22:00:00Z","eind_registratie":"2023-10-19T06:35:57Z","functie":"rijbaan lokale weg","functie_codespace":"http://www.geostandaarden.nl/imgeo/def/2.1#FunctieWeg","fysiek_voorkomen":"open verharding","fysiek_voorkomen_codespace":"http://www.geostandaarden.nl/imgeo/def/2.1#FysiekVoorkomenWeg","in_onderzoek":null,"in_onderzoek_leeg":"geenWaarde","kruinlijn_leeg":"waardeOnbekend","lokaal_id":"G0034.f5f9a7f64fa546beb6f63ac46e7f1372","lv_publicatiedatum":"2023-10-19T06:52:43Z","op_talud":"false","op_talud_leeg":null,"plus_functie":null,"plus_functie_codespace":"http://www.geostandaarden.nl/imgeo/def/2.1#VoidReasonValue","plus_functie_leeg":"waardeOnbekend","plus_fysiek_voorkomen":null,"plus_fysiek_voorkomen_codespace":"http://www.geostandaarden.nl/imgeo/def/2.1#VoidReasonValue","plus_fysiek_voorkomen_leeg":"waardeOnbekend","plus_status":null,"plus_status_codespace":"http://www.geostandaarden.nl/imgeo/def/2.1#VoidReasonValue","plus_status_leeg":"geenWaarde","relatieve_hoogteligging":0,"status":"bestaand","status_codespace":"http://www.geostandaarden.nl/imgeo/def/2.1#Status","status_leeg":null,"termination_date":"2023-10-18T22:00:00Z","termination_date_leeg":null,"tijdstip_registratie":"2020-07-27T16:03:44Z","version":"8c2f8a4a-7e8c-28c2-47f6-800842932d9a"},"geometry":{"type":"Polygon","coordinates":[[[150183.156,483061.297],[150179.477,483058.705],[150306.176,482878.851],[150372.446,482784.778],[150371.6,482779.902],[150364.141,482774.647],[150366.733,482770.968],[150378.996,482779.607],[150391.258,482788.245],[150388.666,482791.924],[150381.002,482786.524],[150376.125,482787.37],[150355.032,482817.314],[150307.472,482884.827],[150183.156,483061.297]]]},"id":"ab09f461-0ff2-5df0-bdf1-9bee62f7cc17"},{"type":"Feature","properties":{"bronhouder":"G0034","creation_date":"2023-10-18T22:00:00Z","eind_registratie":null,"functie":"inrit","functie_codespace":"http://www.geostandaarden.nl/imgeo/def/2.1#FunctieWeg","fysiek_voorkomen":"half verhard","fysiek_voorkomen_codespace":"http://www.geostandaarden.nl/imgeo/def/2.1#FysiekVoorkomenWeg","in_onderzoek":null,"in_onderzoek_leeg":"geenWaarde","kruinlijn_leeg":"waardeOnbekend","lokaal_id":"G0034.47cea92921b74147b49c4554403caedd","lv_publicatiedatum":"2023-10-19T06:52:43Z","op_talud":"false","op_talud_leeg":null,"plus_functie":null,"plus_functie_codespace":"http://www.geostandaarden.nl/imgeo/def/2.1#VoidReasonValue","plus_functie_leeg":"waardeOnbekend","plus_fysiek_voorkomen":"grind","plus_fysiek_voorkomen_codespace":"http://www.geostandaarden.nl/imgeo/def/2.1#FysiekVoorkomenWegPlus","plus_fysiek_voorkomen_leeg":null,"plus_status":null,"plus_status_codespace":"http://www.geostandaarden.nl/imgeo/def/2.1#VoidReasonValue","plus_status_leeg":"geenWaarde","relatieve_hoogteligging":0,"status":"bestaand","status_codespace":"http://www.geostandaarden.nl/imgeo/def/2.1#Status","status_leeg":null,"termination_date":null,"termination_date_leeg":"geenWaarde","tijdstip_registratie":"2023-10-19T06:35:10Z","version":"4ba4209d-1822-6659-ae43-02b6c8447251"},"geometry":{"type":"Polygon","coordinates":[[[150341.211,482830.333],[150336.187,482837.51],[150332.041,482834.62],[150337.893,482828.004],[150341.211,482830.333]]]},"id":"9ed890c9-c899-538f-9105-02065a28684f"},{"type":"Feature","properties":{"bronhouder":"G0034","creation_date":"2023-10-18T22:00:00Z","eind_registratie":null,"functie":"inrit","functie_codespace":"http://www.geostandaarden.nl/imgeo/def/2.1#FunctieWeg","fysiek_voorkomen":"open verharding","fysiek_voorkomen_codespace":"http://www.geostandaarden.nl/imgeo/def/2.1#FysiekVoorkomenWeg","in_onderzoek":null,"in_onderzoek_leeg":"geenWaarde","kruinlijn_leeg":"waardeOnbekend","lokaal_id":"G0034.979932589f3c4e8d9696f77101b252f4","lv_publicatiedatum":"2023-10-19T06:52:43Z","op_talud":"false","op_talud_leeg":null,"plus_functie":null,"plus_functie_codespace":"http://www.geostandaarden.nl/imgeo/def/2.1#VoidReasonValue","plus_functie_leeg":"waardeOnbekend","plus_fysiek_voorkomen":"sierbestrating","plus_fysiek_voorkomen_codespace":"http://www.geostandaarden.nl/imgeo/def/2.1#FysiekVoorkomenWegPlus","plus_fysiek_voorkomen_leeg":null,"plus_status":null,"plus_status_codespace":"http://www.geostandaarden.nl/imgeo/def/2.1#VoidReasonValue","plus_status_leeg":"geenWaarde","relatieve_hoogteligging":0,"status":"bestaand","status_codespace":"http://www.geostandaarden.nl/imgeo/def/2.1#Status","status_leeg":null,"termination_date":null,"termination_date_leeg":"geenWaarde","tijdstip_registratie":"2023-10-19T06:34:58Z","version":"28bb3099-e0e4-c47f-dc2a-b781d02386e3"},"geometry":{"type":"Polygon","coordinates":[[[150313.764,482869.295],[150309.699,482875.03],[150307.403,482876.113],[150305.718,482877.873],[150302.44,482875.617],[150308.933,482866.536],[150312.866,482869.277],[150313.764,482869.295]]]},"id":"6340a621-43e2-5d0c-958a-3d9b2cabbfa3"},{"type":"Feature","properties":{"bronhouder":"G0034","creation_date":"2023-10-18T22:00:00Z","eind_registratie":null,"functie":"inrit","functie_codespace":"http://www.geostandaarden.nl/imgeo/def/2.1#FunctieWeg","fysiek_voorkomen":"half verhard","fysiek_voorkomen_codespace":"http://www.geostandaarden.nl/imgeo/def/2.1#FysiekVoorkomenWeg","in_onderzoek":null,"in_onderzoek_leeg":"geenWaarde","kruinlijn_leeg":"waardeOnbekend","lokaal_id":"G0034.be9785ee2dfb4d67bf6edd05e352f6cc","lv_publicatiedatum":"2023-10-19T06:52:43Z","op_talud":"false","op_talud_leeg":null,"plus_functie":null,"plus_functie_codespace":"http://www.geostandaarden.nl/imgeo/def/2.1#VoidReasonValue","plus_functie_leeg":"waardeOnbekend","plus_fysiek_voorkomen":"grind","plus_fysiek_voorkomen_codespace":"http://www.geostandaarden.nl/imgeo/def/2.1#FysiekVoorkomenWegPlus","plus_fysiek_voorkomen_leeg":null,"plus_status":null,"plus_status_codespace":"http://www.geostandaarden.nl/imgeo/def/2.1#VoidReasonValue","plus_status_leeg":"geenWaarde","relatieve_hoogteligging":0,"status":"bestaand","status_codespace":"http://www.geostandaarden.nl/imgeo/def/2.1#Status","status_leeg":null,"termination_date":null,"termination_date_leeg":"geenWaarde","tijdstip_registratie":"2023-10-19T06:35:21Z","version":"98251576-c157-58bc-e73f-59de650bb9e3"},"geometry":{"type":"Polygon","coordinates":[[[150294.945,482895.967],[150286.528,482907.992],[150284.215,482906.42],[150290.193,482897.596],[150291.243,482898.343],[150291.825,482897.519],[150290.746,482896.731],[150292.474,482894.289],[150294.945,482895.967]]]},"id":"b775b55f-b4b2-5213-91c7-a162d2dcee50"},{"type":"Feature","properties":{"bronhouder":"G0034","creation_date":"2023-10-18T22:00:00Z","eind_registratie":null,"functie":"inrit","functie_codespace":"http://www.geostandaarden.nl/imgeo/def/2.1#FunctieWeg","fysiek_voorkomen":"half verhard","fysiek_voorkomen_codespace":"http://www.geostandaarden.nl/imgeo/def/2.1#FysiekVoorkomenWeg","in_onderzoek":null,"in_onderzoek_leeg":"geenWaarde","kruinlijn_leeg":"waardeOnbekend","lokaal_id":"G0034.e0d8133f29ea4e03a0864b8609c6a295","lv_publicatiedatum":"2023-10-19T06:52:43Z","op_talud":"false","op_talud_leeg":null,"plus_functie":null,"plus_functie_codespace":"http://www.geostandaarden.nl/imgeo/def/2.1#VoidReasonValue","plus_functie_leeg":"waardeOnbekend","plus_fysiek_voorkomen":"grasklinkers","plus_fysiek_voorkomen_codespace":"http://www.geostandaarden.nl/imgeo/def/2.1#FysiekVoorkomenWegPlus","plus_fysiek_voorkomen_leeg":null,"plus_status":null,"plus_status_codespace":"http://www.geostandaarden.nl/imgeo/def/2.1#VoidReasonValue","plus_status_leeg":"geenWaarde","relatieve_hoogteligging":0,"status":"bestaand","status_codespace":"http://www.geostandaarden.nl/imgeo/def/2.1#Status","status_leeg":null,"termination_date":null,"termination_date_leeg":"geenWaarde","tijdstip_registratie":"2023-10-19T06:35:18Z","version":"4d6b45f8-721d-0bde-01ce-40085936d33c"},"geometry":{"type":"Polygon","coordinates":[[[150335.275,482838.749],[150332.266,482843.065],[150331.573,482842.519],[150328.289,482840.26],[150331.305,482835.973],[150335.275,482838.749]]]},"id":"d2cb32e6-6ab2-5fad-98be-c8dd5d75eff1"},{"type":"Feature","properties":{"bronhouder":"G0034","creation_date":"2023-12-17T23:00:00Z","eind_registratie":null,"functie":"inrit","functie_codespace":"http://www.geostandaarden.nl/imgeo/def/2.1#FunctieWeg","fysiek_voorkomen":"open verharding","fysiek_voorkomen_codespace":"http://www.geostandaarden.nl/imgeo/def/2.1#FysiekVoorkomenWeg","in_onderzoek":null,"in_onderzoek_leeg":"geenWaarde","kruinlijn_leeg":"waardeOnbekend","lokaal_id":"G0034.001df10b544f4aa59e0623faca9dcf37","lv_publicatiedatum":"2023-12-18T11:54:14Z","op_talud":"false","op_talud_leeg":null,"plus_functie":null,"plus_functie_codespace":"http://www.geostandaarden.nl/imgeo/def/2.1#VoidReasonValue","plus_functie_leeg":"waardeOnbekend","plus_fysiek_voorkomen":"betonstraatstenen","plus_fysiek_voorkomen_codespace":"http://www.geostandaarden.nl/imgeo/def/2.1#FysiekVoorkomenWegPlus","plus_fysiek_voorkomen_leeg":null,"plus_status":null,"plus_status_codespace":"http://www.geostandaarden.nl/imgeo/def/2.1#VoidReasonValue","plus_status_leeg":"geenWaarde","relatieve_hoogteligging":0,"status":"bestaand","status_codespace":"http://www.geostandaarden.nl/imgeo/def/2.1#Status","status_leeg":null,"termination_date":null,"termination_date_leeg":"geenWaarde","tijdstip_registratie":"2023-12-18T10:53:57Z","version":"544605dc-1793-9a47-3854-e4bf3667df21"},"geometry":{"type":"Polygon","coordinates":[[[150416.057,483001.393],[150419.84,483004.708],[150418.949,483005.452],[150418.877,483005.583],[150418.809,483005.718],[150418.747,483005.856],[150418.691,483005.996],[150418.64,483006.138],[150418.594,483006.282],[150418.555,483006.427],[150418.521,483006.574],[150418.494,483006.721],[150418.471,483006.881],[150418.455,483007.043],[150418.445,483007.204],[150418.443,483007.367],[150418.448,483007.529],[150418.478,483007.851],[150418.505,483008.079],[150418.086,483007.684],[150417.667,483007.29],[150417.247,483006.897],[150416.826,483006.504],[150416.404,483006.112],[150415.557,483005.331],[150411.931,483002.068],[150412.308,483002.149],[150412.735,483002.278],[150412.955,483002.323],[150413.178,483002.355],[150413.403,483002.374],[150413.627,483002.379],[150413.851,483002.371],[150414.072,483002.349],[150414.289,483002.313],[150414.504,483002.265],[150414.716,483002.203],[150414.925,483002.129],[150415.129,483002.042],[150415.327,483001.944],[150415.519,483001.835],[150415.702,483001.714],[150416.057,483001.393]]]},"id":"12dc4e43-ab29-5399-8047-2fd4dff4668d"},{"type":"Feature","properties":{"bronhouder":"G0034","creation_date":"2023-12-17T23:00:00Z","eind_registratie":null,"functie":"inrit","functie_codespace":"http://www.geostandaarden.nl/imgeo/def/2.1#FunctieWeg","fysiek_voorkomen":"open verharding","fysiek_voorkomen_codespace":"http://www.geostandaarden.nl/imgeo/def/2.1#FysiekVoorkomenWeg","in_onderzoek":null,"in_onderzoek_leeg":"geenWaarde","kruinlijn_leeg":"waardeOnbekend","lokaal_id":"G0034.063a1e21f8ca44609cb9a50c54119009","lv_publicatiedatum":"2023-12-18T11:54:14Z","op_talud":"false","op_talud_leeg":null,"plus_functie":null,"plus_functie_codespace":"http://www.geostandaarden.nl/imgeo/def/2.1#VoidReasonValue","plus_functie_leeg":"waardeOnbekend","plus_fysiek_voorkomen":"betonstraatstenen","plus_fysiek_voorkomen_codespace":"http://www.geostandaarden.nl/imgeo/def/2.1#FysiekVoorkomenWegPlus","plus_fysiek_voorkomen_leeg":null,"plus_status":null,"plus_status_codespace":"http://www.geostandaarden.nl/imgeo/def/2.1#VoidReasonValue","plus_status_leeg":"geenWaarde","relatieve_hoogteligging":0,"status":"bestaand","status_codespace":"http://www.geostandaarden.nl/imgeo/def/2.1#Status","status_leeg":null,"termination_date":null,"termination_date_leeg":"geenWaarde","tijdstip_registratie":"2023-12-18T10:52:49Z","version":"187d24ef-5ade-58b7-93cb-c5e35b97022c"},"geometry":{"type":"Polygon","coordinates":[[[150296.138,482978.71],[150292.985,482983.988],[150290.602,482982.654],[150294.148,482977.461],[150296.138,482978.71]]]},"id":"260120bf-f7b1-5eeb-b8ed-08e917634698"},{"type":"Feature","properties":{"bronhouder":"G0034","creation_date":"2023-12-17T23:00:00Z","eind_registratie":null,"functie":"inrit","functie_codespace":"http://www.geostandaarden.nl/imgeo/def/2.1#FunctieWeg","fysiek_voorkomen":"half verhard","fysiek_voorkomen_codespace":"http://www.geostandaarden.nl/imgeo/def/2.1#FysiekVoorkomenWeg","in_onderzoek":null,"in_onderzoek_leeg":"geenWaarde","kruinlijn_leeg":"waardeOnbekend","lokaal_id":"G0034.071199966f1c43d0a189d655b8f35335","lv_publicatiedatum":"2023-12-18T11:54:14Z","op_talud":"false","op_talud_leeg":null,"plus_functie":null,"plus_functie_codespace":"http://www.geostandaarden.nl/imgeo/def/2.1#VoidReasonValue","plus_functie_leeg":"waardeOnbekend","plus_fysiek_voorkomen":"grind","plus_fysiek_voorkomen_codespace":"http://www.geostandaarden.nl/imgeo/def/2.1#FysiekVoorkomenWegPlus","plus_fysiek_voorkomen_leeg":null,"plus_status":null,"plus_status_codespace":"http://www.geostandaarden.nl/imgeo/def/2.1#VoidReasonValue","plus_status_leeg":"geenWaarde","relatieve_hoogteligging":0,"status":"bestaand","status_codespace":"http://www.geostandaarden.nl/imgeo/def/2.1#Status","status_leeg":null,"termination_date":null,"termination_date_leeg":"geenWaarde","tijdstip_registratie":"2023-12-18T10:52:45Z","version":"94842faa-1e16-8b30-7b9a-bddba2c29ef3"},"geometry":{"type":"Polygon","coordinates":[[[150432.562,482884.556],[150429.903,482888.262],[150429.056,482887.711],[150428.21,482887.159],[150427.362,482886.61],[150426.512,482886.064],[150425.658,482885.524],[150428.355,482881.66],[150432.562,482884.556]]]},"id":"39f1d81d-e25f-5eaa-b1ab-accbc14b2d74"},{"type":"Feature","properties":{"bronhouder":"G0034","creation_date":"2020-03-24T23:00:00Z","eind_registratie":"2023-12-18T10:56:10Z","functie":"rijbaan lokale weg","functie_codespace":"http://www.geostandaarden.nl/imgeo/def/2.1#FunctieWeg","fysiek_voorkomen":"open verharding","fysiek_voorkomen_codespace":"http://www.geostandaarden.nl/imgeo/def/2.1#FysiekVoorkomenWeg","in_onderzoek":null,"in_onderzoek_leeg":"geenWaarde","kruinlijn_leeg":"waardeOnbekend","lokaal_id":"G0034.0a2bb350ec204a21a0998825123c9cc9","lv_publicatiedatum":"2023-06-02T10:28:23Z","op_talud":"false","op_talud_leeg":null,"plus_functie":null,"plus_functie_codespace":"http://www.geostandaarden.nl/imgeo/def/2.1#VoidReasonValue","plus_functie_leeg":"waardeOnbekend","plus_fysiek_voorkomen":null,"plus_fysiek_voorkomen_codespace":"http://www.geostandaarden.nl/imgeo/def/2.1#VoidReasonValue","plus_fysiek_voorkomen_leeg":"waardeOnbekend","plus_status":null,"plus_status_codespace":"http://www.geostandaarden.nl/imgeo/def/2.1#VoidReasonValue","plus_status_leeg":"geenWaarde","relatieve_hoogteligging":0,"status":"bestaand","status_codespace":"http://www.geostandaarden.nl/imgeo/def/2.1#Status","status_leeg":null,"termination_date":"2023-12-17T23:00:00Z","termination_date_leeg":null,"tijdstip_registratie":"2023-06-02T10:24:06Z","version":"a413b51e-9813-2ba2-c001-a41f82259c1a"},"geometry":{"type":"Polygon","coordinates":[[[150569.851,482955.523],[150573.53,482958.114],[150569.074,482964.44],[150561.462,482975.246],[150556.438,482979.907],[150551.06,482982.354],[150551.058,482982.355],[150549.637,482982.706],[150548.442,482983.001],[150549.17,482987.994],[150549.205,482997.539],[150549.205,482997.541],[150549.204,482997.547],[150548.835,483000.655],[150547.403,483008.661],[150547.392,483008.704],[150546.554,483012.197],[150546.1,483013.293],[150544.268,483017.717],[150539.308,483026.252],[150539.272,483026.304],[150534.634,483033.141],[150528.855,483040.402],[150528.816,483040.451],[150525.463,483044.447],[150525.186,483044.777],[150525.085,483044.889],[150517.019,483053.87],[150508.76,483062.522],[150501.346,483070.813],[150494.514,483077.212],[150485.227,483085.921],[150482.595,483087.83],[150478.961,483089.866],[150474.745,483091.59],[150474.743,483091.591],[150472.264,483092.537],[150471.257,483092.921],[150470.141,483093.784],[150468.986,483094.676],[150468.059,483095.393],[150467.484,483096.16],[150465.953,483098.203],[150465.442,483098.884],[150465.143,483099.646],[150464.304,483101.783],[150464.25,483101.922],[150464.242,483101.973],[150463.602,483106.014],[150463.745,483109.989],[150463.843,483112.702],[150463.313,483115.267],[150462.678,483118.342],[150462.668,483118.372],[150461.808,483120.992],[150460.355,483124.919],[150457.447,483129.137],[150457.261,483129.37],[150454.489,483132.831],[150449.743,483137.864],[150445.766,483142.311],[150445.761,483142.316],[150440.004,483148.191],[150435.207,483151.682],[150430.653,483155.187],[150425.759,483157.791],[150419.588,483160.547],[150419.582,483160.549],[150423.497,483176.584],[150421.069,483177.177],[150417.183,483178.125],[150415.079,483169.511],[150413.371,483162.516],[150406.933,483163.574],[150406.922,483163.574],[150403,483163.653],[150402.514,483163.663],[150402.083,483163.608],[150397.158,483162.979],[150396.396,483162.882],[150395.626,483162.625],[150390.829,483161.025],[150389.855,483160.7],[150389.282,483160.361],[150383.84,483157.141],[150383.839,483157.14],[150383.837,483157.139],[150369.569,483146.644],[150369.561,483146.638],[150369.544,483146.624],[150358.893,483137.864],[150341.233,483123.184],[150341.204,483123.159],[150335.577,483118.181],[150334.434,483117.85],[150333.572,483117.643],[150332.935,483117.36],[150332.252,483117.313],[150331.167,483117.619],[150330.06,483118.209],[150324.919,483124.84],[150323.659,483127.243],[150322.656,483129.079],[150316.719,483137.886],[150316.295,483138.263],[150312.155,483144.232],[150308.298,483149.356],[150308.298,483149.453],[150307.818,483149.115],[150299.847,483143.5],[150324.618,483108.337],[150317.432,483101.825],[150309.742,483094.658],[150300.439,483085.931],[150294.219,483080.117],[150294.214,483080.112],[150294.209,483080.108],[150294.208,483080.107],[150294.206,483080.105],[150285.031,483070.431],[150283.328,483068.643],[150282.58,483067.766],[150278.51,483062.992],[150274.442,483057.796],[150271.533,483053.517],[150268.855,483048.788],[150268.709,483048.53],[150268.244,483047.446],[150266.62,483043.653],[150266.466,483043.294],[150265.283,483039.841],[150251.62,483044.053],[150245.793,483045.849],[150243.878,483039.637],[150249.982,483037.756],[150263.979,483033.442],[150263.642,483029.414],[150263.492,483025.6],[150263.476,483025.175],[150263.504,483024.655],[150263.768,483019.875],[150263.776,483019.823],[150264.057,483017.861],[150264.15,483017.371],[150264.668,483014.652],[150265.054,483012.625],[150266.504,483008.489],[150266.715,483007.887],[150268.491,483003.901],[150268.507,483003.872],[150270.619,482999.825],[150271.35,482998.551],[150273.194,482995.337],[150275.207,482991.898],[150276.6,482989.519],[150279.575,482985.064],[150279.653,482984.945],[150280.885,482983.072],[150280.959,482982.96],[150281.964,482981.474],[150285.404,482976.387],[150292.465,482966.164],[150297.727,482959.087],[150297.732,482959.079],[150301.168,482954.639],[150301.768,482953.864],[150302.495,482952.985],[150306.71,482947.887],[150306.726,482947.868],[150306.731,482947.862],[150313.231,482940.732],[150317.496,482936.271],[150317.93,482935.816],[150318.678,482935.088],[150318.684,482935.082],[150322.683,482931.507],[150323.614,482930.675],[150326.956,482928.144],[150329.096,482926.685],[150329.437,482926.504],[150331.754,482925.273],[150334.241,482923.983],[150334.252,482923.978],[150336.322,482923.112],[150337.984,482922.613],[150340.746,482922.04],[150341.175,482921.849],[150341.656,482921.636],[150341.834,482921.551],[150342.604,482921.184],[150342.633,482921.17],[150342.683,482921.139],[150344.322,482920.132],[150345.875,482918.79],[150347.879,482916.487],[150348.117,482916.213],[150348.315,482915.808],[150349.479,482913.419],[150350.803,482909.889],[150350.808,482909.872],[150352.413,482904.819],[150352.437,482904.743],[150352.456,482904.695],[150353.765,482901.434],[150355.676,482897.928],[150357.589,482895.155],[150357.594,482895.148],[150357.599,482895.141],[150362.208,482889.781],[150362.218,482889.771],[150362.233,482889.755],[150365.5,482886.434],[150368.528,482883.706],[150368.532,482883.702],[150371.707,482881.139],[150373.032,482880.27],[150375.585,482878.595],[150375.683,482878.531],[150375.724,482878.507],[150378.333,482877.026],[150379.432,482876.402],[150382.438,482875.065],[150382.156,482872.749],[150382.282,482871.454],[150382.393,482870.327],[150382.861,482867.843],[150382.868,482867.81],[150382.885,482867.759],[150383.809,482865.108],[150384.291,482864.153],[150385.53,482862.079],[150396.491,482846.52],[150411.634,482825.025],[150416.947,482828.769],[150390.844,482865.822],[150389.563,482867.823],[150388.981,482870.15],[150388.76,482873.01],[150391.556,482872.394],[150394.713,482872.145],[150398.088,482872.146],[150402.853,482872.56],[150407.958,482873.706],[150412.407,482875.151],[150416.576,482876.974],[150421.21,482879.459],[150424.961,482881.65],[150434.087,482887.505],[150443.296,482893.764],[150452.065,482900.128],[150454.617,482902.052],[150474.589,482917.111],[150484.541,482924.615],[150489.618,482928.241],[150494.577,482931.792],[150500.434,482935.683],[150505.151,482938.547],[150507.548,482940.184],[150512.294,482942.869],[150516.004,482945.141],[150520.684,482947.856],[150524.987,482950.353],[150529.073,482952.926],[150531.219,482954.561],[150534.389,482957.248],[150536.527,482959.417],[150541.327,482965.466],[150546.031,482974.584],[150546.789,482976.714],[150549.501,482976.045],[150553.531,482974.235],[150556.148,482971.502],[150568.216,482954.371],[150569.851,482955.523]],[[150359.71,482915.093],[150359.596,482915.915],[150359.497,482917.76],[150359.54,482919.159],[150359.554,482919.608],[150359.766,482921.444],[150360.199,482923.156],[150360.738,482924.838],[150361.381,482926.482],[150361.63,482927.007],[150363.497,482930.932],[150365.82,482935.277],[150368.346,482939.508],[150371.705,482944.651],[150375.012,482949.829],[150375.576,482950.732],[150375.912,482951.27],[150376.871,482952.807],[150378.266,482955.04],[150378.76,482955.854],[150380.719,482959.082],[150383.238,482963.083],[150385.812,482967.022],[150385.824,482967.041],[150385.829,482967.049],[150387.127,482968.852],[150388.521,482970.593],[150390.003,482972.261],[150390.013,482972.271],[150390.918,482973.227],[150391.787,482974.234],[150392.611,482975.279],[150392.742,482975.479],[150394.072,482977.505],[150394.344,482977.906],[150394.502,482978.138],[150395.569,482979.707],[150397.101,482981.885],[150401.116,482987.019],[150401.147,482987.053],[150405.273,482991.595],[150405.498,482991.842],[150410.139,482996.248],[150410.224,482996.328],[150412.381,482998.26],[150413.808,482999.537],[150417.347,483002.794],[150420.843,483006.099],[150420.906,483006.164],[150424.834,483010.198],[150427.112,483012.905],[150428.518,483014.575],[150430.173,483016.859],[150431.876,483019.208],[150431.877,483019.21],[150432.162,483019.754],[150432.391,483020.326],[150432.561,483020.918],[150432.659,483021.346],[150432.753,483021.775],[150432.843,483022.205],[150433.087,483023.007],[150433.393,483023.788],[150433.759,483024.542],[150436.513,483029.699],[150439.148,483034.918],[150441.661,483040.196],[150443.896,483045.551],[150446.031,483050.669],[150446.636,483052.265],[150450.057,483061.278],[150453.714,483071.948],[150453.736,483072.012],[150453.737,483072.014],[150453.961,483072.507],[150454.231,483072.978],[150454.544,483073.422],[150454.897,483073.835],[150455.287,483074.213],[150455.711,483074.553],[150463.048,483079.606],[150463.052,483079.608],[150464.465,483080.459],[150465.938,483081.211],[150467.459,483081.86],[150467.46,483081.86],[150468.042,483082.069],[150468.641,483082.229],[150469.251,483082.34],[150469.867,483082.399],[150470.487,483082.408],[150471.105,483082.366],[150471.717,483082.272],[150472.32,483082.129],[150473.821,483081.561],[150475.274,483080.88],[150476.67,483080.09],[150478.002,483079.194],[150478.294,483078.977],[150478.582,483078.755],[150478.866,483078.528],[150481.252,483076.355],[150483.616,483074.158],[150485.955,483071.942],[150485.958,483071.939],[150485.966,483071.931],[150489.622,483068.377],[150493.23,483064.759],[150496.782,483061.085],[150501.046,483056.587],[150505.305,483052.082],[150509.557,483047.572],[150509.678,483047.444],[150509.798,483047.316],[150509.919,483047.187],[150513.803,483042.966],[150517.59,483038.658],[150521.279,483034.266],[150524.761,483029.871],[150525.226,483029.242],[150528.091,483025.36],[150531.265,483020.737],[150531.279,483020.716],[150532.052,483019.523],[150532.814,483018.293],[150533.551,483017.049],[150534.244,483015.823],[150534.914,483014.585],[150535.557,483013.337],[150535.559,483013.333],[150536.516,483011.2],[150537.281,483008.991],[150537.846,483006.726],[150537.847,483006.722],[150537.851,483006.701],[150538.314,483004.333],[150538.746,483001.937],[150539.138,482999.557],[150539.142,482999.535],[150539.142,482999.531],[150539.547,482996.012],[150539.655,482992.467],[150539.464,482988.927],[150539.464,482988.924],[150538.942,482985.231],[150538.092,482981.599],[150536.92,482978.057],[150536.919,482978.056],[150535.866,482975.574],[150534.629,482973.176],[150533.219,482970.883],[150533.216,482970.878],[150533.215,482970.876],[150532.998,482970.554],[150532.776,482970.232],[150532.551,482969.913],[150530.352,482967.125],[150527.897,482964.558],[150525.209,482962.238],[150523.564,482961.012],[150523.313,482960.842],[150521.864,482959.864],[150520.118,482958.8],[150520.113,482958.797],[150520.1,482958.789],[150516.966,482956.978],[150513.823,482955.153],[150510.697,482953.332],[150510.683,482953.324],[150510.663,482953.312],[150507.986,482951.748],[150505.292,482950.168],[150502.599,482948.585],[150500.019,482947.028],[150497.473,482945.416],[150494.977,482943.762],[150494.961,482943.751],[150494.523,482943.455],[150494.085,482943.159],[150493.647,482942.864],[150492.19,482941.891],[150490.728,482940.925],[150489.262,482939.966],[150485.634,482937.53],[150482.078,482934.989],[150478.598,482932.345],[150466.298,482923.071],[150446.195,482907.913],[150443.703,482906.055],[150441.19,482904.224],[150438.658,482902.42],[150434.729,482899.692],[150431.727,482897.652],[150425.76,482893.707],[150422.794,482891.804],[150419.866,482889.964],[150419.81,482889.929],[150419.75,482889.893],[150417.332,482888.441],[150416.412,482887.928],[150415.854,482887.617],[150414.808,482887.034],[150412.241,482885.707],[150410.752,482885.009],[150409.233,482884.377],[150407.689,482883.812],[150406.935,482883.564],[150406.176,482883.333],[150405.412,482883.117],[150405.406,482883.116],[150402.843,482882.52],[150400.237,482882.109],[150397.609,482881.885],[150395.667,482881.87],[150393.729,482882.015],[150391.811,482882.321],[150389.931,482882.782],[150389.924,482882.784],[150386.765,482883.856],[150384.38,482884.913],[150383.716,482885.208],[150383.263,482885.46],[150380.802,482886.829],[150380.699,482886.897],[150378.185,482888.557],[150378.066,482888.647],[150376.117,482890.117],[150375.681,482890.445],[150373.299,482892.485],[150372.953,482892.804],[150372.609,482893.126],[150372.269,482893.452],[150371.277,482894.425],[150370.303,482895.416],[150369.349,482896.42],[150369.346,482896.423],[150369.342,482896.427],[150367.945,482897.965],[150366.587,482899.543],[150365.272,482901.157],[150364.116,482902.767],[150363.12,482904.48],[150362.294,482906.281],[150362.17,482906.582],[150362.049,482906.883],[150361.931,482907.18],[150361.925,482907.195],[150361.307,482908.862],[150360.748,482910.561],[150360.255,482912.28],[150359.849,482914.084],[150359.71,482915.093]],[[150374.133,483137.804],[150375.573,483138.963],[150377.212,483140.236],[150378.857,483141.5],[150380.497,483142.745],[150380.51,483142.755],[150380.529,483142.77],[150383.44,483144.95],[150386.415,483147.083],[150389.434,483149.153],[150391.267,483150.379],[150393.203,483151.437],[150395.225,483152.317],[150397.318,483153.013],[150398.376,483153.262],[150398.536,483153.3],[150399.465,483153.519],[150401.417,483153.797],[150401.648,483153.83],[150403.851,483153.946],[150406.055,483153.863],[150406.06,483153.862],[150407.754,483153.66],[150409.442,483153.382],[150411.117,483153.03],[150412.253,483152.747],[150413.376,483152.414],[150414.471,483152.035],[150414.482,483152.031],[150414.515,483152.02],[150415.465,483151.693],[150416.443,483151.34],[150417.415,483150.973],[150420.127,483149.856],[150422.751,483148.547],[150425.275,483147.054],[150425.305,483147.032],[150430.027,483143.561],[150434.513,483139.731],[150438.703,483135.589],[150438.707,483135.585],[150438.714,483135.578],[150441.459,483132.687],[150444.163,483129.743],[150446.776,483126.801],[150446.817,483126.755],[150446.822,483126.75],[150448.517,483124.826],[150450.025,483122.744],[150450.411,483122.087],[150450.515,483121.91],[150451.328,483120.527],[150452.412,483118.196],[150453.27,483115.772],[150453.677,483113.785],[150453.893,483112.063],[150453.929,483111.773],[150454.024,483109.748],[150453.962,483107.721],[150453.961,483107.714],[150453.452,483102.934],[150453.172,483101.318],[150452.933,483099.942],[150452.629,483098.192],[150451.498,483093.53],[150451.494,483093.514],[150449.983,483088.045],[150448.332,483082.616],[150446.543,483077.231],[150442.699,483065.945],[150439.943,483058.456],[150437.941,483053.385],[150437.012,483051.032],[150436.577,483050.003],[150436.142,483048.971],[150433.962,483043.809],[150433.908,483043.68],[150433.338,483042.457],[150432.761,483041.237],[150432.201,483040.069],[150432.177,483040.02],[150429.908,483036.478],[150427.315,483033.166],[150424.42,483030.114],[150421.26,483027.357],[150421.25,483027.349],[150419.682,483026.11],[150418.863,483025.568],[150418.016,483025.006],[150416.263,483024.045],[150414.436,483023.236],[150414.433,483023.235],[150413.526,483022.881],[150412.587,483022.612],[150412.174,483022.534],[150411.627,483022.431],[150410.655,483022.339],[150409.679,483022.338],[150408.842,483022.415],[150408.706,483022.427],[150407.746,483022.606],[150406.807,483022.873],[150404.148,483023.971],[150403.734,483024.18],[150401.58,483025.268],[150399.119,483026.756],[150397.216,483028.28],[150395.407,483029.914],[150394.794,483030.537],[150393.707,483031.645],[150393.699,483031.653],[150393.694,483031.659],[150391.924,483033.491],[150390.221,483035.397],[150388.605,483037.354],[150388.594,483037.368],[150383.584,483043.711],[150382.641,483044.905],[150371.033,483060.583],[150358.737,483077.919],[150351.097,483088.764],[150339.816,483104.779],[150339.816,483104.78],[150339.654,483105.031],[150339.514,483105.296],[150339.397,483105.572],[150339.305,483105.857],[150339.237,483106.149],[150339.194,483106.445],[150339.177,483106.744],[150339.186,483107.044],[150339.22,483107.341],[150339.279,483107.635],[150339.364,483107.922],[150339.472,483108.201],[150339.604,483108.47],[150339.759,483108.727],[150339.935,483108.969],[150340.131,483109.196],[150340.345,483109.405],[150351.884,483119.499],[150363.628,483129.353],[150374.133,483137.804]],[[150273.263,483023.741],[150273.263,483023.751],[150273.237,483027.042],[150273.259,483027.403],[150273.302,483028.118],[150273.435,483030.327],[150273.857,483033.591],[150273.861,483033.613],[150273.862,483033.618],[150274.078,483034.766],[150274.332,483035.91],[150274.622,483037.037],[150274.624,483037.046],[150275.858,483040.616],[150276.993,483043.2],[150277.378,483044.075],[150279.172,483047.4],[150281.219,483050.553],[150281.23,483050.569],[150281.244,483050.588],[150284.637,483055.152],[150288.278,483059.553],[150292.141,483063.759],[150292.916,483064.588],[150293.071,483064.754],[150293.341,483065.043],[150294.886,483066.695],[150297.649,483069.615],[150300.41,483072.494],[150300.431,483072.516],[150300.438,483072.523],[150309.198,483080.864],[150318.04,483089.131],[150326.95,483097.31],[150326.958,483097.317],[150326.964,483097.322],[150327.267,483097.574],[150327.35,483097.631],[150327.597,483097.802],[150327.947,483098],[150328.312,483098.165],[150328.691,483098.298],[150329.08,483098.396],[150329.476,483098.459],[150329.578,483098.466],[150329.877,483098.487],[150330.278,483098.479],[150330.677,483098.435],[150331.07,483098.356],[150331.455,483098.242],[150331.828,483098.094],[150332.187,483097.914],[150332.528,483097.702],[150332.849,483097.461],[150333.147,483097.192],[150333.419,483096.898],[150333.665,483096.58],[150350.885,483072.136],[150359.368,483060.094],[150360.773,483058.066],[150365.671,483050.997],[150372.135,483041.59],[150377.774,483033.261],[150381.399,483027.752],[150383.105,483025.049],[150383.204,483024.856],[150383.79,483023.709],[150384.56,483022.204],[150385.754,483019.239],[150386.192,483017.785],[150386.363,483017.219],[150386.487,483016.808],[150386.676,483016.179],[150387.314,483013.069],[150387.318,483013.049],[150387.785,483009.424],[150387.809,483009.238],[150387.867,483008.038],[150387.977,483005.725],[150387.993,483005.401],[150387.87,483001.561],[150387.77,483000.673],[150387.584,482999.024],[150387.44,482997.743],[150386.706,482993.972],[150385.672,482990.271],[150383.551,482984.504],[150381.145,482978.849],[150378.466,482973.334],[150378.46,482973.322],[150376.289,482969.023],[150374.031,482964.769],[150371.768,482960.712],[150371.685,482960.563],[150368.268,482954.908],[150364.713,482949.339],[150361.058,482943.911],[150361.023,482943.858],[150361.021,482943.855],[150359.676,482941.965],[150358.252,482940.128],[150356.754,482938.351],[150355.121,482936.656],[150354.406,482936.045],[150353.508,482935.276],[150353.332,482935.126],[150351.404,482933.776],[150351.381,482933.763],[150350.033,482932.998],[150348.605,482932.368],[150348.591,482932.362],[150347.092,482931.875],[150346.174,482931.669],[150345.242,482931.542],[150344.361,482931.499],[150344.303,482931.496],[150343.363,482931.529],[150342.43,482931.643],[150340.977,482931.946],[150339.554,482932.368],[150338.17,482932.906],[150338.168,482932.907],[150338.09,482932.944],[150336.264,482933.825],[150336.136,482933.898],[150334.434,482934.869],[150332.692,482936.029],[150332.68,482936.037],[150332.678,482936.038],[150332.648,482936.061],[150330.168,482937.951],[150327.764,482939.967],[150325.458,482942.094],[150321.598,482945.957],[150317.866,482949.944],[150314.266,482954.051],[150311.315,482957.573],[150308.437,482961.154],[150306.372,482963.834],[150306.109,482964.175],[150305.632,482964.794],[150299.408,482973.343],[150294.191,482980.812],[150293.353,482982.012],[150289.338,482988.007],[150287.48,482990.781],[150287.469,482990.798],[150283.807,482996.495],[150280.378,483002.334],[150277.188,483008.308],[150275.74,483011.571],[150274.711,483014.664],[150274.613,483014.959],[150273.83,483018.39],[150273.819,483018.44],[150273.818,483018.446],[150273.367,483021.965],[150273.365,483021.981],[150273.324,483022.57],[150273.29,483023.16],[150273.263,483023.741]]]},"id":"dafd5d96-aac5-5856-b744-9817e123f4a0"},{"type":"Feature","properties":{"bronhouder":"G0034","creation_date":"2020-03-24T23:00:00Z","eind_registratie":"2023-12-18T10:56:10Z","functie":"rijbaan lokale weg","functie_codespace":"http://www.geostandaarden.nl/imgeo/def/2.1#FunctieWeg","fysiek_voorkomen":"open verharding","fysiek_voorkomen_codespace":"http://www.geostandaarden.nl/imgeo/def/2.1#FysiekVoorkomenWeg","in_onderzoek":null,"in_onderzoek_leeg":"geenWaarde","kruinlijn_leeg":"waardeOnbekend","lokaal_id":"G0034.0a2bb350ec204a21a0998825123c9cc9","lv_publicatiedatum":"2023-12-18T11:54:14Z","op_talud":"false","op_talud_leeg":null,"plus_functie":null,"plus_functie_codespace":"http://www.geostandaarden.nl/imgeo/def/2.1#VoidReasonValue","plus_functie_leeg":"waardeOnbekend","plus_fysiek_voorkomen":null,"plus_fysiek_voorkomen_codespace":"http://www.geostandaarden.nl/imgeo/def/2.1#VoidReasonValue","plus_fysiek_voorkomen_leeg":"waardeOnbekend","plus_status":null,"plus_status_codespace":"http://www.geostandaarden.nl/imgeo/def/2.1#VoidReasonValue","plus_status_leeg":"geenWaarde","relatieve_hoogteligging":0,"status":"bestaand","status_codespace":"http://www.geostandaarden.nl/imgeo/def/2.1#Status","status_leeg":null,"termination_date":"2023-12-17T23:00:00Z","termination_date_leeg":null,"tijdstip_registratie":"2023-06-02T10:24:06Z","version":"8de7c8a4-da4c-6841-62e5-583da2eeee48"},"geometry":{"type":"Polygon","coordinates":[[[150569.851,482955.523],[150573.53,482958.114],[150569.074,482964.44],[150561.462,482975.246],[150556.438,482979.907],[150551.06,482982.354],[150551.058,482982.355],[150549.637,482982.706],[150548.442,482983.001],[150549.17,482987.994],[150549.205,482997.539],[150549.205,482997.541],[150549.204,482997.547],[150548.835,483000.655],[150547.403,483008.661],[150547.392,483008.704],[150546.554,483012.197],[150546.1,483013.293],[150544.268,483017.717],[150539.308,483026.252],[150539.272,483026.304],[150534.634,483033.141],[150528.855,483040.402],[150528.816,483040.451],[150525.463,483044.447],[150525.186,483044.777],[150525.085,483044.889],[150517.019,483053.87],[150508.76,483062.522],[150501.346,483070.813],[150494.514,483077.212],[150485.227,483085.921],[150482.595,483087.83],[150478.961,483089.866],[150474.745,483091.59],[150474.743,483091.591],[150472.264,483092.537],[150471.257,483092.921],[150470.141,483093.784],[150468.986,483094.676],[150468.059,483095.393],[150467.484,483096.16],[150465.953,483098.203],[150465.442,483098.884],[150465.143,483099.646],[150464.304,483101.783],[150464.25,483101.922],[150464.242,483101.973],[150463.602,483106.014],[150463.745,483109.989],[150463.843,483112.702],[150463.313,483115.267],[150462.678,483118.342],[150462.668,483118.372],[150461.808,483120.992],[150460.355,483124.919],[150457.447,483129.137],[150457.261,483129.37],[150454.489,483132.831],[150449.743,483137.864],[150445.766,483142.311],[150445.761,483142.316],[150440.004,483148.191],[150435.207,483151.682],[150430.653,483155.187],[150425.759,483157.791],[150419.588,483160.547],[150419.582,483160.549],[150423.497,483176.584],[150421.069,483177.177],[150417.183,483178.125],[150415.079,483169.511],[150413.371,483162.516],[150406.933,483163.574],[150406.922,483163.574],[150403,483163.653],[150402.514,483163.663],[150402.083,483163.608],[150397.158,483162.979],[150396.396,483162.882],[150395.626,483162.625],[150390.829,483161.025],[150389.855,483160.7],[150389.282,483160.361],[150383.84,483157.141],[150383.839,483157.14],[150383.837,483157.139],[150369.569,483146.644],[150369.561,483146.638],[150369.544,483146.624],[150358.893,483137.864],[150341.233,483123.184],[150341.204,483123.159],[150335.577,483118.181],[150334.434,483117.85],[150333.572,483117.643],[150332.935,483117.36],[150332.252,483117.313],[150331.167,483117.619],[150330.06,483118.209],[150324.919,483124.84],[150323.659,483127.243],[150322.656,483129.079],[150316.719,483137.886],[150316.295,483138.263],[150312.155,483144.232],[150308.298,483149.356],[150308.298,483149.453],[150307.818,483149.115],[150299.847,483143.5],[150324.618,483108.337],[150317.432,483101.825],[150309.742,483094.658],[150300.439,483085.931],[150294.219,483080.117],[150294.214,483080.112],[150294.209,483080.108],[150294.208,483080.107],[150294.206,483080.105],[150285.031,483070.431],[150283.328,483068.643],[150282.58,483067.766],[150278.51,483062.992],[150274.442,483057.796],[150271.533,483053.517],[150268.855,483048.788],[150268.709,483048.53],[150268.244,483047.446],[150266.62,483043.653],[150266.466,483043.294],[150265.283,483039.841],[150251.62,483044.053],[150245.793,483045.849],[150243.878,483039.637],[150249.982,483037.756],[150263.979,483033.442],[150263.642,483029.414],[150263.492,483025.6],[150263.476,483025.175],[150263.504,483024.655],[150263.768,483019.875],[150263.776,483019.823],[150264.057,483017.861],[150264.15,483017.371],[150264.668,483014.652],[150265.054,483012.625],[150266.504,483008.489],[150266.715,483007.887],[150268.491,483003.901],[150268.507,483003.872],[150270.619,482999.825],[150271.35,482998.551],[150273.194,482995.337],[150275.207,482991.898],[150276.6,482989.519],[150279.575,482985.064],[150279.653,482984.945],[150280.885,482983.072],[150280.959,482982.96],[150281.964,482981.474],[150285.404,482976.387],[150292.465,482966.164],[150297.727,482959.087],[150297.732,482959.079],[150301.168,482954.639],[150301.768,482953.864],[150302.495,482952.985],[150306.71,482947.887],[150306.726,482947.868],[150306.731,482947.862],[150313.231,482940.732],[150317.496,482936.271],[150317.93,482935.816],[150318.678,482935.088],[150318.684,482935.082],[150322.683,482931.507],[150323.614,482930.675],[150326.956,482928.144],[150329.096,482926.685],[150329.437,482926.504],[150331.754,482925.273],[150334.241,482923.983],[150334.252,482923.978],[150336.322,482923.112],[150337.984,482922.613],[150340.746,482922.04],[150341.175,482921.849],[150341.656,482921.636],[150341.834,482921.551],[150342.604,482921.184],[150342.633,482921.17],[150342.683,482921.139],[150344.322,482920.132],[150345.875,482918.79],[150347.879,482916.487],[150348.117,482916.213],[150348.315,482915.808],[150349.479,482913.419],[150350.803,482909.889],[150350.808,482909.872],[150352.413,482904.819],[150352.437,482904.743],[150352.456,482904.695],[150353.765,482901.434],[150355.676,482897.928],[150357.589,482895.155],[150357.594,482895.148],[150357.599,482895.141],[150362.208,482889.781],[150362.218,482889.771],[150362.233,482889.755],[150365.5,482886.434],[150368.528,482883.706],[150368.532,482883.702],[150371.707,482881.139],[150373.032,482880.27],[150375.585,482878.595],[150375.683,482878.531],[150375.724,482878.507],[150378.333,482877.026],[150379.432,482876.402],[150382.438,482875.065],[150382.156,482872.749],[150382.282,482871.454],[150382.393,482870.327],[150382.861,482867.843],[150382.868,482867.81],[150382.885,482867.759],[150383.809,482865.108],[150384.291,482864.153],[150385.53,482862.079],[150396.491,482846.52],[150411.634,482825.025],[150416.947,482828.769],[150390.844,482865.822],[150389.563,482867.823],[150388.981,482870.15],[150388.76,482873.01],[150391.556,482872.394],[150394.713,482872.145],[150398.088,482872.146],[150402.853,482872.56],[150407.958,482873.706],[150412.407,482875.151],[150416.576,482876.974],[150421.21,482879.459],[150424.961,482881.65],[150434.087,482887.505],[150443.296,482893.764],[150452.065,482900.128],[150454.617,482902.052],[150474.589,482917.111],[150484.541,482924.615],[150489.618,482928.241],[150494.577,482931.792],[150500.434,482935.683],[150505.151,482938.547],[150507.548,482940.184],[150512.294,482942.869],[150516.004,482945.141],[150520.684,482947.856],[150524.987,482950.353],[150529.073,482952.926],[150531.219,482954.561],[150534.389,482957.248],[150536.527,482959.417],[150541.327,482965.466],[150546.031,482974.584],[150546.789,482976.714],[150549.501,482976.045],[150553.531,482974.235],[150556.148,482971.502],[150568.216,482954.371],[150569.851,482955.523]],[[150359.71,482915.093],[150359.596,482915.915],[150359.497,482917.76],[150359.54,482919.159],[150359.554,482919.608],[150359.766,482921.444],[150360.199,482923.156],[150360.738,482924.838],[150361.381,482926.482],[150361.63,482927.007],[150363.497,482930.932],[150365.82,482935.277],[150368.346,482939.508],[150371.705,482944.651],[150375.012,482949.829],[150375.576,482950.732],[150375.912,482951.27],[150376.871,482952.807],[150378.266,482955.04],[150378.76,482955.854],[150380.719,482959.082],[150383.238,482963.083],[150385.812,482967.022],[150385.824,482967.041],[150385.829,482967.049],[150387.127,482968.852],[150388.521,482970.593],[150390.003,482972.261],[150390.013,482972.271],[150390.918,482973.227],[150391.787,482974.234],[150392.611,482975.279],[150392.742,482975.479],[150394.072,482977.505],[150394.344,482977.906],[150394.502,482978.138],[150395.569,482979.707],[150397.101,482981.885],[150401.116,482987.019],[150401.147,482987.053],[150405.273,482991.595],[150405.498,482991.842],[150410.139,482996.248],[150410.224,482996.328],[150412.381,482998.26],[150413.808,482999.537],[150417.347,483002.794],[150420.843,483006.099],[150420.906,483006.164],[150424.834,483010.198],[150427.112,483012.905],[150428.518,483014.575],[150430.173,483016.859],[150431.876,483019.208],[150431.877,483019.21],[150432.162,483019.754],[150432.391,483020.326],[150432.561,483020.918],[150432.659,483021.346],[150432.753,483021.775],[150432.843,483022.205],[150433.087,483023.007],[150433.393,483023.788],[150433.759,483024.542],[150436.513,483029.699],[150439.148,483034.918],[150441.661,483040.196],[150443.896,483045.551],[150446.031,483050.669],[150446.636,483052.265],[150450.057,483061.278],[150453.714,483071.948],[150453.736,483072.012],[150453.737,483072.014],[150453.961,483072.507],[150454.231,483072.978],[150454.544,483073.422],[150454.897,483073.835],[150455.287,483074.213],[150455.711,483074.553],[150463.048,483079.606],[150463.052,483079.608],[150464.465,483080.459],[150465.938,483081.211],[150467.459,483081.86],[150467.46,483081.86],[150468.042,483082.069],[150468.641,483082.229],[150469.251,483082.34],[150469.867,483082.399],[150470.487,483082.408],[150471.105,483082.366],[150471.717,483082.272],[150472.32,483082.129],[150473.821,483081.561],[150475.274,483080.88],[150476.67,483080.09],[150478.002,483079.194],[150478.294,483078.977],[150478.582,483078.755],[150478.866,483078.528],[150481.252,483076.355],[150483.616,483074.158],[150485.955,483071.942],[150485.958,483071.939],[150485.966,483071.931],[150489.622,483068.377],[150493.23,483064.759],[150496.782,483061.085],[150501.046,483056.587],[150505.305,483052.082],[150509.557,483047.572],[150509.678,483047.444],[150509.798,483047.316],[150509.919,483047.187],[150513.803,483042.966],[150517.59,483038.658],[150521.279,483034.266],[150524.761,483029.871],[150525.226,483029.242],[150528.091,483025.36],[150531.265,483020.737],[150531.279,483020.716],[150532.052,483019.523],[150532.814,483018.293],[150533.551,483017.049],[150534.244,483015.823],[150534.914,483014.585],[150535.557,483013.337],[150535.559,483013.333],[150536.516,483011.2],[150537.281,483008.991],[150537.846,483006.726],[150537.847,483006.722],[150537.851,483006.701],[150538.314,483004.333],[150538.746,483001.937],[150539.138,482999.557],[150539.142,482999.535],[150539.142,482999.531],[150539.547,482996.012],[150539.655,482992.467],[150539.464,482988.927],[150539.464,482988.924],[150538.942,482985.231],[150538.092,482981.599],[150536.92,482978.057],[150536.919,482978.056],[150535.866,482975.574],[150534.629,482973.176],[150533.219,482970.883],[150533.216,482970.878],[150533.215,482970.876],[150532.998,482970.554],[150532.776,482970.232],[150532.551,482969.913],[150530.352,482967.125],[150527.897,482964.558],[150525.209,482962.238],[150523.564,482961.012],[150523.313,482960.842],[150521.864,482959.864],[150520.118,482958.8],[150520.113,482958.797],[150520.1,482958.789],[150516.966,482956.978],[150513.823,482955.153],[150510.697,482953.332],[150510.683,482953.324],[150510.663,482953.312],[150507.986,482951.748],[150505.292,482950.168],[150502.599,482948.585],[150500.019,482947.028],[150497.473,482945.416],[150494.977,482943.762],[150494.961,482943.751],[150494.523,482943.455],[150494.085,482943.159],[150493.647,482942.864],[150492.19,482941.891],[150490.728,482940.925],[150489.262,482939.966],[150485.634,482937.53],[150482.078,482934.989],[150478.598,482932.345],[150466.298,482923.071],[150446.195,482907.913],[150443.703,482906.055],[150441.19,482904.224],[150438.658,482902.42],[150434.729,482899.692],[150431.727,482897.652],[150425.76,482893.707],[150422.794,482891.804],[150419.866,482889.964],[150419.81,482889.929],[150419.75,482889.893],[150417.332,482888.441],[150416.412,482887.928],[150415.854,482887.617],[150414.808,482887.034],[150412.241,482885.707],[150410.752,482885.009],[150409.233,482884.377],[150407.689,482883.812],[150406.935,482883.564],[150406.176,482883.333],[150405.412,482883.117],[150405.406,482883.116],[150402.843,482882.52],[150400.237,482882.109],[150397.609,482881.885],[150395.667,482881.87],[150393.729,482882.015],[150391.811,482882.321],[150389.931,482882.782],[150389.924,482882.784],[150386.765,482883.856],[150384.38,482884.913],[150383.716,482885.208],[150383.263,482885.46],[150380.802,482886.829],[150380.699,482886.897],[150378.185,482888.557],[150378.066,482888.647],[150376.117,482890.117],[150375.681,482890.445],[150373.299,482892.485],[150372.953,482892.804],[150372.609,482893.126],[150372.269,482893.452],[150371.277,482894.425],[150370.303,482895.416],[150369.349,482896.42],[150369.346,482896.423],[150369.342,482896.427],[150367.945,482897.965],[150366.587,482899.543],[150365.272,482901.157],[150364.116,482902.767],[150363.12,482904.48],[150362.294,482906.281],[150362.17,482906.582],[150362.049,482906.883],[150361.931,482907.18],[150361.925,482907.195],[150361.307,482908.862],[150360.748,482910.561],[150360.255,482912.28],[150359.849,482914.084],[150359.71,482915.093]],[[150374.133,483137.804],[150375.573,483138.963],[150377.212,483140.236],[150378.857,483141.5],[150380.497,483142.745],[150380.51,483142.755],[150380.529,483142.77],[150383.44,483144.95],[150386.415,483147.083],[150389.434,483149.153],[150391.267,483150.379],[150393.203,483151.437],[150395.225,483152.317],[150397.318,483153.013],[150398.376,483153.262],[150398.536,483153.3],[150399.465,483153.519],[150401.417,483153.797],[150401.648,483153.83],[150403.851,483153.946],[150406.055,483153.863],[150406.06,483153.862],[150407.754,483153.66],[150409.442,483153.382],[150411.117,483153.03],[150412.253,483152.747],[150413.376,483152.414],[150414.471,483152.035],[150414.482,483152.031],[150414.515,483152.02],[150415.465,483151.693],[150416.443,483151.34],[150417.415,483150.973],[150420.127,483149.856],[150422.751,483148.547],[150425.275,483147.054],[150425.305,483147.032],[150430.027,483143.561],[150434.513,483139.731],[150438.703,483135.589],[150438.707,483135.585],[150438.714,483135.578],[150441.459,483132.687],[150444.163,483129.743],[150446.776,483126.801],[150446.817,483126.755],[150446.822,483126.75],[150448.517,483124.826],[150450.025,483122.744],[150450.411,483122.087],[150450.515,483121.91],[150451.328,483120.527],[150452.412,483118.196],[150453.27,483115.772],[150453.677,483113.785],[150453.893,483112.063],[150453.929,483111.773],[150454.024,483109.748],[150453.962,483107.721],[150453.961,483107.714],[150453.452,483102.934],[150453.172,483101.318],[150452.933,483099.942],[150452.629,483098.192],[150451.498,483093.53],[150451.494,483093.514],[150449.983,483088.045],[150448.332,483082.616],[150446.543,483077.231],[150442.699,483065.945],[150439.943,483058.456],[150437.941,483053.385],[150437.012,483051.032],[150436.577,483050.003],[150436.142,483048.971],[150433.962,483043.809],[150433.908,483043.68],[150433.338,483042.457],[150432.761,483041.237],[150432.201,483040.069],[150432.177,483040.02],[150429.908,483036.478],[150427.315,483033.166],[150424.42,483030.114],[150421.26,483027.357],[150421.25,483027.349],[150419.682,483026.11],[150418.863,483025.568],[150418.016,483025.006],[150416.263,483024.045],[150414.436,483023.236],[150414.433,483023.235],[150413.526,483022.881],[150412.587,483022.612],[150412.174,483022.534],[150411.627,483022.431],[150410.655,483022.339],[150409.679,483022.338],[150408.842,483022.415],[150408.706,483022.427],[150407.746,483022.606],[150406.807,483022.873],[150404.148,483023.971],[150403.734,483024.18],[150401.58,483025.268],[150399.119,483026.756],[150397.216,483028.28],[150395.407,483029.914],[150394.794,483030.537],[150393.707,483031.645],[150393.699,483031.653],[150393.694,483031.659],[150391.924,483033.491],[150390.221,483035.397],[150388.605,483037.354],[150388.594,483037.368],[150383.584,483043.711],[150382.641,483044.905],[150371.033,483060.583],[150358.737,483077.919],[150351.097,483088.764],[150339.816,483104.779],[150339.816,483104.78],[150339.654,483105.031],[150339.514,483105.296],[150339.397,483105.572],[150339.305,483105.857],[150339.237,483106.149],[150339.194,483106.445],[150339.177,483106.744],[150339.186,483107.044],[150339.22,483107.341],[150339.279,483107.635],[150339.364,483107.922],[150339.472,483108.201],[150339.604,483108.47],[150339.759,483108.727],[150339.935,483108.969],[150340.131,483109.196],[150340.345,483109.405],[150351.884,483119.499],[150363.628,483129.353],[150374.133,483137.804]],[[150273.263,483023.741],[150273.263,483023.751],[150273.237,483027.042],[150273.259,483027.403],[150273.302,483028.118],[150273.435,483030.327],[150273.857,483033.591],[150273.861,483033.613],[150273.862,483033.618],[150274.078,483034.766],[150274.332,483035.91],[150274.622,483037.037],[150274.624,483037.046],[150275.858,483040.616],[150276.993,483043.2],[150277.378,483044.075],[150279.172,483047.4],[150281.219,483050.553],[150281.23,483050.569],[150281.244,483050.588],[150284.637,483055.152],[150288.278,483059.553],[150292.141,483063.759],[150292.916,483064.588],[150293.071,483064.754],[150293.341,483065.043],[150294.886,483066.695],[150297.649,483069.615],[150300.41,483072.494],[150300.431,483072.516],[150300.438,483072.523],[150309.198,483080.864],[150318.04,483089.131],[150326.95,483097.31],[150326.958,483097.317],[150326.964,483097.322],[150327.267,483097.574],[150327.35,483097.631],[150327.597,483097.802],[150327.947,483098],[150328.312,483098.165],[150328.691,483098.298],[150329.08,483098.396],[150329.476,483098.459],[150329.578,483098.466],[150329.877,483098.487],[150330.278,483098.479],[150330.677,483098.435],[150331.07,483098.356],[150331.455,483098.242],[150331.828,483098.094],[150332.187,483097.914],[150332.528,483097.702],[150332.849,483097.461],[150333.147,483097.192],[150333.419,483096.898],[150333.665,483096.58],[150350.885,483072.136],[150359.368,483060.094],[150360.773,483058.066],[150365.671,483050.997],[150372.135,483041.59],[150377.774,483033.261],[150381.399,483027.752],[150383.105,483025.049],[150383.204,483024.856],[150383.79,483023.709],[150384.56,483022.204],[150385.754,483019.239],[150386.192,483017.785],[150386.363,483017.219],[150386.487,483016.808],[150386.676,483016.179],[150387.314,483013.069],[150387.318,483013.049],[150387.785,483009.424],[150387.809,483009.238],[150387.867,483008.038],[150387.977,483005.725],[150387.993,483005.401],[150387.87,483001.561],[150387.77,483000.673],[150387.584,482999.024],[150387.44,482997.743],[150386.706,482993.972],[150385.672,482990.271],[150383.551,482984.504],[150381.145,482978.849],[150378.466,482973.334],[150378.46,482973.322],[150376.289,482969.023],[150374.031,482964.769],[150371.768,482960.712],[150371.685,482960.563],[150368.268,482954.908],[150364.713,482949.339],[150361.058,482943.911],[150361.023,482943.858],[150361.021,482943.855],[150359.676,482941.965],[150358.252,482940.128],[150356.754,482938.351],[150355.121,482936.656],[150354.406,482936.045],[150353.508,482935.276],[150353.332,482935.126],[150351.404,482933.776],[150351.381,482933.763],[150350.033,482932.998],[150348.605,482932.368],[150348.591,482932.362],[150347.092,482931.875],[150346.174,482931.669],[150345.242,482931.542],[150344.361,482931.499],[150344.303,482931.496],[150343.363,482931.529],[150342.43,482931.643],[150340.977,482931.946],[150339.554,482932.368],[150338.17,482932.906],[150338.168,482932.907],[150338.09,482932.944],[150336.264,482933.825],[150336.136,482933.898],[150334.434,482934.869],[150332.692,482936.029],[150332.68,482936.037],[150332.678,482936.038],[150332.648,482936.061],[150330.168,482937.951],[150327.764,482939.967],[150325.458,482942.094],[150321.598,482945.957],[150317.866,482949.944],[150314.266,482954.051],[150311.315,482957.573],[150308.437,482961.154],[150306.372,482963.834],[150306.109,482964.175],[150305.632,482964.794],[150299.408,482973.343],[150294.191,482980.812],[150293.353,482982.012],[150289.338,482988.007],[150287.48,482990.781],[150287.469,482990.798],[150283.807,482996.495],[150280.378,483002.334],[150277.188,483008.308],[150275.74,483011.571],[150274.711,483014.664],[150274.613,483014.959],[150273.83,483018.39],[150273.819,483018.44],[150273.818,483018.446],[150273.367,483021.965],[150273.365,483021.981],[150273.324,483022.57],[150273.29,483023.16],[150273.263,483023.741]]]},"id":"ff6e7f9b-dbc1-5598-bd96-90570b70bf5a"},{"type":"Feature","properties":{"bronhouder":"G0034","creation_date":"2023-10-18T22:00:00Z","eind_registratie":"2023-12-18T10:56:11Z","functie":"inrit","functie_codespace":"http://www.geostandaarden.nl/imgeo/def/2.1#FunctieWeg","fysiek_voorkomen":"gesloten verharding","fysiek_voorkomen_codespace":"http://www.geostandaarden.nl/imgeo/def/2.1#FysiekVoorkomenWeg","in_onderzoek":null,"in_onderzoek_leeg":"geenWaarde","kruinlijn_leeg":"waardeOnbekend","lokaal_id":"G0034.0b83920aad8843e08ca7d18e913a4ec6","lv_publicatiedatum":"2023-10-19T06:52:43Z","op_talud":"false","op_talud_leeg":null,"plus_functie":null,"plus_functie_codespace":"http://www.geostandaarden.nl/imgeo/def/2.1#VoidReasonValue","plus_functie_leeg":"waardeOnbekend","plus_fysiek_voorkomen":"asfalt","plus_fysiek_voorkomen_codespace":"http://www.geostandaarden.nl/imgeo/def/2.1#FysiekVoorkomenWegPlus","plus_fysiek_voorkomen_leeg":null,"plus_status":null,"plus_status_codespace":"http://www.geostandaarden.nl/imgeo/def/2.1#VoidReasonValue","plus_status_leeg":"geenWaarde","relatieve_hoogteligging":0,"status":"bestaand","status_codespace":"http://www.geostandaarden.nl/imgeo/def/2.1#Status","status_leeg":null,"termination_date":"2023-12-17T23:00:00Z","termination_date_leeg":null,"tijdstip_registratie":"2023-10-19T06:35:01Z","version":"6caf5256-82de-2dcf-f363-167f04405e11"},"geometry":{"type":"Polygon","coordinates":[[[150182.79,483061.039],[150179.949,483059.037],[150191.319,483043.013],[150213.795,483011.149],[150222.756,482998.481],[150229.923,482988.385],[150247.097,482964.013],[150251.618,482957.563],[150251.658,482957.504],[150251.75,482957.348],[150251.827,482957.185],[150251.89,482957.015],[150251.938,482956.841],[150251.977,482956.668],[150252.532,482954.22],[150252.542,482954.179],[150252.557,482954.117],[150252.609,482953.951],[150252.675,482953.791],[150252.757,482953.637],[150252.852,482953.492],[150255.342,482950.038],[150255.682,482949.567],[150255.729,482949.508],[150255.807,482949.433],[150255.895,482949.37],[150255.991,482949.321],[150257.679,482948.609],[150257.708,482948.596],[150257.815,482948.538],[150257.915,482948.466],[150258.004,482948.381],[150258.081,482948.286],[150258.295,482947.984],[150268.057,482934.22],[150275.348,482923.869],[150286.528,482907.992],[150294.945,482895.967],[150298.806,482890.548],[150303.564,482883.568],[150304.277,482880.35],[150305.718,482877.873],[150307.403,482876.113],[150309.699,482875.03],[150313.764,482869.295],[150324.268,482854.401],[150332.266,482843.065],[150335.275,482838.749],[150336.187,482837.51],[150341.211,482830.333],[150343.454,482827.219],[150344.702,482825.428],[150351.33,482815.976],[150354.166,482812.003],[150356.845,482808.207],[150365.307,482796.045],[150366.111,482794.878],[150368.174,482791.945],[150370.056,482789.166],[150370.356,482788.523],[150370.497,482788.197],[150370.632,482787.869],[150370.761,482787.538],[150370.884,482787.204],[150371.001,482786.869],[150371.111,482786.532],[150371.201,482786.244],[150371.288,482785.955],[150371.368,482785.664],[150371.44,482785.371],[150371.52,482785.026],[150371.6,482784.677],[150371.674,482784.326],[150371.739,482783.973],[150371.787,482783.619],[150371.815,482783.266],[150371.816,482782.915],[150371.787,482782.568],[150371.721,482782.225],[150371.619,482781.878],[150371.49,482781.537],[150371.335,482781.206],[150371.156,482780.888],[150370.955,482780.585],[150370.732,482780.299],[150358.945,482771.665],[150360.807,482768.914],[150369.812,482775.174],[150376.916,482780.301],[150377.02,482780.376],[150383.092,482784.576],[150387.347,482787.471],[150387.286,482787.551],[150386.765,482788.239],[150385.316,482790.234],[150381.291,482787.456],[150380.648,482787.09],[150380.306,482786.944],[150379.954,482786.822],[150379.594,482786.728],[150379.231,482786.662],[150378.885,482786.624],[150378.534,482786.61],[150378.18,482786.62],[150377.827,482786.654],[150377.479,482786.715],[150377.138,482786.801],[150376.808,482786.915],[150376.491,482787.057],[150376.177,482787.232],[150375.877,482787.436],[150375.594,482787.664],[150375.329,482787.915],[150375.085,482788.186],[150374.866,482788.475],[150374.674,482788.778],[150370.054,482795.336],[150344.29,482831.847],[150289.815,482909.173],[150233.718,482988.812],[150182.79,483061.039]]]},"id":"d34a3099-826f-5a65-908d-c14b96448eaa"},{"type":"Feature","properties":{"bronhouder":"G0034","creation_date":"2023-10-18T22:00:00Z","eind_registratie":"2023-12-18T10:56:11Z","functie":"inrit","functie_codespace":"http://www.geostandaarden.nl/imgeo/def/2.1#FunctieWeg","fysiek_voorkomen":"gesloten verharding","fysiek_voorkomen_codespace":"http://www.geostandaarden.nl/imgeo/def/2.1#FysiekVoorkomenWeg","in_onderzoek":null,"in_onderzoek_leeg":"geenWaarde","kruinlijn_leeg":"waardeOnbekend","lokaal_id":"G0034.0b83920aad8843e08ca7d18e913a4ec6","lv_publicatiedatum":"2023-12-18T11:54:14Z","op_talud":"false","op_talud_leeg":null,"plus_functie":null,"plus_functie_codespace":"http://www.geostandaarden.nl/imgeo/def/2.1#VoidReasonValue","plus_functie_leeg":"waardeOnbekend","plus_fysiek_voorkomen":"asfalt","plus_fysiek_voorkomen_codespace":"http://www.geostandaarden.nl/imgeo/def/2.1#FysiekVoorkomenWegPlus","plus_fysiek_voorkomen_leeg":null,"plus_status":null,"plus_status_codespace":"http://www.geostandaarden.nl/imgeo/def/2.1#VoidReasonValue","plus_status_leeg":"geenWaarde","relatieve_hoogteligging":0,"status":"bestaand","status_codespace":"http://www.geostandaarden.nl/imgeo/def/2.1#Status","status_leeg":null,"termination_date":"2023-12-17T23:00:00Z","termination_date_leeg":null,"tijdstip_registratie":"2023-10-19T06:35:01Z","version":"f343fc6a-37dd-30b3-8225-0e25f16f6820"},"geometry":{"type":"Polygon","coordinates":[[[150182.79,483061.039],[150179.949,483059.037],[150191.319,483043.013],[150213.795,483011.149],[150222.756,482998.481],[150229.923,482988.385],[150247.097,482964.013],[150251.618,482957.563],[150251.658,482957.504],[150251.75,482957.348],[150251.827,482957.185],[150251.89,482957.015],[150251.938,482956.841],[150251.977,482956.668],[150252.532,482954.22],[150252.542,482954.179],[150252.557,482954.117],[150252.609,482953.951],[150252.675,482953.791],[150252.757,482953.637],[150252.852,482953.492],[150255.342,482950.038],[150255.682,482949.567],[150255.729,482949.508],[150255.807,482949.433],[150255.895,482949.37],[150255.991,482949.321],[150257.679,482948.609],[150257.708,482948.596],[150257.815,482948.538],[150257.915,482948.466],[150258.004,482948.381],[150258.081,482948.286],[150258.295,482947.984],[150268.057,482934.22],[150275.348,482923.869],[150286.528,482907.992],[150294.945,482895.967],[150298.806,482890.548],[150303.564,482883.568],[150304.277,482880.35],[150305.718,482877.873],[150307.403,482876.113],[150309.699,482875.03],[150313.764,482869.295],[150324.268,482854.401],[150332.266,482843.065],[150335.275,482838.749],[150336.187,482837.51],[150341.211,482830.333],[150343.454,482827.219],[150344.702,482825.428],[150351.33,482815.976],[150354.166,482812.003],[150356.845,482808.207],[150365.307,482796.045],[150366.111,482794.878],[150368.174,482791.945],[150370.056,482789.166],[150370.356,482788.523],[150370.497,482788.197],[150370.632,482787.869],[150370.761,482787.538],[150370.884,482787.204],[150371.001,482786.869],[150371.111,482786.532],[150371.201,482786.244],[150371.288,482785.955],[150371.368,482785.664],[150371.44,482785.371],[150371.52,482785.026],[150371.6,482784.677],[150371.674,482784.326],[150371.739,482783.973],[150371.787,482783.619],[150371.815,482783.266],[150371.816,482782.915],[150371.787,482782.568],[150371.721,482782.225],[150371.619,482781.878],[150371.49,482781.537],[150371.335,482781.206],[150371.156,482780.888],[150370.955,482780.585],[150370.732,482780.299],[150358.945,482771.665],[150360.807,482768.914],[150369.812,482775.174],[150376.916,482780.301],[150377.02,482780.376],[150383.092,482784.576],[150387.347,482787.471],[150387.286,482787.551],[150386.765,482788.239],[150385.316,482790.234],[150381.291,482787.456],[150380.648,482787.09],[150380.306,482786.944],[150379.954,482786.822],[150379.594,482786.728],[150379.231,482786.662],[150378.885,482786.624],[150378.534,482786.61],[150378.18,482786.62],[150377.827,482786.654],[150377.479,482786.715],[150377.138,482786.801],[150376.808,482786.915],[150376.491,482787.057],[150376.177,482787.232],[150375.877,482787.436],[150375.594,482787.664],[150375.329,482787.915],[150375.085,482788.186],[150374.866,482788.475],[150374.674,482788.778],[150370.054,482795.336],[150344.29,482831.847],[150289.815,482909.173],[150233.718,482988.812],[150182.79,483061.039]]]},"id":"fe820426-f492-57bd-a544-4856a6a4aa51"},{"type":"Feature","properties":{"bronhouder":"G0034","creation_date":"2023-12-17T23:00:00Z","eind_registratie":null,"functie":"inrit","functie_codespace":"http://www.geostandaarden.nl/imgeo/def/2.1#FunctieWeg","fysiek_voorkomen":"half verhard","fysiek_voorkomen_codespace":"http://www.geostandaarden.nl/imgeo/def/2.1#FysiekVoorkomenWeg","in_onderzoek":null,"in_onderzoek_leeg":"geenWaarde","kruinlijn_leeg":"waardeOnbekend","lokaal_id":"G0034.13fb4546813049aeb69dd5a8248ebae5","lv_publicatiedatum":"2023-12-18T11:54:14Z","op_talud":"false","op_talud_leeg":null,"plus_functie":null,"plus_functie_codespace":"http://www.geostandaarden.nl/imgeo/def/2.1#VoidReasonValue","plus_functie_leeg":"waardeOnbekend","plus_fysiek_voorkomen":"puin","plus_fysiek_voorkomen_codespace":"http://www.geostandaarden.nl/imgeo/def/2.1#FysiekVoorkomenWegPlus","plus_fysiek_voorkomen_leeg":null,"plus_status":null,"plus_status_codespace":"http://www.geostandaarden.nl/imgeo/def/2.1#VoidReasonValue","plus_status_leeg":"geenWaarde","relatieve_hoogteligging":0,"status":"bestaand","status_codespace":"http://www.geostandaarden.nl/imgeo/def/2.1#Status","status_leeg":null,"termination_date":null,"termination_date_leeg":"geenWaarde","tijdstip_registratie":"2023-12-18T10:52:47Z","version":"e5d695df-b069-f9aa-2fc8-ebb7434d436f"},"geometry":{"type":"Polygon","coordinates":[[[150370.085,482893],[150370.956,482895.552],[150365.181,482901.544],[150363.373,482900.647],[150363.766,482900.094],[150364.17,482899.549],[150364.568,482899.026],[150364.975,482898.509],[150365.39,482897.999],[150365.804,482897.512],[150366.228,482897.033],[150366.659,482896.561],[150367.097,482896.094],[150367.537,482895.629],[150367.977,482895.165],[150368.394,482894.728],[150368.814,482894.293],[150369.236,482893.86],[150369.659,482893.43],[150370.085,482893]]]},"id":"e38df22f-8ce8-5e42-9b2d-31e16aebcec8"},{"type":"Feature","properties":{"bronhouder":"G0034","creation_date":"2023-12-17T23:00:00Z","eind_registratie":null,"functie":"inrit","functie_codespace":"http://www.geostandaarden.nl/imgeo/def/2.1#FunctieWeg","fysiek_voorkomen":"open verharding","fysiek_voorkomen_codespace":"http://www.geostandaarden.nl/imgeo/def/2.1#FysiekVoorkomenWeg","in_onderzoek":null,"in_onderzoek_leeg":"geenWaarde","kruinlijn_leeg":"waardeOnbekend","lokaal_id":"G0034.1983d73424b146d0bf2a19d25a98228a","lv_publicatiedatum":"2023-12-18T11:54:14Z","op_talud":"false","op_talud_leeg":null,"plus_functie":null,"plus_functie_codespace":"http://www.geostandaarden.nl/imgeo/def/2.1#VoidReasonValue","plus_functie_leeg":"waardeOnbekend","plus_fysiek_voorkomen":"betonstraatstenen","plus_fysiek_voorkomen_codespace":"http://www.geostandaarden.nl/imgeo/def/2.1#FysiekVoorkomenWegPlus","plus_fysiek_voorkomen_leeg":null,"plus_status":null,"plus_status_codespace":"http://www.geostandaarden.nl/imgeo/def/2.1#VoidReasonValue","plus_status_leeg":"geenWaarde","relatieve_hoogteligging":0,"status":"bestaand","status_codespace":"http://www.geostandaarden.nl/imgeo/def/2.1#Status","status_leeg":null,"termination_date":null,"termination_date_leeg":"geenWaarde","tijdstip_registratie":"2023-12-18T10:53:33Z","version":"c3db4a68-35dd-04e8-a17d-1fc72bc74b00"},"geometry":{"type":"Polygon","coordinates":[[[150486.443,482935.644],[150487.314,482936.258],[150488.188,482936.869],[150489.063,482937.478],[150489.94,482938.083],[150490.819,482938.686],[150491.701,482939.286],[150488.414,482940.891],[150485.898,482938.548],[150486.443,482935.644]]]},"id":"4fa36479-8834-5523-ac13-5af5497b7ed2"},{"type":"Feature","properties":{"bronhouder":"G0034","creation_date":"2023-12-17T23:00:00Z","eind_registratie":null,"functie":"inrit","functie_codespace":"http://www.geostandaarden.nl/imgeo/def/2.1#FunctieWeg","fysiek_voorkomen":"onverhard","fysiek_voorkomen_codespace":"http://www.geostandaarden.nl/imgeo/def/2.1#FysiekVoorkomenWeg","in_onderzoek":null,"in_onderzoek_leeg":"geenWaarde","kruinlijn_leeg":"waardeOnbekend","lokaal_id":"G0034.33e54de00d0f413ebc5b748738a5e815","lv_publicatiedatum":"2023-12-18T11:54:14Z","op_talud":"false","op_talud_leeg":null,"plus_functie":null,"plus_functie_codespace":"http://www.geostandaarden.nl/imgeo/def/2.1#VoidReasonValue","plus_functie_leeg":"waardeOnbekend","plus_fysiek_voorkomen":"boomschors","plus_fysiek_voorkomen_codespace":"http://www.geostandaarden.nl/imgeo/def/2.1#FysiekVoorkomenWegPlus","plus_fysiek_voorkomen_leeg":null,"plus_status":null,"plus_status_codespace":"http://www.geostandaarden.nl/imgeo/def/2.1#VoidReasonValue","plus_status_leeg":"geenWaarde","relatieve_hoogteligging":0,"status":"bestaand","status_codespace":"http://www.geostandaarden.nl/imgeo/def/2.1#Status","status_leeg":null,"termination_date":null,"termination_date_leeg":"geenWaarde","tijdstip_registratie":"2023-12-18T10:53:12Z","version":"ba26fa2f-e255-08f1-be04-c4f3fe30083b"},"geometry":{"type":"Polygon","coordinates":[[[150380.076,482886.704],[150380.595,482888.134],[150376.309,482891.293],[150375.306,482888.437],[150380.076,482886.704]]]},"id":"02c76765-7f98-55c6-9982-67929b2aef58"},{"type":"Feature","properties":{"bronhouder":"G0034","creation_date":"2023-12-17T23:00:00Z","eind_registratie":null,"functie":"inrit","functie_codespace":"http://www.geostandaarden.nl/imgeo/def/2.1#FunctieWeg","fysiek_voorkomen":"half verhard","fysiek_voorkomen_codespace":"http://www.geostandaarden.nl/imgeo/def/2.1#FysiekVoorkomenWeg","in_onderzoek":null,"in_onderzoek_leeg":"geenWaarde","kruinlijn_leeg":"waardeOnbekend","lokaal_id":"G0034.376dd74c10a243ebb9c0eeeacb1be66b","lv_publicatiedatum":"2023-12-18T11:54:14Z","op_talud":"false","op_talud_leeg":null,"plus_functie":null,"plus_functie_codespace":"http://www.geostandaarden.nl/imgeo/def/2.1#VoidReasonValue","plus_functie_leeg":"waardeOnbekend","plus_fysiek_voorkomen":"grind","plus_fysiek_voorkomen_codespace":"http://www.geostandaarden.nl/imgeo/def/2.1#FysiekVoorkomenWegPlus","plus_fysiek_voorkomen_leeg":null,"plus_status":null,"plus_status_codespace":"http://www.geostandaarden.nl/imgeo/def/2.1#VoidReasonValue","plus_status_leeg":"geenWaarde","relatieve_hoogteligging":0,"status":"bestaand","status_codespace":"http://www.geostandaarden.nl/imgeo/def/2.1#Status","status_leeg":null,"termination_date":null,"termination_date_leeg":"geenWaarde","tijdstip_registratie":"2023-12-18T10:52:44Z","version":"28e36342-ce7f-c0c7-096c-64d671a5851b"},"geometry":{"type":"Polygon","coordinates":[[[150440.166,482889.721],[150439.717,482890.319],[150438.706,482894.185],[150437.857,482893.588],[150437.007,482892.994],[150436.154,482892.404],[150435.298,482891.818],[150434.439,482891.236],[150436.787,482887.818],[150440.166,482889.721]]]},"id":"1b6c8f10-34a9-5251-8808-fa654a325e99"},{"type":"Feature","properties":{"bronhouder":"G0034","creation_date":"2023-12-17T23:00:00Z","eind_registratie":null,"functie":"inrit","functie_codespace":"http://www.geostandaarden.nl/imgeo/def/2.1#FunctieWeg","fysiek_voorkomen":"half verhard","fysiek_voorkomen_codespace":"http://www.geostandaarden.nl/imgeo/def/2.1#FysiekVoorkomenWeg","in_onderzoek":null,"in_onderzoek_leeg":"geenWaarde","kruinlijn_leeg":"waardeOnbekend","lokaal_id":"G0034.415a776cddb1486dbeeea8ee3b00eabd","lv_publicatiedatum":"2023-12-18T11:54:14Z","op_talud":"false","op_talud_leeg":null,"plus_functie":null,"plus_functie_codespace":"http://www.geostandaarden.nl/imgeo/def/2.1#VoidReasonValue","plus_functie_leeg":"waardeOnbekend","plus_fysiek_voorkomen":"grind","plus_fysiek_voorkomen_codespace":"http://www.geostandaarden.nl/imgeo/def/2.1#FysiekVoorkomenWegPlus","plus_fysiek_voorkomen_leeg":null,"plus_status":null,"plus_status_codespace":"http://www.geostandaarden.nl/imgeo/def/2.1#VoidReasonValue","plus_status_leeg":"geenWaarde","relatieve_hoogteligging":0,"status":"bestaand","status_codespace":"http://www.geostandaarden.nl/imgeo/def/2.1#Status","status_leeg":null,"termination_date":null,"termination_date_leeg":"geenWaarde","tijdstip_registratie":"2023-12-18T10:53:50Z","version":"cc07c444-0650-6da7-6d64-369e65e9cac5"},"geometry":{"type":"Polygon","coordinates":[[[150335.653,482920.571],[150341.883,482924.948],[150341.339,482925.02],[150340.836,482925.087],[150340.052,482925.215],[150339.274,482925.372],[150338.502,482925.561],[150337.742,482925.787],[150333.216,482922.734],[150335.653,482920.571]]]},"id":"ddf070fd-dd91-55d0-9d5f-69fc165641a6"},{"type":"Feature","properties":{"bronhouder":"G0034","creation_date":"2023-12-17T23:00:00Z","eind_registratie":null,"functie":"inrit","functie_codespace":"http://www.geostandaarden.nl/imgeo/def/2.1#FunctieWeg","fysiek_voorkomen":"half verhard","fysiek_voorkomen_codespace":"http://www.geostandaarden.nl/imgeo/def/2.1#FysiekVoorkomenWeg","in_onderzoek":null,"in_onderzoek_leeg":"geenWaarde","kruinlijn_leeg":"waardeOnbekend","lokaal_id":"G0034.41d8c19b899548779a6a7aec494042b9","lv_publicatiedatum":"2023-12-18T11:54:14Z","op_talud":"false","op_talud_leeg":null,"plus_functie":null,"plus_functie_codespace":"http://www.geostandaarden.nl/imgeo/def/2.1#VoidReasonValue","plus_functie_leeg":"waardeOnbekend","plus_fysiek_voorkomen":"grind","plus_fysiek_voorkomen_codespace":"http://www.geostandaarden.nl/imgeo/def/2.1#FysiekVoorkomenWegPlus","plus_fysiek_voorkomen_leeg":null,"plus_status":null,"plus_status_codespace":"http://www.geostandaarden.nl/imgeo/def/2.1#VoidReasonValue","plus_status_leeg":"geenWaarde","relatieve_hoogteligging":0,"status":"bestaand","status_codespace":"http://www.geostandaarden.nl/imgeo/def/2.1#Status","status_leeg":null,"termination_date":null,"termination_date_leeg":"geenWaarde","tijdstip_registratie":"2023-12-18T10:52:52Z","version":"48b39301-854e-3e85-d6d8-18e964b489dc"},"geometry":{"type":"Polygon","coordinates":[[[150357.8,482936.549],[150358.36,482937.182],[150358.896,482937.837],[150359.416,482938.505],[150359.93,482939.177],[150360.412,482939.82],[150360.885,482940.47],[150361.351,482941.124],[150361.815,482941.78],[150360.046,482943.583],[150356.039,482938.184],[150357.8,482936.549]]]},"id":"49169de3-de87-52ab-8de8-0b705eaf5de4"},{"type":"Feature","properties":{"bronhouder":"G0034","creation_date":"2023-12-17T23:00:00Z","eind_registratie":null,"functie":"inrit","functie_codespace":"http://www.geostandaarden.nl/imgeo/def/2.1#FunctieWeg","fysiek_voorkomen":"open verharding","fysiek_voorkomen_codespace":"http://www.geostandaarden.nl/imgeo/def/2.1#FysiekVoorkomenWeg","in_onderzoek":null,"in_onderzoek_leeg":"geenWaarde","kruinlijn_leeg":"waardeOnbekend","lokaal_id":"G0034.449496deebce48a58ddec999aa185f87","lv_publicatiedatum":"2023-12-18T11:54:14Z","op_talud":"false","op_talud_leeg":null,"plus_functie":null,"plus_functie_codespace":"http://www.geostandaarden.nl/imgeo/def/2.1#VoidReasonValue","plus_functie_leeg":"waardeOnbekend","plus_fysiek_voorkomen":"betonstraatstenen","plus_fysiek_voorkomen_codespace":"http://www.geostandaarden.nl/imgeo/def/2.1#FysiekVoorkomenWegPlus","plus_fysiek_voorkomen_leeg":null,"plus_status":null,"plus_status_codespace":"http://www.geostandaarden.nl/imgeo/def/2.1#VoidReasonValue","plus_status_leeg":"geenWaarde","relatieve_hoogteligging":0,"status":"bestaand","status_codespace":"http://www.geostandaarden.nl/imgeo/def/2.1#Status","status_leeg":null,"termination_date":null,"termination_date_leeg":"geenWaarde","tijdstip_registratie":"2023-12-18T10:53:11Z","version":"b9868f8c-68c1-321c-d2ae-cd58d7a447d0"},"geometry":{"type":"Polygon","coordinates":[[[150381.974,482885.962],[150380.076,482886.704],[150375.306,482888.437],[150375.229,482888.309],[150375.689,482887.962],[150376.154,482887.623],[150376.625,482887.29],[150377.099,482886.963],[150377.577,482886.64],[150378.132,482886.272],[150378.692,482885.91],[150379.256,482885.556],[150379.825,482885.208],[150380.397,482884.867],[150381.213,482884.414],[150381.974,482885.962]]]},"id":"8bbb24e9-838d-532f-8112-da6e22c255a6"},{"type":"Feature","properties":{"bronhouder":"G0034","creation_date":"2023-12-17T23:00:00Z","eind_registratie":null,"functie":"inrit","functie_codespace":"http://www.geostandaarden.nl/imgeo/def/2.1#FunctieWeg","fysiek_voorkomen":"open verharding","fysiek_voorkomen_codespace":"http://www.geostandaarden.nl/imgeo/def/2.1#FysiekVoorkomenWeg","in_onderzoek":null,"in_onderzoek_leeg":"geenWaarde","kruinlijn_leeg":"waardeOnbekend","lokaal_id":"G0034.483ccdcf333643db8bfa8c2803108ec7","lv_publicatiedatum":"2023-12-18T11:54:14Z","op_talud":"false","op_talud_leeg":null,"plus_functie":null,"plus_functie_codespace":"http://www.geostandaarden.nl/imgeo/def/2.1#VoidReasonValue","plus_functie_leeg":"waardeOnbekend","plus_fysiek_voorkomen":"betonstraatstenen","plus_fysiek_voorkomen_codespace":"http://www.geostandaarden.nl/imgeo/def/2.1#FysiekVoorkomenWegPlus","plus_fysiek_voorkomen_leeg":null,"plus_status":null,"plus_status_codespace":"http://www.geostandaarden.nl/imgeo/def/2.1#VoidReasonValue","plus_status_leeg":"geenWaarde","relatieve_hoogteligging":0,"status":"bestaand","status_codespace":"http://www.geostandaarden.nl/imgeo/def/2.1#Status","status_leeg":null,"termination_date":null,"termination_date_leeg":"geenWaarde","tijdstip_registratie":"2023-12-18T10:53:12Z","version":"8e65b00f-88f2-8598-3bac-1c466c592670"},"geometry":{"type":"Polygon","coordinates":[[[150303.545,482952.397],[150301.46,482955.259],[150300.28,482954.433],[150302.954,482950.011],[150304.397,482951.016],[150303.545,482952.397]]]},"id":"2b5064a3-0008-5213-94c8-ebe824baae59"},{"type":"Feature","properties":{"bronhouder":"G0034","creation_date":"2023-12-17T23:00:00Z","eind_registratie":null,"functie":"inrit","functie_codespace":"http://www.geostandaarden.nl/imgeo/def/2.1#FunctieWeg","fysiek_voorkomen":"open verharding","fysiek_voorkomen_codespace":"http://www.geostandaarden.nl/imgeo/def/2.1#FysiekVoorkomenWeg","in_onderzoek":null,"in_onderzoek_leeg":"geenWaarde","kruinlijn_leeg":"waardeOnbekend","lokaal_id":"G0034.67989704f9fb4b6dbcf1fe328c3a2525","lv_publicatiedatum":"2023-12-18T11:54:14Z","op_talud":"false","op_talud_leeg":null,"plus_functie":null,"plus_functie_codespace":"http://www.geostandaarden.nl/imgeo/def/2.1#VoidReasonValue","plus_functie_leeg":"waardeOnbekend","plus_fysiek_voorkomen":"betonstraatstenen","plus_fysiek_voorkomen_codespace":"http://www.geostandaarden.nl/imgeo/def/2.1#FysiekVoorkomenWegPlus","plus_fysiek_voorkomen_leeg":null,"plus_status":null,"plus_status_codespace":"http://www.geostandaarden.nl/imgeo/def/2.1#VoidReasonValue","plus_status_leeg":"geenWaarde","relatieve_hoogteligging":0,"status":"bestaand","status_codespace":"http://www.geostandaarden.nl/imgeo/def/2.1#Status","status_leeg":null,"termination_date":null,"termination_date_leeg":"geenWaarde","tijdstip_registratie":"2023-12-18T10:52:44Z","version":"5206d4a7-6d91-3d66-2b45-04bb125014d7"},"geometry":{"type":"Polygon","coordinates":[[[150373.404,482883.77],[150369.131,482880.844],[150374.444,482876.812],[150379.136,482880.205],[150377.455,482881.211],[150376.628,482881.714],[150376.216,482881.968],[150375.806,482882.224],[150375.396,482882.482],[150374.995,482882.735],[150374.594,482882.989],[150374.195,482883.246],[150373.798,482883.505],[150373.404,482883.77]]]},"id":"bb1a050f-6d4d-58a8-9d6d-6b5eb3a5fa85"},{"type":"Feature","properties":{"bronhouder":"G0034","creation_date":"2023-12-17T23:00:00Z","eind_registratie":null,"functie":"inrit","functie_codespace":"http://www.geostandaarden.nl/imgeo/def/2.1#FunctieWeg","fysiek_voorkomen":"half verhard","fysiek_voorkomen_codespace":"http://www.geostandaarden.nl/imgeo/def/2.1#FysiekVoorkomenWeg","in_onderzoek":null,"in_onderzoek_leeg":"geenWaarde","kruinlijn_leeg":"waardeOnbekend","lokaal_id":"G0034.6df2b151cd23437984c722f0b2fb874f","lv_publicatiedatum":"2023-12-18T11:54:14Z","op_talud":"false","op_talud_leeg":null,"plus_functie":null,"plus_functie_codespace":"http://www.geostandaarden.nl/imgeo/def/2.1#VoidReasonValue","plus_functie_leeg":"waardeOnbekend","plus_fysiek_voorkomen":"grind","plus_fysiek_voorkomen_codespace":"http://www.geostandaarden.nl/imgeo/def/2.1#FysiekVoorkomenWegPlus","plus_fysiek_voorkomen_leeg":null,"plus_status":null,"plus_status_codespace":"http://www.geostandaarden.nl/imgeo/def/2.1#VoidReasonValue","plus_status_leeg":"geenWaarde","relatieve_hoogteligging":0,"status":"bestaand","status_codespace":"http://www.geostandaarden.nl/imgeo/def/2.1#Status","status_leeg":null,"termination_date":null,"termination_date_leeg":"geenWaarde","tijdstip_registratie":"2023-12-18T10:53:54Z","version":"c19cd132-b63c-86a3-65ce-f9bc680f6140"},"geometry":{"type":"Polygon","coordinates":[[[150413.407,483023.459],[150407.809,483023.175],[150407.914,483019.497],[150408.732,483019.43],[150409.551,483019.397],[150410.371,483019.399],[150411.368,483019.445],[150412.361,483019.543],[150413.345,483019.698],[150413.407,483023.459]]]},"id":"3d843ce8-acca-55f8-8fa1-ecc6570f437e"},{"type":"Feature","properties":{"bronhouder":"G0034","creation_date":"2023-12-17T23:00:00Z","eind_registratie":null,"functie":"inrit","functie_codespace":"http://www.geostandaarden.nl/imgeo/def/2.1#FunctieWeg","fysiek_voorkomen":"open verharding","fysiek_voorkomen_codespace":"http://www.geostandaarden.nl/imgeo/def/2.1#FysiekVoorkomenWeg","in_onderzoek":null,"in_onderzoek_leeg":"geenWaarde","kruinlijn_leeg":"waardeOnbekend","lokaal_id":"G0034.77dd106ab25a4d62ae9fc8f1608f5733","lv_publicatiedatum":"2023-12-18T11:54:14Z","op_talud":"false","op_talud_leeg":null,"plus_functie":null,"plus_functie_codespace":"http://www.geostandaarden.nl/imgeo/def/2.1#VoidReasonValue","plus_functie_leeg":"waardeOnbekend","plus_fysiek_voorkomen":"betonstraatstenen","plus_fysiek_voorkomen_codespace":"http://www.geostandaarden.nl/imgeo/def/2.1#FysiekVoorkomenWegPlus","plus_fysiek_voorkomen_leeg":null,"plus_status":null,"plus_status_codespace":"http://www.geostandaarden.nl/imgeo/def/2.1#VoidReasonValue","plus_status_leeg":"geenWaarde","relatieve_hoogteligging":0,"status":"bestaand","status_codespace":"http://www.geostandaarden.nl/imgeo/def/2.1#Status","status_leeg":null,"termination_date":null,"termination_date_leeg":"geenWaarde","tijdstip_registratie":"2023-12-18T10:52:49Z","version":"9a291337-dd25-1a8e-69a9-6bac33d214e3"},"geometry":{"type":"Polygon","coordinates":[[[150403.191,482841.137],[150402.814,482840.907],[150401.4,482839.133],[150401.329,482839.056],[150401.246,482838.99],[150401.155,482838.938],[150401.056,482838.9],[150400.953,482838.878],[150400.911,482838.873],[150400.823,482838.866],[150400.055,482838.807],[150402.973,482834.596],[150403.354,482835.534],[150403.404,482835.635],[150403.468,482835.729],[150403.544,482835.812],[150403.631,482835.884],[150403.727,482835.943],[150403.831,482835.988],[150403.858,482835.996],[150403.946,482836.024],[150405.859,482836.616],[150406.21,482836.844],[150403.191,482841.137]]]},"id":"6332b894-c925-5d09-8f5f-1f8a2148831e"},{"type":"Feature","properties":{"bronhouder":"G0034","creation_date":"2023-12-17T23:00:00Z","eind_registratie":null,"functie":"inrit","functie_codespace":"http://www.geostandaarden.nl/imgeo/def/2.1#FunctieWeg","fysiek_voorkomen":"open verharding","fysiek_voorkomen_codespace":"http://www.geostandaarden.nl/imgeo/def/2.1#FysiekVoorkomenWeg","in_onderzoek":null,"in_onderzoek_leeg":"geenWaarde","kruinlijn_leeg":"waardeOnbekend","lokaal_id":"G0034.99197379ac954fef8ee8e3d6072fb3ed","lv_publicatiedatum":"2023-12-18T11:54:14Z","op_talud":"false","op_talud_leeg":null,"plus_functie":null,"plus_functie_codespace":"http://www.geostandaarden.nl/imgeo/def/2.1#VoidReasonValue","plus_functie_leeg":"waardeOnbekend","plus_fysiek_voorkomen":"betonstraatstenen","plus_fysiek_voorkomen_codespace":"http://www.geostandaarden.nl/imgeo/def/2.1#FysiekVoorkomenWegPlus","plus_fysiek_voorkomen_leeg":null,"plus_status":null,"plus_status_codespace":"http://www.geostandaarden.nl/imgeo/def/2.1#VoidReasonValue","plus_status_leeg":"geenWaarde","relatieve_hoogteligging":0,"status":"bestaand","status_codespace":"http://www.geostandaarden.nl/imgeo/def/2.1#Status","status_leeg":null,"termination_date":null,"termination_date_leeg":"geenWaarde","tijdstip_registratie":"2023-12-18T10:53:14Z","version":"64d94eb4-d239-8e35-4dcc-ac80f7b50809"},"geometry":{"type":"Polygon","coordinates":[[[150492.814,482928.724],[150490.182,482932.448],[150489.547,482931.997],[150488.914,482931.544],[150488.282,482931.09],[150487.65,482930.635],[150487.019,482930.18],[150486.387,482929.726],[150487.343,482928.42],[150489.132,482925.886],[150492.814,482928.724]]]},"id":"c80258b8-9e8b-50e1-bbbf-6cd0cdba4d58"},{"type":"Feature","properties":{"bronhouder":"G0034","creation_date":"2023-12-17T23:00:00Z","eind_registratie":null,"functie":"inrit","functie_codespace":"http://www.geostandaarden.nl/imgeo/def/2.1#FunctieWeg","fysiek_voorkomen":"open verharding","fysiek_voorkomen_codespace":"http://www.geostandaarden.nl/imgeo/def/2.1#FysiekVoorkomenWeg","in_onderzoek":null,"in_onderzoek_leeg":"geenWaarde","kruinlijn_leeg":"waardeOnbekend","lokaal_id":"G0034.9b029ff941b04e2689c50cb91f9aa51e","lv_publicatiedatum":"2023-12-18T11:54:14Z","op_talud":"false","op_talud_leeg":null,"plus_functie":null,"plus_functie_codespace":"http://www.geostandaarden.nl/imgeo/def/2.1#VoidReasonValue","plus_functie_leeg":"waardeOnbekend","plus_fysiek_voorkomen":"betonstraatstenen","plus_fysiek_voorkomen_codespace":"http://www.geostandaarden.nl/imgeo/def/2.1#FysiekVoorkomenWegPlus","plus_fysiek_voorkomen_leeg":null,"plus_status":null,"plus_status_codespace":"http://www.geostandaarden.nl/imgeo/def/2.1#VoidReasonValue","plus_status_leeg":"geenWaarde","relatieve_hoogteligging":0,"status":"bestaand","status_codespace":"http://www.geostandaarden.nl/imgeo/def/2.1#Status","status_leeg":null,"termination_date":null,"termination_date_leeg":"geenWaarde","tijdstip_registratie":"2023-12-18T10:53:07Z","version":"8273880c-6a9e-f44b-b46c-c0b5bd1ff6a2"},"geometry":{"type":"Polygon","coordinates":[[[150500.63,482934.407],[150500.102,482935.149],[150499.177,482938.555],[150498.441,482938.078],[150497.707,482937.598],[150496.976,482937.114],[150496.246,482936.627],[150495.519,482936.138],[150494.792,482935.646],[150494.068,482935.152],[150497.05,482933.088],[150497.62,482932.27],[150500.63,482934.407]]]},"id":"b6c9df2f-5752-5b8c-a9a6-59fd6603d140"},{"type":"Feature","properties":{"bronhouder":"G0034","creation_date":"2023-12-17T23:00:00Z","eind_registratie":null,"functie":"inrit","functie_codespace":"http://www.geostandaarden.nl/imgeo/def/2.1#FunctieWeg","fysiek_voorkomen":"open verharding","fysiek_voorkomen_codespace":"http://www.geostandaarden.nl/imgeo/def/2.1#FysiekVoorkomenWeg","in_onderzoek":null,"in_onderzoek_leeg":"geenWaarde","kruinlijn_leeg":"waardeOnbekend","lokaal_id":"G0034.a680b969f45e4e7f8ab86f3d1ca4618e","lv_publicatiedatum":"2023-12-18T11:54:14Z","op_talud":"false","op_talud_leeg":null,"plus_functie":null,"plus_functie_codespace":"http://www.geostandaarden.nl/imgeo/def/2.1#VoidReasonValue","plus_functie_leeg":"waardeOnbekend","plus_fysiek_voorkomen":"betonstraatstenen","plus_fysiek_voorkomen_codespace":"http://www.geostandaarden.nl/imgeo/def/2.1#FysiekVoorkomenWegPlus","plus_fysiek_voorkomen_leeg":null,"plus_status":null,"plus_status_codespace":"http://www.geostandaarden.nl/imgeo/def/2.1#VoidReasonValue","plus_status_leeg":"geenWaarde","relatieve_hoogteligging":0,"status":"bestaand","status_codespace":"http://www.geostandaarden.nl/imgeo/def/2.1#Status","status_leeg":null,"termination_date":null,"termination_date_leeg":"geenWaarde","tijdstip_registratie":"2023-12-18T10:53:49Z","version":"f20c594c-f5a7-7909-ce84-3676674dd029"},"geometry":{"type":"Polygon","coordinates":[[[150351.574,482916.418],[150351.46,482916.654],[150351.345,482916.891],[150351.227,482917.126],[150351.104,482917.358],[150350.976,482917.588],[150350.842,482917.814],[150350.703,482918.038],[150350.559,482918.259],[150350.41,482918.477],[150350.258,482918.693],[150350.103,482918.905],[150349.964,482919.09],[150349.822,482919.273],[150349.677,482919.453],[150349.529,482919.631],[150349.379,482919.806],[150349.225,482919.979],[150349.051,482920.166],[150348.874,482920.349],[150348.693,482920.53],[150348.508,482920.706],[150348.321,482920.879],[150348.13,482921.049],[150347.935,482921.214],[150347.738,482921.376],[150346.414,482922.382],[150345.824,482920.378],[150344.337,482919.33],[150347.18,482915.274],[150348.681,482916.321],[150351.574,482916.418]]]},"id":"acd473d1-aca1-5b5c-ba37-ebdb523f911a"},{"type":"Feature","properties":{"bronhouder":"G0034","creation_date":"2023-12-17T23:00:00Z","eind_registratie":null,"functie":"inrit","functie_codespace":"http://www.geostandaarden.nl/imgeo/def/2.1#FunctieWeg","fysiek_voorkomen":"open verharding","fysiek_voorkomen_codespace":"http://www.geostandaarden.nl/imgeo/def/2.1#FysiekVoorkomenWeg","in_onderzoek":null,"in_onderzoek_leeg":"geenWaarde","kruinlijn_leeg":"waardeOnbekend","lokaal_id":"G0034.b4773e7338314d9892873dc2daa881c8","lv_publicatiedatum":"2023-12-18T11:54:14Z","op_talud":"false","op_talud_leeg":null,"plus_functie":null,"plus_functie_codespace":"http://www.geostandaarden.nl/imgeo/def/2.1#VoidReasonValue","plus_functie_leeg":"waardeOnbekend","plus_fysiek_voorkomen":"betonstraatstenen","plus_fysiek_voorkomen_codespace":"http://www.geostandaarden.nl/imgeo/def/2.1#FysiekVoorkomenWegPlus","plus_fysiek_voorkomen_leeg":null,"plus_status":null,"plus_status_codespace":"http://www.geostandaarden.nl/imgeo/def/2.1#VoidReasonValue","plus_status_leeg":"geenWaarde","relatieve_hoogteligging":0,"status":"bestaand","status_codespace":"http://www.geostandaarden.nl/imgeo/def/2.1#Status","status_leeg":null,"termination_date":null,"termination_date_leeg":"geenWaarde","tijdstip_registratie":"2023-12-18T10:53:40Z","version":"2a109622-a80b-6383-860c-9a11ca5dac52"},"geometry":{"type":"Polygon","coordinates":[[[150458.798,482915.105],[150462.604,482917.976],[150460.926,482919.374],[150458.496,482917.373],[150458.798,482915.105]]]},"id":"b252fb1b-4daa-52b8-8e21-e10aee40bf47"},{"type":"Feature","properties":{"bronhouder":"G0034","creation_date":"2023-12-17T23:00:00Z","eind_registratie":null,"functie":"inrit","functie_codespace":"http://www.geostandaarden.nl/imgeo/def/2.1#FunctieWeg","fysiek_voorkomen":"open verharding","fysiek_voorkomen_codespace":"http://www.geostandaarden.nl/imgeo/def/2.1#FysiekVoorkomenWeg","in_onderzoek":null,"in_onderzoek_leeg":"geenWaarde","kruinlijn_leeg":"waardeOnbekend","lokaal_id":"G0034.b5f563f91cf04a58bc6a58e4a7ae5937","lv_publicatiedatum":"2023-12-18T11:54:14Z","op_talud":"false","op_talud_leeg":null,"plus_functie":null,"plus_functie_codespace":"http://www.geostandaarden.nl/imgeo/def/2.1#VoidReasonValue","plus_functie_leeg":"waardeOnbekend","plus_fysiek_voorkomen":"betonstraatstenen","plus_fysiek_voorkomen_codespace":"http://www.geostandaarden.nl/imgeo/def/2.1#FysiekVoorkomenWegPlus","plus_fysiek_voorkomen_leeg":null,"plus_status":null,"plus_status_codespace":"http://www.geostandaarden.nl/imgeo/def/2.1#VoidReasonValue","plus_status_leeg":"geenWaarde","relatieve_hoogteligging":0,"status":"bestaand","status_codespace":"http://www.geostandaarden.nl/imgeo/def/2.1#Status","status_leeg":null,"termination_date":null,"termination_date_leeg":"geenWaarde","tijdstip_registratie":"2023-12-18T10:53:07Z","version":"732729cd-2c21-02a0-d6bc-48b51df5b474"},"geometry":{"type":"Polygon","coordinates":[[[150389.359,483011.673],[150387.018,483010.989],[150387.467,483005.895],[150389.757,483006.572],[150389.707,483007.851],[150389.627,483009.128],[150389.513,483010.403],[150389.359,483011.673]]]},"id":"72b8879a-014c-559d-a069-0b7ecb9e4d0b"},{"type":"Feature","properties":{"bronhouder":"G0034","creation_date":"2023-12-17T23:00:00Z","eind_registratie":null,"functie":"inrit","functie_codespace":"http://www.geostandaarden.nl/imgeo/def/2.1#FunctieWeg","fysiek_voorkomen":"half verhard","fysiek_voorkomen_codespace":"http://www.geostandaarden.nl/imgeo/def/2.1#FysiekVoorkomenWeg","in_onderzoek":null,"in_onderzoek_leeg":"geenWaarde","kruinlijn_leeg":"waardeOnbekend","lokaal_id":"G0034.b601756b4eac48c3886fa10290f464d7","lv_publicatiedatum":"2023-12-18T11:54:14Z","op_talud":"false","op_talud_leeg":null,"plus_functie":null,"plus_functie_codespace":"http://www.geostandaarden.nl/imgeo/def/2.1#VoidReasonValue","plus_functie_leeg":"waardeOnbekend","plus_fysiek_voorkomen":"puin","plus_fysiek_voorkomen_codespace":"http://www.geostandaarden.nl/imgeo/def/2.1#FysiekVoorkomenWegPlus","plus_fysiek_voorkomen_leeg":null,"plus_status":null,"plus_status_codespace":"http://www.geostandaarden.nl/imgeo/def/2.1#VoidReasonValue","plus_status_leeg":"geenWaarde","relatieve_hoogteligging":0,"status":"bestaand","status_codespace":"http://www.geostandaarden.nl/imgeo/def/2.1#Status","status_leeg":null,"termination_date":null,"termination_date_leeg":"geenWaarde","tijdstip_registratie":"2023-12-18T10:53:38Z","version":"3aa038fa-7270-8f5f-c788-c43edf8d6cfd"},"geometry":{"type":"Polygon","coordinates":[[[150303.202,482957.046],[150301.46,482955.259],[150303.545,482952.397],[150306.252,482953.265],[150305.228,482954.519],[150304.718,482955.148],[150304.211,482955.779],[150303.706,482956.412],[150303.202,482957.046]]]},"id":"ce5ccf9b-6e71-575b-b2c0-e5f569284ee8"},{"type":"Feature","properties":{"bronhouder":"G0034","creation_date":"2023-12-17T23:00:00Z","eind_registratie":null,"functie":"inrit","functie_codespace":"http://www.geostandaarden.nl/imgeo/def/2.1#FunctieWeg","fysiek_voorkomen":"open verharding","fysiek_voorkomen_codespace":"http://www.geostandaarden.nl/imgeo/def/2.1#FysiekVoorkomenWeg","in_onderzoek":null,"in_onderzoek_leeg":"geenWaarde","kruinlijn_leeg":"waardeOnbekend","lokaal_id":"G0034.c2db9d81e7ba4d388ffa98a5bcc3d20e","lv_publicatiedatum":"2023-12-18T11:54:14Z","op_talud":"false","op_talud_leeg":null,"plus_functie":null,"plus_functie_codespace":"http://www.geostandaarden.nl/imgeo/def/2.1#VoidReasonValue","plus_functie_leeg":"waardeOnbekend","plus_fysiek_voorkomen":"betonstraatstenen","plus_fysiek_voorkomen_codespace":"http://www.geostandaarden.nl/imgeo/def/2.1#FysiekVoorkomenWegPlus","plus_fysiek_voorkomen_leeg":null,"plus_status":null,"plus_status_codespace":"http://www.geostandaarden.nl/imgeo/def/2.1#VoidReasonValue","plus_status_leeg":"geenWaarde","relatieve_hoogteligging":0,"status":"bestaand","status_codespace":"http://www.geostandaarden.nl/imgeo/def/2.1#Status","status_leeg":null,"termination_date":null,"termination_date_leeg":"geenWaarde","tijdstip_registratie":"2023-12-18T10:52:46Z","version":"b89f8f52-9c49-a584-49a9-0b31da9bfc60"},"geometry":{"type":"Polygon","coordinates":[[[150364.806,482891.663],[150364.465,482892.025],[150364.124,482892.389],[150363.785,482892.753],[150363.447,482893.118],[150363.111,482893.486],[150362.777,482893.856],[150362.397,482894.281],[150362.017,482894.708],[150361.642,482895.138],[150361.272,482895.573],[150360.91,482896.014],[150359.86,482894.137],[150357.86,482892.658],[150361.549,482887.654],[150361.468,482889.113],[150361.463,482889.21],[150361.464,482889.344],[150361.48,482889.476],[150361.512,482889.606],[150361.56,482889.731],[150361.622,482889.849],[150361.698,482889.959],[150361.786,482890.059],[150361.886,482890.147],[150361.925,482890.177],[150362.717,482890.746],[150363.954,482891.375],[150364.806,482891.663]]]},"id":"e1b0158d-42cc-57e9-b1b1-8fef16db362f"},{"type":"Feature","properties":{"bronhouder":"G0034","creation_date":"2023-12-17T23:00:00Z","eind_registratie":null,"functie":"inrit","functie_codespace":"http://www.geostandaarden.nl/imgeo/def/2.1#FunctieWeg","fysiek_voorkomen":"gesloten verharding","fysiek_voorkomen_codespace":"http://www.geostandaarden.nl/imgeo/def/2.1#FysiekVoorkomenWeg","in_onderzoek":null,"in_onderzoek_leeg":"geenWaarde","kruinlijn_leeg":"waardeOnbekend","lokaal_id":"G0034.c4bbfeaaf13b4726b11cd46b26ffe686","lv_publicatiedatum":"2023-12-18T11:54:14Z","op_talud":"false","op_talud_leeg":null,"plus_functie":null,"plus_functie_codespace":"http://www.geostandaarden.nl/imgeo/def/2.1#VoidReasonValue","plus_functie_leeg":"waardeOnbekend","plus_fysiek_voorkomen":"cementbeton","plus_fysiek_voorkomen_codespace":"http://www.geostandaarden.nl/imgeo/def/2.1#FysiekVoorkomenWegPlus","plus_fysiek_voorkomen_leeg":null,"plus_status":null,"plus_status_codespace":"http://www.geostandaarden.nl/imgeo/def/2.1#VoidReasonValue","plus_status_leeg":"geenWaarde","relatieve_hoogteligging":0,"status":"bestaand","status_codespace":"http://www.geostandaarden.nl/imgeo/def/2.1#Status","status_leeg":null,"termination_date":null,"termination_date_leeg":"geenWaarde","tijdstip_registratie":"2023-12-18T10:53:30Z","version":"91a0c739-6661-3d83-82a7-e7a230edcd09"},"geometry":{"type":"Polygon","coordinates":[[[150432.466,483019.091],[150435.567,483026.452],[150433.69,483027.885],[150431.26,483023.479],[150431.002,483023.045],[150430.872,483022.828],[150430.74,483022.613],[150430.607,483022.398],[150430.472,483022.184],[150430.337,483021.971],[150430.2,483021.759],[150430.064,483021.55],[150429.927,483021.343],[150429.788,483021.136],[150429.649,483020.931],[150429.508,483020.726],[150429.366,483020.521],[150429.223,483020.318],[150429.079,483020.116],[150428.461,483019.277],[150431.665,483019.363],[150432.466,483019.091]]]},"id":"a0686095-9d00-55b0-8a19-7de06d64ad08"},{"type":"Feature","properties":{"bronhouder":"G0034","creation_date":"2023-12-17T23:00:00Z","eind_registratie":null,"functie":"inrit","functie_codespace":"http://www.geostandaarden.nl/imgeo/def/2.1#FunctieWeg","fysiek_voorkomen":"open verharding","fysiek_voorkomen_codespace":"http://www.geostandaarden.nl/imgeo/def/2.1#FysiekVoorkomenWeg","in_onderzoek":null,"in_onderzoek_leeg":"geenWaarde","kruinlijn_leeg":"waardeOnbekend","lokaal_id":"G0034.d619511dcd104610bac629162e4041a1","lv_publicatiedatum":"2023-12-18T11:54:14Z","op_talud":"false","op_talud_leeg":null,"plus_functie":null,"plus_functie_codespace":"http://www.geostandaarden.nl/imgeo/def/2.1#VoidReasonValue","plus_functie_leeg":"waardeOnbekend","plus_fysiek_voorkomen":"betonstraatstenen","plus_fysiek_voorkomen_codespace":"http://www.geostandaarden.nl/imgeo/def/2.1#FysiekVoorkomenWegPlus","plus_fysiek_voorkomen_leeg":null,"plus_status":null,"plus_status_codespace":"http://www.geostandaarden.nl/imgeo/def/2.1#VoidReasonValue","plus_status_leeg":"geenWaarde","relatieve_hoogteligging":0,"status":"bestaand","status_codespace":"http://www.geostandaarden.nl/imgeo/def/2.1#Status","status_leeg":null,"termination_date":null,"termination_date_leeg":"geenWaarde","tijdstip_registratie":"2023-12-18T10:52:45Z","version":"bdb77573-eee4-4a22-d948-0c32dc0e45db"},"geometry":{"type":"Polygon","coordinates":[[[150404.04,482851.003],[150399.429,482857.809],[150398.914,482857.581],[150396.923,482857.598],[150403.211,482848.577],[150404.04,482851.003]]]},"id":"09af7fc9-2e32-5563-984a-43f2396073e2"},{"type":"Feature","properties":{"bronhouder":"G0034","creation_date":"2023-12-17T23:00:00Z","eind_registratie":null,"functie":"inrit","functie_codespace":"http://www.geostandaarden.nl/imgeo/def/2.1#FunctieWeg","fysiek_voorkomen":"half verhard","fysiek_voorkomen_codespace":"http://www.geostandaarden.nl/imgeo/def/2.1#FysiekVoorkomenWeg","in_onderzoek":null,"in_onderzoek_leeg":"geenWaarde","kruinlijn_leeg":"waardeOnbekend","lokaal_id":"G0034.d98100b05ec34865b7849bbd16083ad2","lv_publicatiedatum":"2023-12-18T11:54:14Z","op_talud":"false","op_talud_leeg":null,"plus_functie":null,"plus_functie_codespace":"http://www.geostandaarden.nl/imgeo/def/2.1#VoidReasonValue","plus_functie_leeg":"waardeOnbekend","plus_fysiek_voorkomen":"puin","plus_fysiek_voorkomen_codespace":"http://www.geostandaarden.nl/imgeo/def/2.1#FysiekVoorkomenWegPlus","plus_fysiek_voorkomen_leeg":null,"plus_status":null,"plus_status_codespace":"http://www.geostandaarden.nl/imgeo/def/2.1#VoidReasonValue","plus_status_leeg":"geenWaarde","relatieve_hoogteligging":0,"status":"bestaand","status_codespace":"http://www.geostandaarden.nl/imgeo/def/2.1#Status","status_leeg":null,"termination_date":null,"termination_date_leeg":"geenWaarde","tijdstip_registratie":"2023-12-18T10:52:46Z","version":"92de99fc-f20b-8161-274f-87cb71220b5a"},"geometry":{"type":"Polygon","coordinates":[[[150384.132,482963.712],[150388.549,482968.922],[150386.156,482971.004],[150382.076,482964.616],[150384.132,482963.712]]]},"id":"57fb3dc5-eca9-5057-a10b-58dfcb7d0ee7"},{"type":"Feature","properties":{"bronhouder":"G0034","creation_date":"2023-12-17T23:00:00Z","eind_registratie":null,"functie":"inrit","functie_codespace":"http://www.geostandaarden.nl/imgeo/def/2.1#FunctieWeg","fysiek_voorkomen":"half verhard","fysiek_voorkomen_codespace":"http://www.geostandaarden.nl/imgeo/def/2.1#FysiekVoorkomenWeg","in_onderzoek":null,"in_onderzoek_leeg":"geenWaarde","kruinlijn_leeg":"waardeOnbekend","lokaal_id":"G0034.d9a92f616d4048cb8a28ec559f0a8fdc","lv_publicatiedatum":"2023-12-18T11:54:14Z","op_talud":"false","op_talud_leeg":null,"plus_functie":null,"plus_functie_codespace":"http://www.geostandaarden.nl/imgeo/def/2.1#VoidReasonValue","plus_functie_leeg":"waardeOnbekend","plus_fysiek_voorkomen":"grind","plus_fysiek_voorkomen_codespace":"http://www.geostandaarden.nl/imgeo/def/2.1#FysiekVoorkomenWegPlus","plus_fysiek_voorkomen_leeg":null,"plus_status":null,"plus_status_codespace":"http://www.geostandaarden.nl/imgeo/def/2.1#VoidReasonValue","plus_status_leeg":"geenWaarde","relatieve_hoogteligging":0,"status":"bestaand","status_codespace":"http://www.geostandaarden.nl/imgeo/def/2.1#Status","status_leeg":null,"termination_date":null,"termination_date_leeg":"geenWaarde","tijdstip_registratie":"2023-12-18T10:53:12Z","version":"b27957ba-a76e-bf46-7a06-94d31a2c6558"},"geometry":{"type":"Polygon","coordinates":[[[150458.73,482903.089],[150464.321,482906.93],[150463.903,482907.524],[150463.212,482907.061],[150460.758,482910.64],[150455.978,482907.023],[150458.73,482903.089]]]},"id":"e3119c7f-de73-5502-9ced-d532d594c0b0"},{"type":"Feature","properties":{"bronhouder":"G0034","creation_date":"2023-12-17T23:00:00Z","eind_registratie":null,"functie":"inrit","functie_codespace":"http://www.geostandaarden.nl/imgeo/def/2.1#FunctieWeg","fysiek_voorkomen":"open verharding","fysiek_voorkomen_codespace":"http://www.geostandaarden.nl/imgeo/def/2.1#FysiekVoorkomenWeg","in_onderzoek":null,"in_onderzoek_leeg":"geenWaarde","kruinlijn_leeg":"waardeOnbekend","lokaal_id":"G0034.def26bb8bdc84ed4b1188302c925affe","lv_publicatiedatum":"2023-12-18T11:54:14Z","op_talud":"false","op_talud_leeg":null,"plus_functie":null,"plus_functie_codespace":"http://www.geostandaarden.nl/imgeo/def/2.1#VoidReasonValue","plus_functie_leeg":"waardeOnbekend","plus_fysiek_voorkomen":"betonstraatstenen","plus_fysiek_voorkomen_codespace":"http://www.geostandaarden.nl/imgeo/def/2.1#FysiekVoorkomenWegPlus","plus_fysiek_voorkomen_leeg":null,"plus_status":null,"plus_status_codespace":"http://www.geostandaarden.nl/imgeo/def/2.1#VoidReasonValue","plus_status_leeg":"geenWaarde","relatieve_hoogteligging":0,"status":"bestaand","status_codespace":"http://www.geostandaarden.nl/imgeo/def/2.1#Status","status_leeg":null,"termination_date":null,"termination_date_leeg":"geenWaarde","tijdstip_registratie":"2023-12-18T10:53:41Z","version":"7525ae16-4447-eb20-a579-9742be26b92f"},"geometry":{"type":"Polygon","coordinates":[[[150390.97,482858.581],[150387.515,482863.466],[150386.011,482861.178],[150385.804,482861.059],[150388.229,482857.633],[150388.418,482857.761],[150390.97,482858.581]]]},"id":"c3c8d62c-596e-510d-8ee6-1439ed719fac"},{"type":"Feature","properties":{"bronhouder":"G0034","creation_date":"2023-12-17T23:00:00Z","eind_registratie":null,"functie":"inrit","functie_codespace":"http://www.geostandaarden.nl/imgeo/def/2.1#FunctieWeg","fysiek_voorkomen":"gesloten verharding","fysiek_voorkomen_codespace":"http://www.geostandaarden.nl/imgeo/def/2.1#FysiekVoorkomenWeg","in_onderzoek":null,"in_onderzoek_leeg":"geenWaarde","kruinlijn_leeg":"waardeOnbekend","lokaal_id":"G0034.e1ee73433a084460a95e193cb1ea7d21","lv_publicatiedatum":"2023-12-18T11:54:14Z","op_talud":"false","op_talud_leeg":null,"plus_functie":null,"plus_functie_codespace":"http://www.geostandaarden.nl/imgeo/def/2.1#VoidReasonValue","plus_functie_leeg":"waardeOnbekend","plus_fysiek_voorkomen":"cementbeton","plus_fysiek_voorkomen_codespace":"http://www.geostandaarden.nl/imgeo/def/2.1#FysiekVoorkomenWegPlus","plus_fysiek_voorkomen_leeg":null,"plus_status":null,"plus_status_codespace":"http://www.geostandaarden.nl/imgeo/def/2.1#VoidReasonValue","plus_status_leeg":"geenWaarde","relatieve_hoogteligging":0,"status":"bestaand","status_codespace":"http://www.geostandaarden.nl/imgeo/def/2.1#Status","status_leeg":null,"termination_date":null,"termination_date_leeg":"geenWaarde","tijdstip_registratie":"2023-12-18T10:53:31Z","version":"b333f72f-2a09-7276-09fa-27b9c141ac82"},"geometry":{"type":"Polygon","coordinates":[[[150428.461,483019.277],[150429.079,483020.116],[150429.223,483020.318],[150429.366,483020.521],[150429.508,483020.726],[150429.649,483020.931],[150429.788,483021.136],[150429.927,483021.343],[150430.064,483021.55],[150430.2,483021.759],[150430.337,483021.971],[150430.472,483022.184],[150430.607,483022.398],[150430.74,483022.613],[150430.872,483022.828],[150431.002,483023.045],[150431.26,483023.479],[150433.69,483027.885],[150433.488,483028.007],[150432.055,483025.354],[150431.774,483024.831],[150431.486,483024.312],[150431.191,483023.797],[150430.889,483023.285],[150430.581,483022.777],[150430.266,483022.274],[150429.941,483021.773],[150429.608,483021.276],[150429.269,483020.784],[150428.925,483020.296],[150428.577,483019.81],[150428.226,483019.326],[150428.461,483019.277]]]},"id":"887a2fc0-f07c-51ee-8502-b817099e990e"},{"type":"Feature","properties":{"bronhouder":"G0034","creation_date":"2023-12-17T23:00:00Z","eind_registratie":null,"functie":"inrit","functie_codespace":"http://www.geostandaarden.nl/imgeo/def/2.1#FunctieWeg","fysiek_voorkomen":"half verhard","fysiek_voorkomen_codespace":"http://www.geostandaarden.nl/imgeo/def/2.1#FysiekVoorkomenWeg","in_onderzoek":null,"in_onderzoek_leeg":"geenWaarde","kruinlijn_leeg":"waardeOnbekend","lokaal_id":"G0034.f42d581891494cdc9259e324f1c4d98d","lv_publicatiedatum":"2023-12-18T11:54:14Z","op_talud":"false","op_talud_leeg":null,"plus_functie":null,"plus_functie_codespace":"http://www.geostandaarden.nl/imgeo/def/2.1#VoidReasonValue","plus_functie_leeg":"waardeOnbekend","plus_fysiek_voorkomen":"grind","plus_fysiek_voorkomen_codespace":"http://www.geostandaarden.nl/imgeo/def/2.1#FysiekVoorkomenWegPlus","plus_fysiek_voorkomen_leeg":null,"plus_status":null,"plus_status_codespace":"http://www.geostandaarden.nl/imgeo/def/2.1#VoidReasonValue","plus_status_leeg":"geenWaarde","relatieve_hoogteligging":0,"status":"bestaand","status_codespace":"http://www.geostandaarden.nl/imgeo/def/2.1#Status","status_leeg":null,"termination_date":null,"termination_date_leeg":"geenWaarde","tijdstip_registratie":"2023-12-18T10:52:47Z","version":"06e89e02-43f0-e146-eff5-a0221a848f99"},"geometry":{"type":"Polygon","coordinates":[[[150407.435,482992.388],[150411.19,482996.208],[150410.453,482996.796],[150409.271,482999.631],[150405.962,482996.557],[150403.894,482994.555],[150406.874,482993.142],[150407.435,482992.388]]]},"id":"7f042ef2-100c-56cd-8ff4-22ed4877e1a2"},{"type":"Feature","properties":{"bronhouder":"G0034","creation_date":"2023-12-17T23:00:00Z","eind_registratie":null,"functie":"inrit","functie_codespace":"http://www.geostandaarden.nl/imgeo/def/2.1#FunctieWeg","fysiek_voorkomen":"half verhard","fysiek_voorkomen_codespace":"http://www.geostandaarden.nl/imgeo/def/2.1#FysiekVoorkomenWeg","in_onderzoek":null,"in_onderzoek_leeg":"geenWaarde","kruinlijn_leeg":"waardeOnbekend","lokaal_id":"G0034.f63a49ec4aeb4eb9bdadb486f4183a76","lv_publicatiedatum":"2023-12-18T11:54:14Z","op_talud":"false","op_talud_leeg":null,"plus_functie":null,"plus_functie_codespace":"http://www.geostandaarden.nl/imgeo/def/2.1#VoidReasonValue","plus_functie_leeg":"waardeOnbekend","plus_fysiek_voorkomen":"grind","plus_fysiek_voorkomen_codespace":"http://www.geostandaarden.nl/imgeo/def/2.1#FysiekVoorkomenWegPlus","plus_fysiek_voorkomen_leeg":null,"plus_status":null,"plus_status_codespace":"http://www.geostandaarden.nl/imgeo/def/2.1#VoidReasonValue","plus_status_leeg":"geenWaarde","relatieve_hoogteligging":0,"status":"bestaand","status_codespace":"http://www.geostandaarden.nl/imgeo/def/2.1#Status","status_leeg":null,"termination_date":null,"termination_date_leeg":"geenWaarde","tijdstip_registratie":"2023-12-18T10:53:08Z","version":"4c1042ad-b5a1-7686-0249-a4849ba8f553"},"geometry":{"type":"Polygon","coordinates":[[[150298.503,482963.153],[150298.022,482963.804],[150297.546,482964.457],[150297.072,482965.113],[150296.601,482965.771],[150296.132,482966.429],[150295.664,482967.089],[150295.196,482967.749],[150294.727,482968.408],[150293.651,482966.706],[150291.496,482965.291],[150294.448,482961.081],[150296.569,482962.644],[150298.503,482963.153]]]},"id":"43afa01a-aaa9-52a3-9a2d-826968a5a5ed"},{"type":"Feature","properties":{"bronhouder":"G0034","creation_date":"2020-03-24T23:00:00Z","eind_registratie":"2024-01-11T13:53:01Z","functie":"rijbaan lokale weg","functie_codespace":"http://www.geostandaarden.nl/imgeo/def/2.1#FunctieWeg","fysiek_voorkomen":"open verharding","fysiek_voorkomen_codespace":"http://www.geostandaarden.nl/imgeo/def/2.1#FysiekVoorkomenWeg","in_onderzoek":null,"in_onderzoek_leeg":"geenWaarde","kruinlijn_leeg":"waardeOnbekend","lokaal_id":"G0034.e1e411e001c04c34ad4f8c48cbc41b5c","lv_publicatiedatum":"2023-12-18T11:54:14Z","op_talud":"false","op_talud_leeg":null,"plus_functie":null,"plus_functie_codespace":"http://www.geostandaarden.nl/imgeo/def/2.1#VoidReasonValue","plus_functie_leeg":"waardeOnbekend","plus_fysiek_voorkomen":null,"plus_fysiek_voorkomen_codespace":"http://www.geostandaarden.nl/imgeo/def/2.1#VoidReasonValue","plus_fysiek_voorkomen_leeg":"waardeOnbekend","plus_status":null,"plus_status_codespace":"http://www.geostandaarden.nl/imgeo/def/2.1#VoidReasonValue","plus_status_leeg":"geenWaarde","relatieve_hoogteligging":0,"status":"bestaand","status_codespace":"http://www.geostandaarden.nl/imgeo/def/2.1#Status","status_leeg":null,"termination_date":"2024-01-10T23:00:00Z","termination_date_leeg":null,"tijdstip_registratie":"2023-12-18T10:52:19Z","version":"85839a98-2295-408e-86be-1b091e0d86fc"},"geometry":{"type":"Polygon","coordinates":[[[150377.02,482780.376],[150383.092,482784.576],[150387.347,482787.471],[150387.286,482787.551],[150386.765,482788.239],[150385.316,482790.234],[150381.291,482787.456],[150380.648,482787.09],[150380.306,482786.944],[150379.954,482786.822],[150379.594,482786.728],[150379.231,482786.662],[150378.885,482786.624],[150378.534,482786.61],[150378.18,482786.62],[150377.827,482786.654],[150377.479,482786.715],[150377.138,482786.801],[150376.808,482786.915],[150376.491,482787.057],[150376.177,482787.232],[150375.877,482787.436],[150375.594,482787.664],[150375.329,482787.915],[150375.085,482788.186],[150374.866,482788.475],[150374.674,482788.778],[150370.054,482795.336],[150344.29,482831.847],[150289.815,482909.173],[150233.718,482988.812],[150183.723,483059.675],[150183.527,483059.971],[150183.348,483060.28],[150183.187,483060.6],[150183.044,483060.929],[150182.92,483061.266],[150182.816,483061.609],[150182.732,483061.956],[150182.67,483062.306],[150182.629,483062.658],[150182.609,483063.013],[150182.609,483063.371],[150182.63,483063.728],[150182.672,483064.084],[150182.734,483064.436],[150182.917,483065.122],[150183.663,483066.429],[150188.042,483069.593],[150212.098,483086.441],[150241.841,483107.483],[150268.214,483125.991],[150278.102,483132.961],[150294.964,483144.774],[150308.424,483154.313],[150372.516,483199.435],[150410.851,483226.458],[150426.771,483237.608],[150434.003,483242.993],[150437.546,483245.398],[150439.62,483246.632],[150441.05,483246.947],[150442.664,483246.973],[150443.95,483246.724],[150445.17,483246.383],[150445.726,483246.143],[150445.936,483246.289],[150437.89,483257.106],[150436.991,483253.833],[150434.552,483250.285],[150431.284,483247.595],[150424.007,483242.524],[150422.737,483241.621],[150412.797,483234.572],[150395.1,483222.139],[150389.764,483218.444],[150378.94,483210.817],[150367,483202.321],[150336.965,483181.208],[150285.629,483145.044],[150277.142,483139.068],[150274.457,483137.766],[150273.279,483137.081],[150269.177,483134.22],[150265.094,483131.418],[150262.706,483129.057],[150250.732,483120.492],[150226.062,483103.239],[150204.744,483088.134],[150183.599,483073.208],[150160.012,483056.59],[150145.346,483046.328],[150143.601,483045.777],[150135.892,483040.39],[150135.082,483039.013],[150125.751,483032.4],[150106.272,483018.666],[150090.537,483007.583],[150073.493,482995.606],[150049.848,482978.838],[150033.945,482967.721],[150028.3,482963.758],[150027.464,482963.192],[150026.018,482962.36],[150024.281,482961.811],[150016.046,482955.928],[150014.802,482954.289],[150011.878,482952.163],[149998.502,482942.72],[149969.747,482922.499],[149947.56,482906.89],[149925.541,482891.538],[149923.515,482890.603],[149913.001,482883.235],[149911.948,482882.37],[149910.779,482881.451],[149910.314,482880.858],[149886.246,482863.888],[149873.9,482855.273],[149877.228,482850.656],[149881.209,482853.419],[149893.356,482861.96],[149893.611,482862.216],[149893.897,482862.447],[149894.207,482862.65],[149894.537,482862.824],[149894.883,482862.965],[149895.238,482863.072],[149895.599,482863.142],[149895.959,482863.173],[149896.313,482863.156],[149896.662,482863.093],[149897.006,482862.991],[149897.344,482862.86],[149897.677,482862.709],[149898.004,482862.547],[149898.324,482862.384],[149898.623,482862.224],[149898.915,482862.052],[149899.201,482861.868],[149899.479,482861.673],[149899.749,482861.466],[149900.262,482861.023],[149911.968,482844.124],[149915.428,482839.149],[149919.084,482833.957],[149923.647,482827.576],[149928.441,482820.57],[149931.596,482816.04],[149938.412,482806.244],[149944.676,482797.434],[149945.062,482797.015],[149945.261,482796.811],[149945.464,482796.611],[149945.67,482796.415],[149945.881,482796.223],[149946.094,482796.035],[149946.309,482795.853],[149946.526,482795.675],[149946.747,482795.501],[149946.972,482795.331],[149947.199,482795.166],[149947.43,482795.006],[149947.664,482794.851],[149947.937,482794.683],[149948.214,482794.523],[149948.495,482794.37],[149948.779,482794.221],[149949.064,482794.075],[149949.349,482793.928],[149949.625,482793.787],[149949.902,482793.649],[149950.181,482793.514],[149950.46,482793.382],[149950.741,482793.251],[149951.022,482793.121],[149951.304,482792.993],[149951.586,482792.866],[149951.869,482792.739],[149952.151,482792.611],[149952.433,482792.484],[149952.718,482792.349],[149953.002,482792.216],[149953.293,482792.096],[149953.494,482792.028],[149953.697,482791.965],[149953.974,482791.882],[149954.253,482791.807],[149954.533,482791.737],[149954.815,482791.672],[149955.097,482791.609],[149955.663,482791.489],[149955.946,482791.428],[149956.23,482791.368],[149956.514,482791.308],[149956.799,482791.25],[149957.084,482791.194],[149957.369,482791.139],[149957.654,482791.085],[149962.116,482790.418],[149964.694,482789.827],[149965.649,482789.41],[149966.116,482789.181],[149966.577,482788.938],[149967.03,482788.682],[149967.439,482788.435],[149967.842,482788.178],[149968.238,482787.91],[149968.627,482787.631],[149969.008,482787.341],[149969.381,482787.041],[149969.744,482786.73],[149970.098,482786.409],[149970.441,482786.078],[149970.771,482785.739],[149971.092,482785.39],[149971.403,482785.033],[149971.703,482784.666],[149971.993,482784.29],[149972.271,482783.907],[149972.539,482783.516],[149972.794,482783.118],[149979.866,482773.015],[149988.253,482760.944],[149995.219,482750.917],[150003.806,482738.53],[150004.766,482737.194],[150007.315,482733.584],[150010.105,482729.517],[150013.81,482724.282],[150023.472,482710.481],[150025.998,482706.718],[150034.974,482693.824],[150035.689,482692.967],[150036.059,482692.549],[150036.437,482692.139],[150036.823,482691.736],[150037.217,482691.34],[150037.619,482690.953],[150038.028,482690.569],[150038.443,482690.19],[150038.866,482689.82],[150039.297,482689.461],[150039.741,482689.117],[150040.197,482688.791],[150040.642,482688.5],[150041.097,482688.224],[150041.561,482687.962],[150042.034,482687.714],[150042.514,482687.482],[150043.001,482687.264],[150043.495,482687.062],[150043.993,482686.875],[150044.496,482686.703],[150044.977,482686.555],[150045.462,482686.421],[150045.95,482686.301],[150046.442,482686.196],[150046.936,482686.105],[150048.22,482685.85],[150049.432,482685.665],[150056.203,482684.787],[150058.029,482684.474],[150058.94,482684.304],[150059.849,482684.124],[150060.825,482683.924],[150061.801,482683.719],[150062.776,482683.507],[150063.748,482683.285],[150064.718,482683.05],[150065.683,482682.8],[150066.642,482682.532],[150067.595,482682.244],[150068.541,482681.933],[150069.477,482681.597],[150070.456,482681.221],[150071.43,482680.826],[150072.396,482680.412],[150073.354,482679.978],[150074.302,482679.523],[150075.239,482679.045],[150076.161,482678.543],[150077.069,482678.016],[150077.96,482677.464],[150078.833,482676.884],[150079.634,482676.315],[150080.418,482675.721],[150081.186,482675.107],[150081.941,482674.475],[150082.682,482673.827],[150083.412,482673.167],[150084.132,482672.498],[150084.859,482671.807],[150085.576,482671.106],[150086.28,482670.391],[150086.967,482669.661],[150087.633,482668.911],[150088.272,482668.14],[150088.883,482667.346],[150089.467,482666.532],[150090.027,482665.7],[150090.569,482664.856],[150091.095,482664.002],[150091.61,482663.142],[150092.078,482662.348],[150092.538,482661.549],[150092.987,482660.743],[150093.419,482659.929],[150093.831,482659.105],[150094.219,482658.27],[150094.576,482657.422],[150094.949,482656.455],[150095.295,482655.476],[150095.609,482654.488],[150095.883,482653.488],[150096.112,482652.478],[150096.291,482651.666],[150096.465,482650.848],[150096.571,482650.028],[150096.549,482649.209],[150096.387,482648.374],[150096.115,482647.566],[150095.723,482646.815],[150095.069,482645.991],[150094.261,482645.302],[150093.344,482644.785],[150085.38,482639.093],[150068.867,482627.644],[150055.211,482618.137],[150054.952,482617.875],[150054.678,482617.626],[150054.392,482617.389],[150054.093,482617.166],[150053.783,482616.957],[150053.463,482616.763],[150053.135,482616.584],[150052.799,482616.422],[150052.457,482616.277],[150052.109,482616.15],[150051.758,482616.041],[150051.424,482615.95],[150051.087,482615.87],[150050.746,482615.805],[150050.403,482615.76],[150050.06,482615.742],[150049.718,482615.756],[150049.329,482615.811],[150048.945,482615.899],[150048.569,482616.021],[150047.86,482616.358],[150040.817,482624.362],[150037.945,482622.266],[150040.084,482619.129],[150043.348,482614.945],[150047.313,482609.526],[150053.69,482600.729],[150059.073,482592.891],[150064.821,482584.501],[150071.655,482574.597],[150072.551,482573.22],[150072.815,482572.881],[150073.089,482572.55],[150073.374,482572.228],[150073.67,482571.916],[150073.975,482571.613],[150074.29,482571.32],[150074.613,482571.038],[150074.97,482570.747],[150075.338,482570.468],[150075.716,482570.202],[150076.103,482569.949],[150076.499,482569.709],[150076.902,482569.483],[150077.313,482569.271],[150078.153,482568.891],[150084,482566.937],[150088.978,482565.435],[150094.99,482563.569],[150102.802,482561.214],[150108.068,482559.682],[150116.248,482557.099],[150126.717,482553.871],[150133.628,482551.881],[150138.454,482550.601],[150144.586,482548.796],[150150.866,482547.562],[150160.139,482545.731],[150171.252,482543.569],[150183.312,482541.27],[150187.904,482540.369],[150198.715,482538.243],[150201.132,482537.8],[150206.933,482536.801],[150210.611,482536.223],[150211.63,482536.112],[150212.651,482536.012],[150213.673,482535.922],[150214.696,482535.844],[150215.72,482535.776],[150216.744,482535.719],[150217.769,482535.674],[150218.794,482535.639],[150219.819,482535.615],[150220.793,482535.6],[150221.767,482535.593],[150222.741,482535.594],[150223.715,482535.606],[150224.688,482535.63],[150225.661,482535.668],[150226.634,482535.72],[150227.604,482535.79],[150228.678,482535.885],[150229.749,482535.999],[150230.819,482536.129],[150231.886,482536.275],[150232.819,482536.415],[150233.75,482536.569],[150234.679,482536.734],[150235.606,482536.912],[150236.53,482537.104],[150237.523,482537.322],[150238.512,482537.554],[150239.498,482537.801],[150240.479,482538.067],[150241.454,482538.353],[150242.475,482538.68],[150243.488,482539.031],[150244.495,482539.402],[150245.496,482539.786],[150246.494,482540.179],[150247.505,482540.588],[150248.512,482541.011],[150249.513,482541.446],[150250.508,482541.892],[150251.499,482542.35],[150252.416,482542.784],[150253.33,482543.224],[150254.24,482543.675],[150255.142,482544.139],[150256.037,482544.617],[150256.922,482545.113],[150257.858,482545.664],[150258.784,482546.233],[150259.7,482546.819],[150260.606,482547.42],[150261.501,482548.037],[150262.386,482548.667],[150263.183,482549.254],[150263.97,482549.852],[150264.749,482550.463],[150265.518,482551.085],[150267.026,482552.365],[150272.708,482557.415],[150277.989,482562.02],[150284.134,482567.308],[150293.335,482575.11],[150294.352,482575.819],[150294.624,482576.006],[150294.895,482576.193],[150295.165,482576.381],[150295.436,482576.569],[150295.706,482576.757],[150295.976,482576.946],[150296.245,482577.136],[150296.515,482577.326],[150296.785,482577.516],[150297.055,482577.707],[150297.324,482577.899],[150297.592,482578.093],[150297.758,482578.215],[150297.924,482578.338],[150298.174,482578.529],[150298.422,482578.723],[150298.67,482578.917],[150298.922,482579.105],[150299.185,482579.291],[150299.452,482579.471],[150299.721,482579.647],[150299.993,482579.819],[150300.267,482579.988],[150300.542,482580.156],[150300.818,482580.322],[150301.094,482580.488],[150301.361,482580.647],[150301.629,482580.804],[150301.898,482580.959],[150302.168,482581.113],[150302.438,482581.266],[150302.708,482581.419],[150302.978,482581.572],[150303.261,482581.733],[150303.545,482581.894],[150303.828,482582.054],[150304.112,482582.214],[150304.396,482582.373],[150304.68,482582.533],[150304.964,482582.691],[150305.248,482582.85],[150305.818,482583.166],[150314.181,482587.464],[150314.856,482587.806],[150315.527,482588.156],[150316.194,482588.515],[150316.856,482588.882],[150317.514,482589.258],[150318.167,482589.642],[150318.814,482590.034],[150319.456,482590.435],[150320.06,482590.822],[150320.659,482591.216],[150321.254,482591.618],[150321.844,482592.026],[150322.428,482592.442],[150323.008,482592.865],[150324.151,482593.731],[150330.832,482598.8],[150335.716,482602.334],[150338.046,482603.99],[150338.621,482604.444],[150339.193,482604.904],[150339.759,482605.369],[150340.321,482605.84],[150340.877,482606.317],[150341.429,482606.799],[150341.977,482607.287],[150342.53,482607.788],[150343.079,482608.295],[150343.623,482608.806],[150344.162,482609.323],[150344.695,482609.846],[150345.22,482610.377],[150345.738,482610.915],[150346.246,482611.461],[150346.733,482612.002],[150347.213,482612.55],[150347.686,482613.104],[150348.151,482613.665],[150349.057,482614.805],[150352.021,482618.622],[150354.311,482621.663],[150355.971,482623.946],[150356.885,482625.175],[150357.178,482625.585],[150357.48,482625.99],[150357.79,482626.388],[150358.109,482626.78],[150358.436,482627.165],[150358.771,482627.542],[150359.114,482627.913],[150359.44,482628.251],[150359.774,482628.584],[150360.114,482628.91],[150360.461,482629.229],[150360.814,482629.541],[150361.173,482629.847],[150361.537,482630.145],[150362.284,482630.718],[150363.698,482631.639],[150365.853,482632.959],[150368.514,482634.695],[150368.205,482635.052],[150369.689,482638.148],[150370.081,482638.926],[150370.487,482639.698],[150370.907,482640.462],[150371.34,482641.22],[150371.786,482641.97],[150372.246,482642.712],[150372.718,482643.446],[150373.203,482644.171],[150373.701,482644.887],[150374.21,482645.594],[150374.731,482646.295],[150375.261,482646.989],[150375.802,482647.675],[150376.357,482648.349],[150376.927,482649.011],[150377.515,482649.656],[150378.121,482650.283],[150378.751,482650.898],[150379.398,482651.497],[150380.059,482652.079],[150381.426,482653.191],[150386.482,482657.076],[150389.014,482658.999],[150391.377,482660.754],[150392.245,482660.878],[150393.923,482662.004],[150399.548,482666.406],[150400.714,482667.874],[150407.582,482673.5],[150414.41,482679.304],[150420.062,482684.054],[150420.431,482684.364],[150420.571,482684.472],[150420.721,482684.566],[150420.878,482684.647],[150421.042,482684.713],[150421.212,482684.763],[150421.385,482684.799],[150421.557,482684.818],[150424.217,482684.997],[150426.51,482684.557],[150430.56,482674.704],[150437.909,482656.449],[150441.905,482646.643],[150444.117,482641.194],[150446.274,482635.866],[150446.508,482635.213],[150446.751,482634.564],[150447.002,482633.917],[150447.261,482633.274],[150447.528,482632.634],[150447.803,482631.998],[150448.086,482631.365],[150448.355,482630.785],[150448.63,482630.208],[150448.912,482629.634],[150449.201,482629.063],[150449.497,482628.496],[150449.8,482627.932],[150450.108,482627.372],[150450.746,482626.263],[150456.213,482618.346],[150461.458,482610.835],[150464.963,482605.719],[150465.359,482604.956],[150465.535,482604.563],[150465.696,482604.164],[150465.841,482603.76],[150465.979,482603.345],[150466.113,482602.923],[150466.235,482602.495],[150466.338,482602.065],[150466.416,482601.632],[150466.46,482601.198],[150466.463,482600.766],[150466.419,482600.335],[150466.323,482599.883],[150466.185,482599.436],[150466.008,482598.999],[150465.793,482598.577],[150465.544,482598.174],[150465.263,482597.795],[150464.953,482597.444],[150464.617,482597.127],[150457.761,482592.219],[150447.147,482584.874],[150440.039,482579.932],[150435.657,482576.95],[150430.399,482573.277],[150429.592,482572.685],[150421.378,482566.775],[150407.281,482556.901],[150404.043,482554.7],[150400.399,482552.045],[150394.219,482547.732],[150393.224,482546.947],[150392.731,482546.549],[150392.24,482546.148],[150391.753,482545.743],[150391.269,482545.334],[150390.787,482544.922],[150390.309,482544.506],[150389.834,482544.087],[150389.37,482543.671],[150388.91,482543.252],[150388.452,482542.83],[150387.997,482542.405],[150387.546,482541.976],[150387.098,482541.544],[150386.653,482541.108],[150381.513,482535.977],[150377.674,482532.682],[150375.876,482531.627],[150368.245,482527.07],[150358.362,482521.159],[150353.372,482518.217],[150329.805,482504.058],[150304.609,482488.989],[150303.527,482488.385],[150302.458,482487.756],[150301.404,482487.102],[150300.364,482486.423],[150299.341,482485.72],[150298.335,482484.993],[150297.347,482484.244],[150296.377,482483.472],[150295.469,482482.72],[150294.573,482481.952],[150293.692,482481.165],[150292.829,482480.357],[150291.989,482479.528],[150291.173,482478.676],[150290.386,482477.799],[150289.631,482476.895],[150288.948,482476.019],[150288.291,482475.122],[150287.66,482474.206],[150287.054,482473.273],[150286.473,482472.324],[150285.916,482471.361],[150285.383,482470.386],[150284.9,482469.459],[150284.436,482468.523],[150283.996,482467.575],[150283.588,482466.614],[150283.217,482465.638],[150282.864,482464.567],[150282.555,482463.481],[150282.285,482462.384],[150282.046,482461.28],[150281.832,482460.171],[150281.639,482459.051],[150281.474,482457.925],[150281.339,482456.794],[150281.237,482455.661],[150281.17,482454.526],[150281.143,482453.389],[150281.158,482452.187],[150281.216,482450.983],[150281.315,482449.782],[150281.454,482448.583],[150281.631,482447.389],[150281.844,482446.201],[150282.091,482445.021],[150282.369,482443.85],[150282.666,482442.735],[150282.994,482441.628],[150283.353,482440.531],[150283.746,482439.446],[150284.175,482438.376],[150284.652,482437.277],[150285.159,482436.19],[150285.702,482435.119],[150286.286,482434.072],[150286.914,482433.052],[150287.591,482432.066],[150288.114,482431.38],[150288.66,482430.711],[150289.213,482430.048],[150289.949,482429.175],[150290.698,482428.313],[150291.459,482427.462],[150292.233,482426.622],[150293.817,482424.977],[150317.456,482403.231],[150333.072,482388.348],[150337.027,482384.576],[150337.493,482383.9],[150337.705,482383.547],[150337.901,482383.185],[150338.083,482382.817],[150338.249,482382.441],[150338.395,482382.074],[150338.53,482381.7],[150338.65,482381.322],[150338.752,482380.939],[150338.833,482380.552],[150338.889,482380.161],[150338.924,482379.725],[150338.932,482379.285],[150338.913,482378.843],[150338.868,482378.402],[150338.797,482377.965],[150338.701,482377.534],[150338.579,482377.111],[150338.431,482376.699],[150338.27,482376.322],[150338.086,482375.953],[150337.881,482375.594],[150337.656,482375.246],[150337.412,482374.912],[150337.15,482374.592],[150336.872,482374.288],[150336.577,482374.003],[150327.006,482367.208],[150316.848,482360.106],[150303.767,482350.919],[150303.048,482350.438],[150298.569,482347.224],[150296.878,482346.03],[150296.519,482345.92],[150296.335,482345.879],[150296.149,482345.848],[150295.961,482345.828],[150295.773,482345.817],[150295.586,482345.817],[150295.4,482345.827],[150295.214,482345.847],[150295.029,482345.877],[150294.845,482345.918],[150294.664,482345.968],[150294.485,482346.027],[150294.31,482346.096],[150294.14,482346.174],[150293.976,482346.261],[150293.431,482346.581],[150293.32,482346.671],[150293.21,482346.762],[150293.101,482346.854],[150292.993,482346.947],[150292.886,482347.042],[150292.78,482347.137],[150292.675,482347.234],[150292.571,482347.332],[150292.465,482347.434],[150292.36,482347.537],[150292.257,482347.641],[150292.154,482347.747],[150292.053,482347.854],[150291.953,482347.961],[150291.757,482348.18],[150288.288,482353.015],[150283.869,482349.718],[150279.895,482346.762],[150278.762,482345.925],[150274.571,482343.046],[150268.215,482338.471],[150267.668,482338.104],[150267.38,482337.941],[150267.085,482337.792],[150266.783,482337.657],[150266.475,482337.537],[150266.163,482337.433],[150265.835,482337.344],[150265.501,482337.274],[150265.163,482337.222],[150264.823,482337.186],[150264.481,482337.163],[150264.138,482337.152],[150263.797,482337.149],[150263.439,482337.158],[150263.081,482337.179],[150262.724,482337.214],[150262.369,482337.263],[150262.015,482337.324],[150261.664,482337.398],[150261.317,482337.486],[150257.173,482338.521],[150247.855,482340.997],[150234.809,482344.986],[150233.898,482345.336],[150233.454,482345.543],[150233.02,482345.77],[150232.597,482346.017],[150232.186,482346.282],[150231.79,482346.566],[150231.357,482346.908],[150230.941,482347.272],[150230.543,482347.657],[150230.168,482348.063],[150229.817,482348.49],[150229.495,482348.937],[150229.206,482349.395],[150228.943,482349.871],[150228.707,482350.364],[150228.499,482350.87],[150228.321,482351.387],[150228.172,482351.912],[150228.054,482352.444],[150227.968,482352.979],[150227.872,482354.65],[150227.801,482356.413],[150227.737,482357.294],[150227.655,482358.173],[150227.554,482359.05],[150227.435,482359.924],[150227.297,482360.795],[150227.147,482361.631],[150226.98,482362.464],[150226.797,482363.293],[150226.596,482364.118],[150226.378,482364.939],[150226.144,482365.754],[150225.872,482366.638],[150225.585,482367.517],[150225.279,482368.39],[150224.948,482369.254],[150224.589,482370.105],[150224.198,482370.941],[150223.783,482371.748],[150223.341,482372.543],[150222.873,482373.323],[150222.38,482374.089],[150221.862,482374.837],[150221.32,482375.568],[150220.755,482376.28],[150220.167,482376.971],[150219.624,482377.57],[150219.064,482378.152],[150218.486,482378.718],[150217.892,482379.267],[150217.283,482379.797],[150213.909,482382.944],[150212.96,482383.835],[150209.38,482387.23],[150207.489,482388.831],[150205.369,482389.984],[150204.454,482390.274],[150203.995,482390.415],[150203.536,482390.553],[150203.075,482390.688],[150202.614,482390.819],[150202.152,482390.948],[150201.689,482391.073],[150201.225,482391.196],[150200.785,482391.309],[150200.344,482391.419],[150199.903,482391.527],[150199.461,482391.632],[150199.018,482391.734],[150198.575,482391.833],[150198.131,482391.93],[150196.699,482392.128],[150195.444,482392.345],[150193.973,482392.513],[150191.232,482392.891],[150188.837,482393.15],[150188.708,482393.172],[150188.583,482393.209],[150188.463,482393.262],[150188.351,482393.329],[150188.248,482393.408],[150188.155,482393.5],[150188.075,482393.603],[150188.007,482393.715],[150187.954,482393.834],[150187.92,482393.94],[150187.759,482394.556],[150187.138,482396.93],[150183.126,482412.667],[150179.577,482411.989],[150182.494,482400.532],[150184.191,482393.665],[150184.247,482393.44],[150184.261,482393.367],[150184.268,482393.259],[150184.26,482393.151],[150184.235,482393.046],[150184.196,482392.945],[150184.141,482392.851],[150184.074,482392.767],[150183.995,482392.693],[150183.906,482392.631],[150183.809,482392.583],[150183.706,482392.55],[150178.552,482391.316],[150177.497,482390.922],[150176.974,482390.712],[150176.455,482390.495],[150175.938,482390.269],[150175.426,482390.036],[150174.917,482389.794],[150174.412,482389.545],[150173.888,482389.276],[150173.369,482388.999],[150172.854,482388.713],[150172.344,482388.418],[150171.839,482388.116],[150171.338,482387.805],[150170.843,482387.486],[150170.353,482387.16],[150169.249,482386.399],[150167.06,482384.773],[150165.53,482383.521],[150163.953,482382.225],[150162.036,482380.607],[150161.127,482379.794],[150160.678,482379.382],[150160.233,482378.965],[150159.792,482378.543],[150159.355,482378.118],[150158.922,482377.688],[150158.494,482377.255],[150158.07,482376.817],[150157.631,482376.355],[150157.197,482375.889],[150156.767,482375.419],[150156.342,482374.944],[150155.923,482374.465],[150155.507,482373.982],[150155.097,482373.495],[150154.633,482372.843],[150154.935,482372.285],[150157.971,482366.227],[150162.488,482368.136],[150161.368,482370.624],[150161.346,482370.768],[150161.34,482370.84],[150161.338,482370.913],[150161.339,482370.986],[150161.344,482371.059],[150161.352,482371.131],[150161.364,482371.203],[150161.379,482371.273],[150161.399,482371.345],[150161.422,482371.416],[150161.449,482371.485],[150161.479,482371.553],[150161.512,482371.619],[150161.549,482371.684],[150161.589,482371.747],[150161.722,482371.914],[150163.442,482373.697],[150164.434,482374.648],[150164.937,482375.116],[150165.445,482375.579],[150165.958,482376.037],[150166.475,482376.489],[150166.997,482376.936],[150167.523,482377.378],[150168.044,482377.807],[150168.569,482378.23],[150169.098,482378.648],[150169.632,482379.061],[150170.17,482379.468],[150170.712,482379.87],[150171.257,482380.267],[150171.807,482380.658],[150173.187,482381.709],[150177.343,482384.161],[150179.613,482385.213],[150180.781,482385.66],[150182.056,482386.076],[150183.353,482386.424],[150184.668,482386.709],[150185.995,482386.938],[150187.33,482387.113],[150188.666,482387.242],[150189.95,482387.326],[150191.239,482387.368],[150192.531,482387.363],[150193.82,482387.307],[150195.104,482387.193],[150196.379,482387.018],[150197.64,482386.776],[150198.846,482386.478],[150200.038,482386.12],[150201.213,482385.707],[150202.371,482385.243],[150203.508,482384.73],[150204.623,482384.173],[150205.712,482383.575],[150206.85,482382.88],[150207.951,482382.126],[150209.018,482381.321],[150210.054,482380.473],[150211.061,482379.589],[150212.042,482378.678],[150213,482377.747],[150213.939,482376.8],[150214.864,482375.83],[150215.766,482374.835],[150216.638,482373.814],[150217.472,482372.764],[150218.26,482371.683],[150218.994,482370.57],[150219.667,482369.422],[150220.272,482368.238],[150220.75,482367.148],[150221.174,482366.034],[150221.547,482364.901],[150221.875,482363.751],[150222.162,482362.589],[150222.414,482361.418],[150222.636,482360.242],[150222.832,482359.065],[150223.035,482357.73],[150223.217,482356.384],[150223.36,482355.033],[150223.448,482353.68],[150223.465,482352.329],[150223.392,482350.986],[150223.215,482349.654],[150222.957,482348.474],[150222.621,482347.312],[150222.227,482346.165],[150221.795,482345.031],[150221.346,482343.905],[150220.916,482342.859],[150220.464,482341.821],[150219.986,482340.794],[150219.478,482339.783],[150218.936,482338.791],[150218.355,482337.822],[150217.676,482336.79],[150216.957,482335.784],[150216.201,482334.805],[150215.415,482333.851],[150214.629,482332.955],[150213.814,482332.085],[150212.97,482331.242],[150212.096,482330.432],[150211.188,482329.649],[150210.253,482328.898],[150209.29,482328.183],[150208.298,482327.51],[150207.331,482326.91],[150206.34,482326.349],[150205.329,482325.825],[150204.299,482325.342],[150201.218,482324.006],[150200.522,482323.659],[150200.178,482323.477],[150199.837,482323.289],[150199.5,482323.095],[150199.166,482322.895],[150198.835,482322.69],[150198.465,482322.455],[150198.096,482322.217],[150197.73,482321.973],[150197.371,482321.72],[150197.022,482321.455],[150196.684,482321.177],[150196.361,482320.882],[150196.074,482320.611],[150195.782,482320.337],[150195.496,482320.055],[150195.228,482319.762],[150194.989,482319.451],[150194.791,482319.119],[150194.647,482318.761],[150194.548,482318.366],[150194.492,482317.955],[150194.48,482317.539],[150194.516,482317.126],[150194.601,482316.724],[150194.74,482316.343],[150194.957,482315.954],[150195.234,482315.599],[150195.559,482315.279],[150195.917,482314.997],[150196.296,482314.754],[150196.659,482314.567],[150197.042,482314.416],[150197.44,482314.302],[150197.847,482314.226],[150198.257,482314.19],[150198.665,482314.195],[150200.061,482314.246],[150200.457,482314.261],[150200.483,482314.262],[150200.586,482314.278],[150200.686,482314.309],[150200.78,482314.355],[150200.866,482314.415],[150200.942,482314.488],[150201.006,482314.571],[150201.056,482314.662],[150201.092,482314.761],[150201.113,482314.863],[150201.495,482317.975],[150201.551,482318.368],[150201.599,482318.562],[150201.66,482318.752],[150201.734,482318.938],[150201.819,482319.118],[150201.915,482319.291],[150202.029,482319.463],[150202.155,482319.627],[150202.294,482319.783],[150202.443,482319.93],[150202.602,482320.067],[150202.77,482320.192],[150202.946,482320.305],[150203.128,482320.405],[150203.315,482320.491],[150209.705,482323.963],[150211.128,482324.861],[150216.097,482328.783],[150217.157,482329.881],[150217.668,482330.448],[150218.167,482331.027],[150218.652,482331.617],[150219.124,482332.218],[150219.582,482332.83],[150220.026,482333.451],[150220.455,482334.081],[150220.838,482334.672],[150221.208,482335.271],[150221.567,482335.878],[150221.912,482336.493],[150222.245,482337.114],[150222.564,482337.742],[150222.87,482338.376],[150223.991,482340.254],[150224.989,482341.326],[150225.74,482341.712],[150227.958,482341.694],[150229.563,482341.461],[150238.123,482339.058],[150252.98,482334.653],[150263.397,482331.843],[150265.592,482329.025],[150286.037,482343.647],[150288.888,482339.73],[150293.201,482340.491],[150294.188,482340.619],[150296.686,482342.361],[150298.438,482340.216],[150305.202,482345.017],[150307.593,482346.653],[150314.912,482351.807],[150326.36,482359.812],[150344.287,482372.471],[150346.125,482373.817],[150347.029,482374.511],[150347.922,482375.217],[150348.806,482375.936],[150349.678,482376.668],[150350.65,482377.517],[150351.602,482378.388],[150352.538,482379.276],[150353.463,482380.177],[150354.38,482381.087],[150355.292,482382.001],[150356.203,482382.915],[150357.123,482383.842],[150358.038,482384.776],[150358.946,482385.715],[150359.848,482386.66],[150360.745,482387.61],[150361.635,482388.567],[150362.518,482389.529],[150363.396,482390.497],[150368.311,482395.634],[150376.671,482404.744],[150380.56,482408.884],[150381.536,482409.843],[150382.052,482410.368],[150382.314,482410.626],[150382.579,482410.882],[150382.846,482411.135],[150383.116,482411.386],[150383.388,482411.633],[150383.663,482411.878],[150383.94,482412.12],[150384.219,482412.359],[150384.5,482412.595],[150384.784,482412.828],[150385.07,482413.059],[150385.359,482413.286],[150385.649,482413.511],[150385.942,482413.732],[150390.317,482417.016],[150394.98,482420.415],[150395.828,482421.015],[150404.264,482426.939],[150416.446,482435.431],[150433.314,482447.235],[150451.519,482460.15],[150454.813,482462.455],[150461.322,482467.008],[150479.871,482480.11],[150494.871,482490.663],[150516.701,482506.115],[150522.26,482509.983],[150536.086,482519.691],[150544.765,482525.828],[150561.391,482537.557],[150583.352,482552.988],[150587.513,482555.977],[150601.272,482565.514],[150620.628,482579.211],[150625.94,482582.939],[150637.49,482591.091],[150640.244,482593.036],[150644.86,482596.153],[150645.83,482596.726],[150646.319,482597.005],[150646.812,482597.278],[150647.308,482597.545],[150647.807,482597.807],[150648.38,482598.098],[150648.957,482598.38],[150649.538,482598.656],[150650.122,482598.926],[150650.706,482599.193],[150651.267,482599.445],[150651.83,482599.693],[150652.395,482599.936],[150652.962,482600.175],[150653.53,482600.41],[150654.101,482600.641],[150654.673,482600.867],[150655.246,482601.089],[150655.822,482601.306],[150656.399,482601.519],[150656.977,482601.728],[150668.592,482605.736],[150669.731,482606.143],[150674.509,482607.828],[150679.28,482609.399],[150680.313,482609.626],[150680.83,482609.734],[150681.349,482609.839],[150681.868,482609.94],[150682.387,482610.037],[150682.908,482610.131],[150683.441,482610.229],[150683.974,482610.328],[150684.508,482610.426],[150685.043,482610.517],[150685.579,482610.596],[150686.117,482610.658],[150686.656,482610.7],[150687.171,482610.721],[150687.687,482610.729],[150688.202,482610.723],[150688.718,482610.704],[150689.233,482610.671],[150689.746,482610.625],[150690.258,482610.566],[150697.897,482609.623],[150703.544,482609.025],[150708.388,482608.44],[150716.24,482607.536],[150728.138,482606.305],[150728.86,482606.287],[150729.221,482606.28],[150729.582,482606.274],[150729.943,482606.271],[150730.305,482606.269],[150730.666,482606.268],[150731.02,482606.266],[150731.375,482606.262],[150731.73,482606.257],[150732.085,482606.255],[150732.44,482606.258],[150732.794,482606.268],[150733.148,482606.288],[150733.5,482606.32],[150733.799,482606.353],[150734.097,482606.39],[150734.394,482606.434],[150734.689,482606.488],[150734.981,482606.556],[150735.295,482606.646],[150735.605,482606.75],[150735.91,482606.867],[150736.211,482606.997],[150736.505,482607.139],[150736.793,482607.294],[150737.073,482607.461],[150738.51,482608.178],[150739.675,482608.82],[150740.255,482609.147],[150740.832,482609.478],[150741.407,482609.813],[150741.98,482610.151],[150742.551,482610.494],[150743.105,482610.833],[150743.656,482611.177],[150744.205,482611.525],[150744.752,482611.876],[150745.298,482612.229],[150745.842,482612.584],[150746.386,482612.94],[150746.882,482613.266],[150747.376,482613.593],[150747.87,482613.921],[150748.363,482614.251],[150748.854,482614.583],[150749.345,482614.916],[150749.834,482615.251],[150751.902,482616.714],[150757.406,482620.839],[150759.679,482622.661],[150760.224,482623.114],[150760.494,482623.342],[150760.764,482623.573],[150761.032,482623.804],[150761.298,482624.037],[150761.564,482624.272],[150761.828,482624.508],[150762.081,482624.736],[150762.332,482624.965],[150762.582,482625.196],[150762.831,482625.428],[150763.325,482625.896],[150763.57,482626.133],[150763.814,482626.37],[150767.006,482629.625],[150776.259,482639.816],[150778.12,482641.838],[150779.08,482642.855],[150779.569,482643.354],[150780.065,482643.847],[150780.567,482644.333],[150781.076,482644.813],[150781.59,482645.286],[150782.056,482645.704],[150782.526,482646.115],[150783.002,482646.521],[150783.482,482646.922],[150783.966,482647.318],[150784.454,482647.709],[150784.945,482648.096],[150785.485,482648.514],[150786.03,482648.926],[150786.579,482649.333],[150787.132,482649.734],[150787.69,482650.129],[150788.251,482650.519],[150788.817,482650.902],[150793.334,482654.169],[150799.543,482658.581],[150806.285,482663.379],[150813.81,482668.658],[150815.887,482670.103],[150838.258,482686.023],[150840.593,482687.673],[150844.259,482690.237],[150846.399,482691.682],[150859.218,482700.83],[150860.139,482701.357],[150860.398,482701.565],[150861.381,482702.272],[150861.768,482702.461],[150862.33,482702.734],[150863.415,482703.114],[150864.364,482703.249],[150865.368,482703.358],[150866.697,482703.249],[150867.727,482703.005],[150869.084,482702.408],[150870.277,482701.703],[150871.485,482700.546],[150866.158,482707.164],[150859.779,482715.093],[150856.408,482719.284],[150857.584,482717.253],[150857.963,482716.195],[150858.153,482714.838],[150858.18,482713.589],[150857.936,482712.423],[150857.556,482711.228],[150857.041,482710.143],[150856.878,482709.468],[150856.546,482708.805],[150856.154,482708.112],[150855.672,482707.509],[150854.888,482706.424],[150853.816,482704.906],[150844.412,482697.401],[150840.389,482694.705],[150837.301,482692.568],[150822.252,482681.771],[150810.256,482673.206],[150800.461,482666.372],[150794.306,482661.956],[150781.647,482652.951],[150780.794,482652.318],[150780.373,482651.993],[150779.957,482651.662],[150779.546,482651.325],[150779.139,482650.983],[150778.737,482650.636],[150778.34,482650.283],[150777.952,482649.929],[150777.57,482649.569],[150777.192,482649.205],[150776.819,482648.835],[150776.451,482648.461],[150776.089,482648.082],[150775.731,482647.697],[150775.379,482647.308],[150766.938,482638.083],[150765.251,482636.213],[150761.328,482631.932],[150761.058,482631.633],[150760.921,482631.484],[150760.784,482631.337],[150760.645,482631.191],[150760.505,482631.046],[150760.364,482630.902],[150760.222,482630.759],[150760.079,482630.617],[150759.933,482630.475],[150759.786,482630.333],[150759.638,482630.193],[150759.489,482630.054],[150759.339,482629.916],[150759.188,482629.779],[150759.036,482629.643],[150758.633,482629.209],[150756.537,482627.269],[150756.033,482626.849],[150755.526,482626.433],[150755.017,482626.019],[150754.507,482625.607],[150753.994,482625.198],[150753.479,482624.792],[150752.984,482624.406],[150752.487,482624.023],[150751.989,482623.642],[150751.488,482623.263],[150750.986,482622.887],[150750.482,482622.514],[150749.976,482622.143],[150749.468,482621.774],[150748.447,482621.045],[150746.852,482619.956],[150741.967,482616.628],[150736.557,482613.861],[150735.845,482613.421],[150735.478,482613.219],[150735.103,482613.03],[150734.721,482612.855],[150734.335,482612.692],[150733.943,482612.544],[150733.547,482612.41],[150733.184,482612.3],[150732.818,482612.2],[150732.448,482612.113],[150732.076,482612.037],[150731.702,482611.974],[150731.326,482611.924],[150730.949,482611.888],[150730.527,482611.863],[150730.103,482611.856],[150729.679,482611.864],[150729.256,482611.889],[150728.834,482611.93],[150728.415,482611.988],[150727.401,482612.098],[150721.609,482612.717],[150713.042,482613.689],[150704.678,482614.606],[150688.532,482616.485],[150687.869,482616.539],[150687.537,482616.559],[150687.204,482616.575],[150686.871,482616.586],[150686.539,482616.592],[150686.206,482616.593],[150685.873,482616.59],[150685.541,482616.582],[150685.194,482616.569],[150684.848,482616.55],[150684.502,482616.527],[150684.157,482616.498],[150683.812,482616.465],[150683.467,482616.426],[150683.123,482616.382],[150682.644,482616.343],[150680.566,482615.933],[150673.219,482613.334],[150663.611,482609.979],[150652.866,482606.305],[150651.818,482605.921],[150651.297,482605.721],[150650.778,482605.517],[150650.261,482605.307],[150649.746,482605.092],[150649.233,482604.873],[150648.722,482604.648],[150648.213,482604.418],[150647.707,482604.184],[150647.237,482603.961],[150646.77,482603.733],[150646.304,482603.501],[150645.841,482603.265],[150645.379,482603.025],[150644.919,482602.783],[150644.419,482602.515],[150643.922,482602.243],[150643.427,482601.967],[150642.934,482601.687],[150642.443,482601.403],[150641.889,482601.058],[150640.365,482600.065],[150637.456,482598.075],[150631.948,482594.223],[150629.5,482592.495],[150615.223,482582.337],[150597.285,482569.933],[150591.422,482565.744],[150574.609,482553.875],[150557.523,482541.86],[150549.34,482536.12],[150543.92,482532.253],[150542.884,482531.525],[150525.978,482519.578],[150520.713,482515.831],[150517.66,482513.711],[150510.454,482508.597],[150483.273,482489.498],[150458.2,482471.835],[150444.583,482462.228],[150442.472,482460.794],[150433.442,482454.418],[150430.207,482452.148],[150421.777,482446.2],[150415.646,482441.901],[150405.678,482434.897],[150402.01,482432.305],[150388.623,482422.974],[150383.243,482418.982],[150382.53,482418.431],[150382.177,482418.151],[150381.826,482417.869],[150381.477,482417.584],[150381.13,482417.297],[150380.772,482416.994],[150380.416,482416.689],[150380.062,482416.382],[150379.711,482416.071],[150379.362,482415.757],[150379.016,482415.441],[150378.673,482415.121],[150378.333,482414.799],[150377.986,482414.463],[150377.642,482414.125],[150377.3,482413.783],[150376.962,482413.438],[150376.627,482413.09],[150376.295,482412.74],[150375.966,482412.386],[150375.641,482412.029],[150374.778,482411.197],[150368.84,482404.831],[150367.585,482403.423],[150366.954,482402.721],[150366.322,482402.021],[150365.687,482401.324],[150365.051,482400.628],[150364.37,482399.889],[150363.686,482399.153],[150362.999,482398.42],[150362.31,482397.688],[150361.621,482396.957],[150360.931,482396.227],[150360.241,482395.496],[150359.52,482394.733],[150358.798,482393.97],[150358.076,482393.208],[150357.353,482392.447],[150356.629,482391.686],[150355.904,482390.926],[150355.179,482390.167],[150354.453,482389.408],[150353.779,482388.704],[150353.103,482388.001],[150352.427,482387.298],[150351.751,482386.596],[150351.074,482385.894],[150350.396,482385.193],[150349.527,482384.683],[150349.069,482384.47],[150348.598,482384.285],[150348.117,482384.131],[150347.629,482384.009],[150347.105,482383.913],[150346.572,482383.854],[150346.035,482383.829],[150345.497,482383.841],[150344.961,482383.888],[150344.432,482383.971],[150343.913,482384.091],[150343.403,482384.248],[150342.901,482384.443],[150342.412,482384.672],[150341.938,482384.935],[150341.482,482385.228],[150341.049,482385.551],[150340.64,482385.902],[150340.26,482386.277],[150335.764,482390.459],[150322.192,482403.401],[150319.749,482405.722],[150319.446,482406.026],[150319.148,482406.335],[150318.855,482406.649],[150318.566,482406.967],[150318.282,482407.289],[150317.983,482407.637],[150317.69,482407.99],[150317.401,482408.347],[150317.119,482408.709],[150316.843,482409.075],[150316.575,482409.447],[150316.315,482409.825],[150316.092,482410.169],[150315.878,482410.519],[150315.669,482410.872],[150315.458,482411.225],[150315.241,482411.573],[150315.029,482411.902],[150314.815,482412.23],[150314.598,482412.557],[150314.377,482412.88],[150314.152,482413.201],[150313.921,482413.518],[150313.641,482413.886],[150313.354,482414.251],[150313.06,482414.61],[150312.76,482414.964],[150312.455,482415.313],[150312.143,482415.656],[150311.825,482415.994],[150311.172,482416.652],[150304.923,482422.254],[150300.695,482426.17],[150299.884,482426.913],[150299.082,482427.667],[150298.29,482428.43],[150297.507,482429.204],[150296.735,482429.987],[150295.981,482430.761],[150295.234,482431.542],[150294.504,482432.337],[150293.798,482433.154],[150293.15,482433.95],[150292.519,482434.761],[150291.916,482435.591],[150291.349,482436.446],[150290.84,482437.296],[150290.366,482438.167],[150289.925,482439.056],[150289.514,482439.96],[150289.133,482440.877],[150288.778,482441.803],[150288.441,482442.772],[150288.138,482443.754],[150287.867,482444.746],[150287.627,482445.747],[150287.418,482446.754],[150287.24,482447.767],[150287.09,482448.783],[150286.964,482449.844],[150286.869,482450.911],[150286.805,482451.982],[150286.775,482453.055],[150286.779,482454.129],[150286.82,482455.2],[150286.897,482456.269],[150287.013,482457.333],[150287.17,482458.389],[150287.367,482459.438],[150287.605,482460.48],[150287.881,482461.514],[150288.194,482462.539],[150288.541,482463.553],[150288.919,482464.557],[150289.327,482465.548],[150289.763,482466.526],[150290.224,482467.49],[150290.69,482468.405],[150291.179,482469.311],[150291.694,482470.203],[150292.235,482471.078],[150292.806,482471.934],[150293.408,482472.767],[150294.042,482473.574],[150294.644,482474.276],[150295.27,482474.957],[150295.918,482475.618],[150296.583,482476.263],[150297.26,482476.894],[150298.031,482477.575],[150298.824,482478.232],[150299.635,482478.869],[150300.459,482479.488],[150301.292,482480.094],[150302.132,482480.692],[150302.917,482481.238],[150303.71,482481.773],[150304.51,482482.296],[150306.134,482483.308],[150334.214,482500.14],[150379.346,482527.124],[150379.797,482527.383],[150380.243,482527.651],[150380.685,482527.927],[150381.122,482528.211],[150381.553,482528.503],[150381.98,482528.803],[150382.4,482529.11],[150382.815,482529.424],[150383.224,482529.746],[150383.633,482530.079],[150384.036,482530.42],[150384.432,482530.769],[150384.823,482531.124],[150385.206,482531.487],[150385.953,482532.233],[150391.325,482537.704],[150391.705,482538.058],[150392.087,482538.41],[150392.471,482538.759],[150392.856,482539.107],[150393.244,482539.453],[150393.633,482539.797],[150394.024,482540.138],[150394.374,482540.441],[150394.725,482540.742],[150395.078,482541.041],[150395.432,482541.339],[150395.787,482541.635],[150396.144,482541.929],[150396.503,482542.222],[150397.223,482542.802],[150414.293,482554.685],[150419.201,482558.277],[150422.638,482560.644],[150436.683,482570.499],[150452.661,482581.456],[150461.576,482587.814],[150469.476,482593.334],[150477.088,482598.809],[150479.802,482600.778],[150482.887,482603.108],[150484.999,482604.701],[150486.045,482605.491],[150486.428,482605.77],[150486.821,482606.036],[150487.222,482606.289],[150487.559,482606.487],[150491.939,482608.98],[150492.716,482609.404],[150493.499,482609.819],[150494.286,482610.226],[150495.078,482610.624],[150495.874,482611.012],[150496.674,482611.392],[150497.468,482611.757],[150498.268,482612.109],[150499.072,482612.452],[150499.88,482612.787],[150500.69,482613.115],[150501.503,482613.437],[150502.317,482613.756],[150503.132,482614.073],[150503.917,482614.376],[150504.704,482614.674],[150505.493,482614.968],[150506.283,482615.257],[150507.075,482615.542],[150508.663,482616.099],[150514.128,482617.517],[150520.685,482619.096],[150521.536,482619.313],[150522.384,482619.541],[150523.229,482619.78],[150524.071,482620.03],[150524.91,482620.29],[150525.746,482620.561],[150526.578,482620.842],[150527.406,482621.133],[150528.231,482621.435],[150528.995,482621.723],[150529.757,482622.017],[150530.517,482622.319],[150531.273,482622.63],[150532.023,482622.953],[150532.768,482623.288],[150533.506,482623.637],[150534.236,482624.002],[150534.918,482624.355],[150535.597,482624.714],[150536.27,482625.085],[150536.934,482625.472],[150537.584,482625.879],[150538.218,482626.31],[150538.85,482626.78],[150539.467,482627.27],[150540.077,482627.77],[150540.598,482628.202],[150541.115,482628.64],[150541.625,482629.086],[150542.124,482629.543],[150542.568,482629.975],[150543.011,482630.409],[150543.462,482630.825],[150543.912,482631.242],[150544.489,482631.806],[150545.053,482632.384],[150545.604,482632.975],[150546.143,482633.578],[150546.669,482634.192],[150547.183,482634.816],[150547.685,482635.45],[150548.175,482636.094],[150548.653,482636.745],[150549.12,482637.404],[150549.577,482638.072],[150550.021,482638.748],[150550.454,482639.433],[150550.873,482640.126],[150551.279,482640.827],[150551.672,482641.536],[150552.05,482642.252],[150552.414,482642.975],[150552.763,482643.705],[150553.116,482644.485],[150553.455,482645.273],[150553.776,482646.068],[150554.081,482646.869],[150554.366,482647.677],[150554.633,482648.491],[150554.859,482649.252],[150555.064,482650.018],[150555.252,482650.789],[150555.427,482651.564],[150555.59,482652.341],[150555.745,482653.12],[150555.895,482653.899],[150556.054,482654.762],[150556.202,482655.626],[150556.339,482656.493],[150556.465,482657.361],[150556.684,482659.101],[150556.97,482664.417],[150556.993,482664.895],[150557.022,482665.372],[150557.059,482665.848],[150557.104,482666.324],[150557.155,482666.8],[150557.214,482667.274],[150557.266,482667.697],[150557.314,482668.121],[150557.365,482668.546],[150557.427,482668.969],[150557.507,482669.386],[150557.611,482669.797],[150557.746,482670.198],[150557.918,482670.605],[150558.115,482671.005],[150558.334,482671.393],[150558.576,482671.77],[150558.838,482672.134],[150559.12,482672.482],[150559.42,482672.812],[150560.07,482673.416],[150562.696,482675.252],[150577.223,482685.299],[150584.396,482690.363],[150589.251,482693.955],[150603.149,482703.658],[150603.675,482703.937],[150604.352,482704.483],[150604.939,482704.866],[150605.222,482705.112],[150607.796,482706.919],[150613.058,482710.457],[150618.365,482714.28],[150623.778,482717.913],[150624.613,482718.589],[150625.008,482718.955],[150625.386,482719.339],[150625.747,482719.74],[150626.09,482720.156],[150626.413,482720.586],[150626.715,482721.029],[150626.976,482721.448],[150627.22,482721.878],[150627.446,482722.317],[150627.654,482722.766],[150627.84,482723.224],[150628.005,482723.688],[150628.162,482724.205],[150628.297,482724.729],[150628.406,482725.26],[150628.485,482725.796],[150628.533,482726.333],[150628.546,482726.872],[150628.521,482727.438],[150628.46,482728.005],[150628.363,482728.568],[150628.232,482729.125],[150628.066,482729.672],[150627.867,482730.206],[150627.636,482730.723],[150624.862,482735.875],[150622.726,482739.189],[150622.339,482739.973],[150622.166,482740.375],[150622.007,482740.783],[150621.861,482741.195],[150621.73,482741.612],[150621.605,482742.046],[150621.486,482742.484],[150621.381,482742.926],[150621.296,482743.371],[150621.236,482743.818],[150621.208,482744.267],[150621.218,482744.715],[150621.264,482745.159],[150621.341,482745.602],[150621.448,482746.039],[150621.582,482746.47],[150621.743,482746.891],[150621.929,482747.301],[150622.138,482747.696],[150622.398,482748.115],[150622.689,482748.518],[150623.008,482748.901],[150623.353,482749.263],[150623.722,482749.601],[150624.112,482749.913],[150624.521,482750.195],[150624.945,482750.447],[150630.894,482754.666],[150635.625,482758.219],[150656.15,482772.606],[150675.335,482785.986],[150696.387,482800.967],[150704.175,482806.396],[150705.147,482807.101],[150725.298,482821.245],[150727.634,482822.885],[150736.456,482827.508],[150741.938,482831.91],[150747.999,482836.173],[150752.661,482837.572],[150755.489,482837.408],[150757.233,482837.657],[150757.501,482837.677],[150759.476,482837.823],[150760.207,482837.557],[150761.303,482837.158],[150763.898,482835.082],[150747.857,482854.974],[150749.176,482852.368],[150749.336,482851.373],[150749.591,482849.792],[150749.157,482848.326],[150748.927,482847.548],[150747.764,482845.22],[150746.25,482842.641],[150744.452,482840.925],[150724.32,482827.358],[150707.766,482816.011],[150687.553,482801.722],[150657.21,482780.278],[150629.354,482760.653],[150619.26,482753.36],[150618.607,482752.749],[150618.295,482752.428],[150617.992,482752.098],[150617.701,482751.759],[150617.419,482751.412],[150617.131,482751.037],[150616.851,482750.655],[150616.584,482750.264],[150616.333,482749.862],[150616.103,482749.45],[150615.897,482749.026],[150615.709,482748.577],[150615.541,482748.119],[150615.396,482747.652],[150615.278,482747.179],[150615.188,482746.7],[150615.131,482746.218],[150615.112,482745.81],[150615.118,482745.401],[150615.143,482744.991],[150615.18,482744.582],[150615.224,482744.175],[150615.281,482743.731],[150615.354,482743.29],[150615.44,482742.851],[150615.535,482742.414],[150615.636,482741.977],[150615.739,482741.542],[150615.845,482741.109],[150615.957,482740.676],[150616.074,482740.245],[150616.198,482739.817],[150616.329,482739.39],[150616.469,482738.966],[150616.62,482738.536],[150616.779,482738.109],[150616.945,482737.685],[150617.119,482737.263],[150617.301,482736.845],[150617.49,482736.43],[150617.687,482736.019],[150617.891,482735.612],[150621.486,482730.091],[150621.847,482729.396],[150621.998,482729.034],[150622.127,482728.663],[150622.236,482728.287],[150622.329,482727.9],[150622.407,482727.505],[150622.463,482727.107],[150622.488,482726.708],[150622.477,482726.312],[150622.421,482725.921],[150622.32,482725.564],[150622.176,482725.223],[150621.996,482724.896],[150621.787,482724.581],[150621.558,482724.276],[150621.315,482723.979],[150621.067,482723.689],[150620.821,482723.405],[150620.556,482723.108],[150620.278,482722.82],[150619.99,482722.544],[150619.691,482722.278],[150619.382,482722.023],[150619.064,482721.781],[150618.738,482721.551],[150618.403,482721.335],[150600.651,482708.957],[150590.027,482701.633],[150585.115,482698.142],[150578.503,482693.35],[150575.152,482690.989],[150562.951,482682.575],[150562.267,482682.225],[150561.593,482681.854],[150560.93,482681.462],[150560.279,482681.051],[150559.641,482680.621],[150559.016,482680.172],[150558.406,482679.705],[150557.866,482679.264],[150557.339,482678.807],[150556.825,482678.337],[150556.32,482677.855],[150555.825,482677.364],[150555.297,482676.838],[150554.767,482676.308],[150554.245,482675.77],[150553.743,482675.216],[150553.271,482674.64],[150552.84,482674.038],[150552.461,482673.401],[150552.152,482672.779],[150551.878,482672.138],[150551.64,482671.48],[150551.44,482670.808],[150551.277,482670.126],[150551.152,482669.438],[150551.023,482668.053],[150550.912,482662.074],[150550.91,482661.171],[150550.887,482660.267],[150550.843,482659.363],[150550.777,482658.461],[150550.691,482657.561],[150550.583,482656.664],[150550.461,482655.788],[150550.322,482654.913],[150550.165,482654.039],[150549.989,482653.169],[150549.792,482652.304],[150549.572,482651.445],[150549.329,482650.593],[150549.06,482649.75],[150548.764,482648.916],[150548.439,482648.095],[150548.095,482647.311],[150547.723,482646.54],[150547.326,482645.781],[150546.908,482645.032],[150546.473,482644.293],[150546.023,482643.562],[150545.562,482642.838],[150545.093,482642.121],[150544.605,482641.405],[150544.099,482640.702],[150543.58,482640.008],[150543.053,482639.319],[150542.523,482638.633],[150541.994,482637.946],[150541.439,482637.207],[150540.88,482636.471],[150540.296,482635.755],[150539.736,482635.131],[150539.156,482634.525],[150538.555,482633.937],[150537.936,482633.37],[150537.299,482632.823],[150536.646,482632.297],[150535.972,482631.793],[150535.28,482631.312],[150534.575,482630.851],[150533.861,482630.403],[150533.123,482629.958],[150532.375,482629.529],[150531.617,482629.119],[150530.85,482628.727],[150530.11,482628.375],[150529.361,482628.045],[150528.604,482627.731],[150527.841,482627.432],[150527.075,482627.142],[150526.306,482626.858],[150525.429,482626.544],[150524.548,482626.243],[150523.661,482625.955],[150522.771,482625.68],[150521.877,482625.418],[150520.078,482624.934],[150512.909,482623.156],[150512.213,482622.949],[150511.518,482622.739],[150510.824,482622.524],[150510.131,482622.306],[150509.455,482622.087],[150508.782,482621.863],[150508.109,482621.635],[150507.438,482621.405],[150506.766,482621.175],[150506.093,482620.947],[150505.358,482620.703],[150504.623,482620.461],[150503.887,482620.218],[150503.153,482619.972],[150502.421,482619.72],[150501.653,482619.447],[150500.887,482619.169],[150500.123,482618.887],[150499.359,482618.602],[150498.657,482618.338],[150497.954,482618.073],[150497.253,482617.805],[150496.554,482617.533],[150495.857,482617.255],[150495.163,482616.97],[150494.473,482616.674],[150493.775,482616.364],[150493.08,482616.045],[150492.388,482615.719],[150491.701,482615.386],[150491.016,482615.045],[150490.335,482614.697],[150489.658,482614.342],[150488.984,482613.98],[150488.314,482613.613],[150487.648,482613.238],[150486.966,482612.847],[150486.289,482612.449],[150485.616,482612.044],[150484.946,482611.631],[150484.282,482611.212],[150482.965,482610.354],[150475.908,482605.488],[150475.573,482605.536],[150475.241,482605.595],[150474.91,482605.666],[150474.582,482605.747],[150474.257,482605.839],[150473.935,482605.942],[150473.612,482606.057],[150473.291,482606.181],[150472.975,482606.316],[150472.663,482606.462],[150472.358,482606.621],[150472.06,482606.791],[150471.771,482606.975],[150471.488,482607.174],[150471.214,482607.385],[150470.947,482607.608],[150470.691,482607.842],[150470.444,482608.087],[150470.207,482608.341],[150469.769,482608.877],[150461.554,482620.504],[150458.361,482625.081],[150458.098,482625.427],[150457.839,482625.775],[150457.583,482626.127],[150457.332,482626.481],[150457.083,482626.838],[150456.839,482627.197],[150456.599,482627.559],[150456.362,482627.924],[150456.129,482628.291],[150455.901,482628.66],[150455.657,482629.063],[150455.418,482629.47],[150455.183,482629.879],[150454.953,482630.29],[150454.508,482631.121],[150450.138,482641.407],[150445.591,482652.664],[150443.761,482657.185],[150443.363,482658.166],[150442.199,482660.907],[150440.155,482666.102],[150433.228,482683.353],[150430.575,482689.782],[150430.236,482690.666],[150429.956,482691.575],[150429.719,482692.499],[150429.525,482693.435],[150429.375,482694.379],[150429.269,482695.328],[150429.208,482696.28],[150429.193,482697.231],[150429.232,482698.21],[150429.328,482699.186],[150429.471,482700.159],[150429.653,482701.126],[150429.864,482702.087],[150430.096,482703.041],[150430.363,482704.016],[150430.666,482704.98],[150431,482705.935],[150431.359,482706.882],[150431.738,482707.82],[150432.132,482708.752],[150432.55,482709.694],[150432.987,482710.628],[150433.445,482711.553],[150433.924,482712.466],[150434.425,482713.368],[150434.947,482714.257],[150435.496,482715.142],[150436.066,482716.015],[150436.658,482716.874],[150437.269,482717.717],[150437.902,482718.545],[150438.525,482719.321],[150439.166,482720.082],[150439.826,482720.828],[150440.502,482721.559],[150441.196,482722.272],[150441.91,482722.973],[150442.642,482723.657],[150443.39,482724.323],[150444.154,482724.972],[150444.933,482725.602],[150446.534,482726.805],[150451.175,482730.149],[150459.936,482736.331],[150463.923,482739.063],[150471.625,482744.172],[150472.232,482744.597],[150472.849,482745.008],[150473.477,482745.403],[150474.114,482745.783],[150474.76,482746.148],[150475.414,482746.496],[150476.05,482746.82],[150476.692,482747.135],[150477.342,482747.437],[150477.998,482747.722],[150478.662,482747.987],[150479.333,482748.229],[150480.013,482748.443],[150480.701,482748.627],[150481.414,482748.785],[150482.132,482748.917],[150482.855,482749.023],[150483.582,482749.1],[150484.311,482749.148],[150485.04,482749.164],[150485.717,482749.152],[150486.394,482749.114],[150487.071,482749.05],[150487.744,482748.961],[150488.414,482748.846],[150489.735,482748.542],[150494.069,482747.506],[150505.16,482744.94],[150505.924,482744.748],[150506.695,482744.577],[150507.471,482744.428],[150508.251,482744.301],[150509.033,482744.196],[150509.818,482744.113],[150510.605,482744.052],[150511.41,482744.009],[150512.218,482743.985],[150513.027,482743.981],[150513.836,482744.002],[150514.643,482744.05],[150515.446,482744.128],[150516.244,482744.24],[150517.036,482744.387],[150517.916,482744.594],[150518.789,482744.84],[150519.651,482745.124],[150520.5,482745.445],[150521.334,482745.803],[150522.948,482746.625],[150531.87,482752.734],[150539.963,482758.401],[150543.171,482760.741],[150551.107,482766.219],[150553.446,482767.804],[150566.754,482777.096],[150567.833,482777.682],[150568.887,482778.321],[150569.912,482779.01],[150570.907,482779.746],[150571.868,482780.528],[150572.791,482781.352],[150573.674,482782.216],[150574.514,482783.118],[150575.308,482784.055],[150576.099,482785.088],[150576.84,482786.162],[150577.529,482787.273],[150578.164,482788.417],[150578.742,482789.59],[150579.719,482792.005],[150581.589,482798.246],[150584.092,482806.105],[150585.499,482810.71],[150587.496,482817.111],[150587.657,482817.712],[150587.834,482818.308],[150588.026,482818.901],[150588.233,482819.488],[150588.454,482820.071],[150588.69,482820.647],[150588.941,482821.217],[150589.205,482821.779],[150589.46,482822.285],[150589.726,482822.784],[150590.005,482823.277],[150590.295,482823.763],[150590.594,482824.244],[150590.902,482824.72],[150591.218,482825.19],[150591.57,482825.702],[150591.928,482826.212],[150592.296,482826.715],[150592.676,482827.208],[150593.071,482827.688],[150593.486,482828.15],[150593.922,482828.591],[150594.36,482828.995],[150594.813,482829.384],[150595.281,482829.755],[150596.254,482830.445],[150604.236,482836.196],[150608.384,482839.21],[150622.263,482849.114],[150631.404,482855.556],[150647.945,482867.218],[150664.106,482878.589],[150674.005,482885.565],[150681.445,482890.778],[150682.685,482891.831],[150686.71,482894.823],[150697.496,482902.464],[150701.01,482903.73],[150703.217,482904.466],[150707.289,482903.851],[150708.903,482903.281],[150710.517,482902.284],[150711.919,482900.92],[150705.725,482908.884],[150700.057,482916.186],[150696.74,482920.466],[150697.939,482918.194],[150698.366,482916.342],[150698.366,482914.49],[150697.796,482912.495],[150696.705,482910.785],[150696.34,482910.378],[150695.372,482909.297],[150692.963,482906.273],[150681.571,482897.993],[150677.764,482894.911],[150670.818,482890.201],[150657.585,482880.858],[150645.191,482872.138],[150636.645,482866.169],[150633.824,482864.19],[150627.209,482859.516],[150621.829,482855.767],[150615.808,482851.755],[150606.749,482845.4],[150595.765,482837.371],[150593.548,482835.789],[150593.319,482835.635],[150593.092,482835.478],[150592.865,482835.32],[150592.64,482835.161],[150592.415,482835],[150592.192,482834.837],[150591.97,482834.673],[150591.749,482834.507],[150591.53,482834.34],[150591.284,482834.15],[150591.04,482833.959],[150590.797,482833.765],[150590.556,482833.57],[150590.316,482833.373],[150589.841,482832.973],[150589.331,482832.676],[150587.06,482829.765],[150584.721,482826.137],[150583.564,482823.181],[150582.386,482819.791],[150579.972,482812.012],[150576.459,482800.886],[150576.285,482800.037],[150576.089,482799.192],[150575.871,482798.351],[150575.632,482797.516],[150575.372,482796.686],[150575.09,482795.864],[150574.788,482795.049],[150574.465,482794.242],[150574.122,482793.445],[150573.76,482792.658],[150573.41,482791.931],[150573.051,482791.208],[150572.675,482790.493],[150572.275,482789.793],[150571.845,482789.112],[150571.377,482788.458],[150570.814,482787.76],[150570.215,482787.089],[150569.582,482786.448],[150568.917,482785.841],[150567.504,482784.732],[150559.311,482778.903],[150547.449,482770.535],[150527.02,482756.135],[150522.188,482752.849],[150519.814,482751.358],[150519.282,482751.119],[150518.741,482750.898],[150518.192,482750.694],[150517.636,482750.509],[150517.074,482750.341],[150516.507,482750.193],[150515.936,482750.062],[150515.361,482749.951],[150514.784,482749.859],[150514.205,482749.786],[150513.613,482749.734],[150513.018,482749.702],[150512.421,482749.692],[150511.824,482749.701],[150511.228,482749.729],[150510.632,482749.775],[150510.039,482749.837],[150509.448,482749.914],[150508.848,482750.009],[150507.656,482750.253],[150497.077,482752.651],[150493.214,482753.635],[150492.418,482753.86],[150491.615,482754.064],[150490.806,482754.245],[150489.992,482754.405],[150489.175,482754.542],[150488.354,482754.657],[150487.532,482754.75],[150486.702,482754.825],[150485.869,482754.883],[150485.034,482754.919],[150484.199,482754.93],[150483.366,482754.912],[150482.535,482754.858],[150481.708,482754.766],[150480.904,482754.639],[150480.104,482754.477],[150479.311,482754.284],[150478.525,482754.064],[150477.746,482753.818],[150476.977,482753.549],[150476.242,482753.267],[150475.516,482752.962],[150474.799,482752.634],[150474.093,482752.283],[150472.718,482751.517],[150466.312,482747.472],[150465.264,482746.785],[150464.218,482746.096],[150463.174,482745.403],[150462.132,482744.707],[150461.092,482744.008],[150460.054,482743.306],[150459.018,482742.601],[150457.984,482741.894],[150456.952,482741.183],[150455.925,482740.471],[150454.901,482739.756],[150453.878,482739.038],[150452.858,482738.317],[150451.84,482737.593],[150449.809,482736.136],[150445.538,482733.12],[150441.62,482730.119],[150441.053,482729.684],[150440.492,482729.239],[150439.939,482728.786],[150439.393,482728.324],[150438.854,482727.853],[150438.322,482727.374],[150437.799,482726.887],[150437.273,482726.383],[150436.755,482725.871],[150436.245,482725.351],[150435.743,482724.823],[150435.251,482724.285],[150434.77,482723.74],[150434.325,482723.217],[150433.89,482722.687],[150433.464,482722.149],[150433.047,482721.604],[150432.638,482721.053],[150432.237,482720.496],[150431.844,482719.933],[150431.458,482719.366],[150431.092,482718.813],[150430.735,482718.256],[150430.385,482717.693],[150430.043,482717.125],[150429.728,482716.587],[150429.421,482716.044],[150429.121,482715.497],[150428.828,482714.947],[150428.54,482714.394],[150428.235,482713.79],[150427.937,482713.182],[150427.647,482712.571],[150427.365,482711.956],[150427.09,482711.338],[150426.822,482710.717],[150426.56,482710.093],[150426.316,482709.493],[150426.077,482708.891],[150425.846,482708.286],[150425.623,482707.678],[150425.409,482707.067],[150425.216,482706.485],[150425.03,482705.902],[150424.853,482705.315],[150424.684,482704.726],[150424.524,482704.135],[150424.364,482703.513],[150424.212,482702.89],[150424.069,482702.264],[150423.938,482701.636],[150423.824,482701.005],[150423.728,482700.371],[150423.65,482699.728],[150423.587,482699.082],[150423.541,482698.434],[150423.511,482697.785],[150423.497,482697.135],[150423.5,482696.485],[150423.554,482695.189],[150423.687,482694.201],[150423.623,482694.023],[150423.552,482693.848],[150423.475,482693.675],[150423.393,482693.505],[150423.304,482693.337],[150423.21,482693.174],[150423.115,482693.022],[150423.016,482692.874],[150422.911,482692.728],[150422.802,482692.586],[150422.688,482692.448],[150422.569,482692.314],[150422.446,482692.183],[150422.319,482692.057],[150422.053,482691.818],[150421.297,482691.021],[150417.174,482687.339],[150416.235,482686.495],[150415.294,482685.653],[150414.351,482684.815],[150413.405,482683.979],[150412.456,482683.145],[150411.503,482682.313],[150410.546,482681.483],[150409.588,482680.656],[150408.626,482679.832],[150407.663,482679.01],[150406.697,482678.192],[150405.728,482677.376],[150404.757,482676.564],[150403.784,482675.754],[150401.83,482674.144],[150394.961,482668.763],[150389.831,482664.791],[150387.082,482663.602],[150380.776,482658.839],[150379.732,482657.883],[150378.602,482656.409],[150377.434,482655.452],[150376.71,482654.862],[150375.999,482654.257],[150375.3,482653.637],[150374.613,482653.002],[150373.941,482652.354],[150373.282,482651.691],[150372.637,482651.016],[150372.007,482650.327],[150371.411,482649.648],[150370.829,482648.957],[150370.261,482648.254],[150369.707,482647.54],[150369.167,482646.814],[150368.642,482646.078],[150367.639,482644.576],[150365.868,482641.554],[150364.43,482639.35],[150362.73,482637.726],[150362.132,482637.357],[150361.54,482636.977],[150360.954,482636.587],[150360.375,482636.188],[150359.803,482635.778],[150359.238,482635.359],[150358.681,482634.93],[150358.117,482634.481],[150357.561,482634.021],[150357.013,482633.551],[150356.473,482633.072],[150355.942,482632.584],[150355.42,482632.086],[150354.906,482631.579],[150353.907,482630.539],[150351.906,482627.855],[150350.759,482626.274],[150346.84,482621.109],[150345.443,482619.269],[150344.82,482618.501],[150344.185,482617.743],[150343.538,482616.993],[150342.881,482616.254],[150342.212,482615.524],[150341.533,482614.805],[150340.843,482614.096],[150340.143,482613.397],[150339.496,482612.771],[150338.841,482612.153],[150338.178,482611.544],[150337.506,482610.944],[150336.826,482610.353],[150336.139,482609.772],[150334.74,482608.638],[150330.382,482605.39],[150322.192,482599.281],[150321.724,482598.923],[150321.254,482598.569],[150320.781,482598.219],[150320.305,482597.871],[150319.828,482597.527],[150319.347,482597.187],[150318.864,482596.85],[150318.379,482596.516],[150317.923,482596.208],[150317.465,482595.902],[150317.005,482595.599],[150316.543,482595.299],[150316.079,482595.003],[150315.613,482594.71],[150314.675,482594.132],[150308.209,482590.762],[150302.278,482587.651],[150301.486,482587.197],[150300.697,482586.736],[150299.912,482586.269],[150299.13,482585.796],[150298.353,482585.316],[150297.579,482584.831],[150296.809,482584.339],[150296.105,482583.882],[150295.404,482583.419],[150294.706,482582.952],[150294.012,482582.479],[150293.322,482582.001],[150292.635,482581.518],[150291.952,482581.029],[150291.274,482580.535],[150290.589,482580.027],[150289.909,482579.512],[150289.233,482578.991],[150288.561,482578.466],[150287.892,482577.936],[150287.227,482577.403],[150286.564,482576.866],[150285.854,482576.286],[150285.147,482575.702],[150284.445,482575.113],[150283.051,482573.922],[150280.371,482571.583],[150274.733,482566.687],[150271.796,482564.083],[150271.359,482563.706],[150270.924,482563.329],[150270.489,482562.95],[150270.055,482562.571],[150269.622,482562.19],[150269.19,482561.809],[150268.759,482561.426],[150268.329,482561.042],[150267.9,482560.658],[150267.455,482560.257],[150267.011,482559.855],[150266.568,482559.452],[150266.126,482559.048],[150265.685,482558.642],[150264.806,482557.829],[150262.681,482556.165],[150259.267,482553.434],[150258.503,482552.913],[150257.765,482552.413],[150257.021,482551.921],[150256.271,482551.438],[150255.516,482550.964],[150254.755,482550.498],[150253.989,482550.041],[150253.218,482549.593],[150252.442,482549.154],[150251.712,482548.75],[150250.978,482548.354],[150250.239,482547.966],[150249.497,482547.585],[150248.75,482547.213],[150247.999,482546.849],[150247.243,482546.495],[150246.484,482546.151],[150245.719,482545.817],[150244.968,482545.499],[150244.213,482545.189],[150243.454,482544.889],[150242.689,482544.603],[150241.873,482544.313],[150241.051,482544.036],[150240.225,482543.774],[150239.394,482543.525],[150237.722,482543.069],[150234.394,482542.355],[150231.954,482541.886],[150229.851,482541.604],[150223.439,482541.153],[150218.245,482541.165],[150213.658,482541.447],[150205.263,482542.877],[150200.8,482543.659],[150192.527,482545.152],[150171.801,482548.811],[150156.951,482551.98],[150149.316,482553.595],[150140.893,482555.863],[150128.52,482559.538],[150110.751,482564.867],[150095.617,482569.326],[150088.293,482571.58],[150087.607,482571.713],[150086.924,482571.867],[150086.244,482572.04],[150085.57,482572.234],[150084.902,482572.447],[150084.24,482572.679],[150083.586,482572.931],[150082.939,482573.201],[150082.303,482573.489],[150081.684,482573.786],[150081.07,482574.095],[150080.464,482574.421],[150079.87,482574.766],[150079.291,482575.134],[150078.731,482575.528],[150078.195,482575.953],[150077.618,482576.463],[150077.067,482577.004],[150076.543,482577.573],[150076.048,482578.167],[150075.155,482579.424],[150066.918,482591.34],[150057.603,482604.931],[150057.354,482605.341],[150057.135,482605.772],[150056.948,482606.221],[150056.793,482606.684],[150056.673,482607.157],[150056.587,482607.636],[150056.537,482608.117],[150056.524,482608.597],[150056.551,482609.065],[150056.617,482609.532],[150056.718,482609.994],[150056.85,482610.45],[150057.01,482610.898],[150057.193,482611.335],[150057.395,482611.761],[150057.616,482612.17],[150057.861,482612.567],[150058.127,482612.95],[150058.414,482613.318],[150059.046,482614.002],[150073.154,482623.714],[150083.867,482630.974],[150088.483,482634.062],[150092.15,482636.898],[150095.423,482639.179],[150095.945,482639.471],[150096.219,482639.594],[150096.5,482639.701],[150096.786,482639.791],[150097.075,482639.865],[150097.386,482639.919],[150097.7,482639.952],[150098.016,482639.971],[150098.332,482639.982],[150098.646,482639.996],[150098.962,482640.009],[150099.279,482640.016],[150099.595,482640.009],[150099.906,482639.982],[150100.212,482639.928],[150100.51,482639.84],[150100.802,482639.718],[150101.086,482639.569],[150101.359,482639.396],[150101.619,482639.201],[150101.863,482638.985],[150102.089,482638.752],[150102.295,482638.502],[150102.477,482638.239],[150102.635,482637.964],[150103.823,482636.691],[150105.464,482634.935],[150105.926,482634.537],[150106.167,482634.348],[150106.414,482634.167],[150106.667,482633.993],[150106.924,482633.828],[150107.187,482633.67],[150107.454,482633.521],[150107.726,482633.381],[150108.001,482633.25],[150108.297,482633.122],[150108.598,482633.005],[150108.903,482632.899],[150109.211,482632.801],[150109.521,482632.709],[150109.832,482632.622],[150110.128,482632.544],[150110.426,482632.472],[150110.725,482632.405],[150111.025,482632.345],[150111.326,482632.291],[150113.836,482632.215],[150120.315,482632.166],[150135.937,482632.214],[150160.007,482632.291],[150184.984,482632.282],[150205.609,482632.277],[150222.647,482632.25],[150228.86,482632.278],[150228.954,482632.278],[150229.111,482632.281],[150229.423,482632.298],[150229.733,482632.332],[150230.041,482632.381],[150230.346,482632.446],[150230.648,482632.527],[150230.945,482632.622],[150231.236,482632.733],[150231.522,482632.859],[150231.801,482632.999],[150234.862,482634.639],[150239.055,482637.022],[150251.683,482644.285],[150254.265,482645.74],[150260.524,482649.337],[150262.144,482650.249],[150262.854,482650.674],[150263.201,482650.9],[150263.543,482651.134],[150263.879,482651.376],[150264.208,482651.626],[150264.532,482651.883],[150264.845,482652.145],[150265.153,482652.415],[150265.454,482652.692],[150265.746,482652.977],[150266.03,482653.267],[150266.309,482653.564],[150266.581,482653.867],[150266.843,482654.179],[150267.093,482654.499],[150267.329,482654.829],[150267.55,482655.17],[150267.777,482655.562],[150267.985,482655.965],[150268.177,482656.377],[150268.352,482656.796],[150268.511,482657.22],[150268.644,482657.626],[150268.759,482658.038],[150268.858,482658.454],[150268.942,482658.875],[150269.013,482659.298],[150269.074,482659.723],[150269.126,482660.148],[150269.171,482660.574],[150269.209,482661.022],[150269.237,482661.47],[150269.253,482661.92],[150269.258,482662.369],[150269.251,482662.819],[150269.233,482663.268],[150269.205,482663.717],[150269.203,482667.838],[150269.305,482673.582],[150269.399,482674.626],[150269.512,482675.144],[150269.666,482675.651],[150269.86,482676.144],[150270.093,482676.616],[150270.363,482677.063],[150270.665,482677.479],[150271.003,482677.871],[150271.372,482678.236],[150271.77,482678.57],[150272.191,482678.87],[150272.633,482679.133],[150273.058,482679.34],[150273.501,482679.515],[150273.959,482679.657],[150274.428,482679.765],[150274.903,482679.839],[150275.381,482679.877],[150275.858,482679.88],[150276.33,482679.846],[150283.669,482679.9],[150299.73,482679.879],[150307.793,482679.853],[150308.481,482679.912],[150308.823,482679.961],[150309.163,482680.023],[150309.501,482680.097],[150309.835,482680.183],[150310.172,482680.284],[150310.505,482680.398],[150310.835,482680.525],[150311.16,482680.664],[150311.479,482680.816],[150311.793,482680.978],[150312.101,482681.151],[150312.402,482681.333],[150312.714,482681.539],[150313.019,482681.756],[150313.316,482681.986],[150313.605,482682.226],[150313.884,482682.477],[150314.154,482682.738],[150314.413,482683.008],[150314.662,482683.287],[150318.291,482687.603],[150322.171,482692.217],[150323.221,482693.366],[150326.282,482697.076],[150329.364,482700.872],[150329.777,482701.242],[150329.997,482701.411],[150330.225,482701.57],[150330.46,482701.717],[150330.688,482701.843],[150330.923,482701.957],[150331.162,482702.061],[150331.405,482702.157],[150331.65,482702.246],[150331.902,482702.33],[150332.158,482702.405],[150332.415,482702.472],[150332.674,482702.532],[150332.935,482702.586],[150333.21,482702.641],[150333.488,482702.697],[150333.768,482702.748],[150334.049,482702.79],[150334.329,482702.817],[150334.608,482702.826],[150334.885,482702.81],[150335.159,482702.765],[150335.424,482702.695],[150335.685,482702.604],[150335.94,482702.494],[150336.186,482702.366],[150336.424,482702.22],[150336.649,482702.059],[150336.861,482701.882],[150337.058,482701.692],[150339.668,482698.945],[150343.027,482702.194],[150337.355,482708.51],[150335.722,482710.454],[150333.657,482713.106],[150331.762,482715.727],[150330.604,482717.442],[150326.686,482715.062],[150328.045,482712.622],[150328.377,482711.998],[150328.522,482711.675],[150328.652,482711.346],[150328.766,482711.011],[150328.882,482710.643],[150328.99,482710.269],[150329.08,482709.89],[150329.141,482709.509],[150329.162,482709.128],[150329.133,482708.749],[150329.056,482708.415],[150328.937,482708.092],[150328.788,482707.778],[150328.617,482707.472],[150328.437,482707.171],[150328.258,482706.873],[150328.072,482706.579],[150327.873,482706.294],[150327.663,482706.015],[150327.446,482705.742],[150327.225,482705.472],[150327.003,482705.202],[150326.785,482704.93],[150326.539,482704.622],[150326.291,482704.315],[150326.042,482704.01],[150325.79,482703.706],[150325.536,482703.405],[150325.281,482703.104],[150325.023,482702.806],[150324.764,482702.509],[150324.502,482702.214],[150322.72,482700.107],[150315.201,482691.151],[150312.973,482688.495],[150312.228,482687.614],[150311.803,482687.212],[150311.349,482686.839],[150310.869,482686.497],[150310.366,482686.189],[150309.845,482685.917],[150309.309,482685.684],[150308.762,482685.491],[150308.207,482685.342],[150307.672,482685.24],[150307.129,482685.175],[150306.581,482685.146],[150306.033,482685.153],[150305.487,482685.197],[150304.948,482685.277],[150290.293,482685.308],[150278.334,482685.206],[150274.207,482685.287],[150269.668,482685.373],[150269.256,482685.494],[150269.057,482685.581],[150268.866,482685.685],[150268.684,482685.805],[150268.515,482685.938],[150268.359,482686.085],[150268.219,482686.246],[150268.092,482686.421],[150267.979,482686.609],[150267.882,482686.806],[150267.802,482687.012],[150267.739,482687.222],[150267.694,482687.436],[150267.669,482687.651],[150267.663,482687.865],[150267.659,482692.609],[150267.622,482706.748],[150267.603,482707.084],[150267.532,482707.71],[150267.499,482708.341],[150267.503,482708.976],[150267.545,482709.61],[150267.624,482710.239],[150267.74,482710.861],[150267.892,482711.473],[150268.062,482712.016],[150268.263,482712.553],[150268.494,482713.079],[150268.753,482713.594],[150269.039,482714.095],[150269.351,482714.579],[150269.688,482715.045],[150270.43,482715.913],[150273.405,482719.099],[150273.871,482719.609],[150274.324,482720.133],[150274.762,482720.668],[150275.186,482721.215],[150275.595,482721.773],[150275.988,482722.342],[150276.358,482722.919],[150276.706,482723.509],[150277.037,482724.11],[150277.355,482724.719],[150277.665,482725.332],[150277.971,482725.946],[150278.279,482726.56],[150278.616,482727.22],[150278.953,482727.881],[150279.284,482728.545],[150279.604,482729.213],[150279.906,482729.89],[150280.186,482730.576],[150280.428,482731.233],[150280.653,482731.897],[150280.862,482732.566],[150281.055,482733.24],[150281.235,482733.918],[150281.4,482734.6],[150281.553,482735.283],[150281.706,482736.023],[150281.847,482736.767],[150281.974,482737.514],[150282.084,482738.264],[150282.176,482739.015],[150282.248,482739.769],[150282.297,482740.523],[150282.321,482741.278],[150282.319,482742.033],[150282.288,482742.794],[150282.231,482743.555],[150282.15,482744.314],[150282.051,482745.071],[150281.935,482745.826],[150281.808,482746.578],[150281.69,482747.245],[150281.565,482747.911],[150281.428,482748.575],[150281.274,482749.234],[150281.096,482749.887],[150280.89,482750.531],[150280.656,482751.154],[150280.397,482751.767],[150280.123,482752.374],[150279.842,482752.978],[150279.512,482753.674],[150279.17,482754.364],[150278.449,482755.726],[150274.692,482762.749],[150274.414,482763.266],[150274.143,482763.788],[150273.878,482764.312],[150273.62,482764.84],[150273.368,482765.371],[150273.122,482765.905],[150272.884,482766.442],[150272.635,482767.01],[150272.388,482767.58],[150272.149,482768.153],[150271.923,482768.73],[150271.715,482769.313],[150271.53,482769.904],[150271.368,482770.467],[150271.21,482771.035],[150271.065,482771.607],[150270.943,482772.182],[150270.853,482772.76],[150270.804,482773.34],[150270.806,482773.922],[150270.857,482774.516],[150270.95,482775.106],[150271.081,482775.691],[150271.247,482776.265],[150271.448,482776.827],[150271.691,482777.381],[150271.975,482777.915],[150272.29,482778.435],[150272.627,482778.942],[150272.974,482779.44],[150273.34,482779.922],[150273.733,482780.382],[150274.145,482780.828],[150274.569,482781.264],[150274.996,482781.698],[150275.418,482782.135],[150275.828,482782.583],[150276.245,482783.055],[150276.661,482783.528],[150277.072,482784.005],[150277.475,482784.488],[150277.863,482784.975],[150278.241,482785.469],[150278.612,482785.969],[150278.976,482786.474],[150279.335,482786.983],[150279.69,482787.495],[150280.042,482788.008],[150280.398,482788.536],[150280.748,482789.067],[150281.093,482789.601],[150281.434,482790.139],[150281.77,482790.679],[150282.102,482791.222],[150282.431,482791.767],[150282.757,482792.313],[150283.079,482792.842],[150283.404,482793.37],[150283.713,482793.906],[150283.992,482794.458],[150284.234,482795.007],[150284.456,482795.565],[150284.644,482796.135],[150284.788,482796.716],[150284.874,482797.267],[150284.918,482797.824],[150284.929,482798.384],[150284.914,482798.945],[150284.882,482799.503],[150284.827,482800.114],[150284.744,482800.723],[150284.635,482801.328],[150284.336,482802.519],[150283.769,482803.25],[150273.238,482818.17],[150264.971,482829.953],[150262.41,482833.687],[150262.065,482834.217],[150261.74,482834.76],[150261.434,482835.316],[150261.149,482835.883],[150260.885,482836.459],[150260.643,482837.045],[150260.424,482837.637],[150260.203,482838.315],[150260.011,482839.004],[150259.847,482839.701],[150259.712,482840.406],[150259.606,482841.115],[150259.53,482841.829],[150259.483,482842.544],[150259.48,482843.971],[150259.736,482846.459],[150260.067,482848.981],[150260.134,482849.368],[150260.195,482849.755],[150260.251,482850.143],[150260.302,482850.532],[150260.347,482850.922],[150260.387,482851.312],[150260.422,482851.703],[150260.457,482852.119],[150260.492,482852.536],[150260.52,482852.954],[150260.537,482853.372],[150260.537,482853.789],[150260.515,482854.205],[150260.477,482854.569],[150260.425,482854.931],[150260.36,482855.291],[150260.283,482855.649],[150260.196,482856.004],[150260.099,482856.357],[150259.972,482856.771],[150259.831,482857.18],[150259.675,482857.585],[150259.504,482857.984],[150259.32,482858.378],[150259.123,482858.764],[150258.689,482859.513],[150255.179,482865.121],[150249.197,482873.212],[150248.938,482873.617],[150248.655,482874.007],[150248.351,482874.382],[150248.026,482874.739],[150247.683,482875.078],[150247.322,482875.395],[150246.958,482875.68],[150246.577,482875.942],[150246.181,482876.184],[150245.773,482876.406],[150245.354,482876.609],[150244.928,482876.794],[150244.497,482876.961],[150244.076,482877.105],[150243.649,482877.231],[150243.215,482877.339],[150242.777,482877.429],[150242.336,482877.5],[150241.892,482877.552],[150241.004,482877.6],[150240.125,482877.588],[150238.614,482877.577],[150235.855,482877.551],[150235.324,482877.522],[150234.792,482877.511],[150234.259,482877.518],[150233.726,482877.544],[150233.195,482877.587],[150232.667,482877.649],[150232.141,482877.728],[150231.646,482877.816],[150231.151,482877.916],[150230.658,482878.029],[150230.169,482878.159],[150229.688,482878.308],[150229.215,482878.48],[150228.753,482878.676],[150228.305,482878.9],[150227.893,482879.14],[150227.494,482879.403],[150227.107,482879.684],[150226.731,482879.981],[150226.365,482880.29],[150226.007,482880.607],[150225.666,482880.926],[150225.335,482881.256],[150225.014,482881.597],[150224.704,482881.947],[150224.119,482882.675],[150221.4,482886.416],[150200.048,482916.792],[150171.958,482956.807],[150153.28,482983.244],[150137.666,483005.375],[150128.255,483018.636],[150128.078,483018.937],[150127.912,483019.246],[150127.757,483019.562],[150127.615,483019.883],[150127.485,483020.21],[150127.367,483020.541],[150127.262,483020.876],[150127.171,483021.214],[150127.093,483021.548],[150127.026,483021.886],[150126.971,483022.226],[150126.93,483022.569],[150126.902,483022.912],[150126.889,483023.256],[150126.891,483023.599],[150126.91,483023.942],[150126.945,483024.28],[150126.995,483024.618],[150127.059,483024.953],[150127.231,483025.613],[150127.905,483027.12],[150144.582,483038.928],[150155.399,483046.588],[150157.867,483048.181],[150167.361,483054.959],[150174.644,483060.095],[150174.953,483060.125],[150175.265,483060.141],[150175.578,483060.141],[150175.891,483060.127],[150176.203,483060.099],[150176.513,483060.056],[150176.82,483059.998],[150177.123,483059.926],[150177.431,483059.835],[150177.733,483059.725],[150178.03,483059.599],[150178.321,483059.459],[150178.607,483059.307],[150178.888,483059.145],[150179.164,483058.975],[150179.435,483058.801],[150179.681,483058.632],[150179.923,483058.457],[150180.16,483058.274],[150180.391,483058.084],[150180.835,483057.684],[150182.122,483056.011],[150191.319,483043.013],[150213.795,483011.149],[150222.756,482998.481],[150229.923,482988.385],[150247.097,482964.013],[150251.618,482957.563],[150251.658,482957.504],[150251.75,482957.348],[150251.827,482957.185],[150251.89,482957.015],[150251.938,482956.841],[150251.977,482956.668],[150252.532,482954.22],[150252.542,482954.179],[150252.557,482954.117],[150252.609,482953.951],[150252.675,482953.791],[150252.757,482953.637],[150252.852,482953.492],[150255.342,482950.038],[150255.682,482949.567],[150255.729,482949.508],[150255.807,482949.433],[150255.895,482949.37],[150255.991,482949.321],[150257.679,482948.609],[150257.708,482948.596],[150257.815,482948.538],[150257.915,482948.466],[150258.004,482948.381],[150258.081,482948.286],[150258.295,482947.984],[150268.057,482934.22],[150275.348,482923.869],[150286.528,482907.992],[150294.945,482895.967],[150298.806,482890.548],[150303.564,482883.568],[150304.277,482880.35],[150305.718,482877.873],[150307.403,482876.113],[150309.699,482875.03],[150313.764,482869.295],[150324.268,482854.401],[150332.266,482843.065],[150335.275,482838.749],[150336.187,482837.51],[150341.211,482830.333],[150343.454,482827.219],[150344.702,482825.428],[150351.33,482815.976],[150354.166,482812.003],[150356.845,482808.207],[150365.307,482796.045],[150366.111,482794.878],[150368.174,482791.945],[150370.056,482789.166],[150370.356,482788.523],[150370.497,482788.197],[150370.632,482787.869],[150370.761,482787.538],[150370.884,482787.204],[150371.001,482786.869],[150371.111,482786.532],[150371.201,482786.244],[150371.288,482785.955],[150371.368,482785.664],[150371.44,482785.371],[150371.52,482785.026],[150371.6,482784.677],[150371.674,482784.326],[150371.739,482783.973],[150371.787,482783.619],[150371.815,482783.266],[150371.816,482782.915],[150371.787,482782.568],[150371.721,482782.225],[150371.619,482781.878],[150371.49,482781.537],[150371.335,482781.206],[150371.156,482780.888],[150370.955,482780.585],[150370.732,482780.299],[150358.945,482771.665],[150360.807,482768.914],[150369.812,482775.174],[150376.916,482780.301],[150377.02,482780.376]],[[150154.182,482742.907],[150156.339,482737.605],[150158.076,482733.052],[150158.608,482733.193],[150160.121,482728.698],[150163.968,482717.689],[150169.403,482703.452],[150170.106,482701.811],[150170.464,482700.994],[150170.828,482700.18],[150171.197,482699.367],[150171.558,482698.584],[150171.924,482697.804],[150172.295,482697.026],[150172.67,482696.25],[150173.049,482695.476],[150173.433,482694.704],[150173.789,482693.994],[150174.149,482693.287],[150174.512,482692.581],[150174.878,482691.877],[150175.249,482691.175],[150175.623,482690.475],[150176.003,482689.778],[150176.387,482689.083],[150176.808,482688.326],[150177.229,482687.568],[150177.655,482686.812],[150178.088,482686.061],[150178.532,482685.316],[150178.99,482684.581],[150179.466,482683.857],[150179.934,482683.182],[150180.412,482682.515],[150180.903,482681.855],[150181.404,482681.205],[150181.917,482680.563],[150182.441,482679.93],[150185.399,482676.667],[150185.53,482676.547],[150185.748,482676.331],[150185.954,482676.105],[150186.148,482675.868],[150186.329,482675.621],[150186.498,482675.365],[150186.652,482675.101],[150186.793,482674.829],[150186.92,482674.549],[150187.031,482674.264],[150187.128,482673.973],[150187.209,482673.678],[150187.275,482673.379],[150187.481,482672.308],[150187.509,482671.409],[150187.648,482670.402],[150187.569,482657.877],[150187.653,482647.065],[150187.643,482644.521],[150187.631,482639.872],[150187.635,482637.882],[150185.66,482637.85],[150175.843,482637.826],[150158.349,482637.857],[150127.811,482637.791],[150114.421,482637.886],[150113.383,482637.948],[150112.868,482638.029],[150112.36,482638.141],[150111.861,482638.285],[150111.367,482638.468],[150110.888,482638.688],[150110.421,482638.939],[150109.968,482639.216],[150109.527,482639.511],[150109.097,482639.819],[150108.667,482640.157],[150108.256,482640.518],[150107.862,482640.899],[150107.481,482641.296],[150107.113,482641.704],[150106.753,482642.12],[150106.399,482642.539],[150106.07,482642.937],[150105.746,482643.339],[150105.429,482643.749],[150105.123,482644.165],[150104.829,482644.59],[150104.551,482645.024],[150104.291,482645.469],[150104.051,482645.924],[150103.84,482646.37],[150103.645,482646.823],[150103.466,482647.283],[150103.302,482647.75],[150103.155,482648.222],[150103.025,482648.698],[150102.912,482649.178],[150101.731,482653.821],[150100.969,482656.513],[150100.52,482657.839],[150100.027,482659.149],[150099.489,482660.44],[150098.831,482661.854],[150098.11,482663.24],[150097.337,482664.598],[150096.521,482665.933],[150095.67,482667.246],[150094.795,482668.54],[150093.921,482669.788],[150093.02,482671.02],[150092.088,482672.228],[150091.122,482673.408],[150090.116,482674.552],[150089.067,482675.655],[150087.982,482676.708],[150086.859,482677.722],[150085.702,482678.698],[150084.515,482679.637],[150083.302,482680.54],[150082.011,482681.439],[150080.689,482682.296],[150079.339,482683.111],[150077.963,482683.882],[150076.563,482684.609],[150075.141,482685.292],[150073.7,482685.929],[150072.242,482686.52],[150070.98,482686.983],[150069.703,482687.404],[150068.414,482687.791],[150067.116,482688.151],[150065.813,482688.49],[150064.508,482688.815],[150063.148,482689.137],[150061.783,482689.437],[150060.413,482689.714],[150059.039,482689.969],[150057.66,482690.201],[150056.279,482690.41],[150054.894,482690.596],[150051.728,482690.957],[150050.706,482691.111],[150050.198,482691.203],[150049.691,482691.306],[150049.104,482691.433],[150048.517,482691.568],[150047.933,482691.716],[150047.355,482691.883],[150046.786,482692.074],[150046.228,482692.294],[150045.645,482692.56],[150045.076,482692.855],[150044.519,482693.174],[150043.974,482693.514],[150043.443,482693.873],[150042.974,482694.219],[150042.521,482694.586],[150042.082,482694.97],[150041.653,482695.367],[150041.231,482695.773],[150040.814,482696.184],[150040.399,482696.594],[150039.979,482697.012],[150039.564,482697.435],[150039.156,482697.864],[150038.755,482698.3],[150038.364,482698.744],[150037.981,482699.196],[150037.606,482699.655],[150037.24,482700.121],[150036.881,482700.594],[150036.532,482701.073],[150036.191,482701.559],[150035.859,482702.051],[150035.537,482702.548],[150035.223,482703.052],[150034.919,482703.56],[150034.625,482704.074],[150025.823,482716.872],[150024.124,482719.212],[150019.841,482725.586],[150015.759,482731.341],[150003.89,482748.349],[149991.905,482765.483],[149982.427,482779.137],[149977.073,482786.818],[149976.331,482787.617],[149975.956,482788.014],[149975.58,482788.408],[149975.202,482788.807],[149974.825,482789.209],[149974.449,482789.611],[149974.069,482790.009],[149973.684,482790.402],[149973.29,482790.786],[149972.886,482791.157],[149972.468,482791.514],[149972.078,482791.824],[149971.68,482792.125],[149971.275,482792.416],[149970.863,482792.698],[149970.446,482792.973],[149970.024,482793.239],[149969.598,482793.499],[149969.168,482793.753],[149968.716,482794.015],[149968.261,482794.274],[149967.802,482794.525],[149967.336,482794.762],[149966.862,482794.981],[149966.379,482795.178],[149965.856,482795.361],[149965.326,482795.524],[149964.79,482795.665],[149964.248,482795.785],[149963.702,482795.882],[149963.154,482795.958],[149956.101,482797.458],[149955.008,482797.768],[149954.47,482797.956],[149953.94,482798.165],[149953.419,482798.395],[149952.908,482798.645],[149952.409,482798.915],[149951.888,482799.229],[149951.382,482799.569],[149950.891,482799.932],[149950.414,482800.314],[149949.95,482800.713],[149949.499,482801.125],[149949.059,482801.547],[149948.681,482801.936],[149948.319,482802.339],[149947.97,482802.754],[149947.629,482803.176],[149947.293,482803.603],[149946.959,482804.031],[149946.621,482804.456],[149946.28,482804.883],[149945.941,482805.313],[149945.605,482805.744],[149945.271,482806.177],[149944.94,482806.612],[149944.611,482807.049],[149935.235,482820.494],[149912.568,482853.021],[149906.186,482862.313],[149906.006,482862.711],[149905.846,482863.119],[149905.707,482863.535],[149905.589,482863.957],[149905.493,482864.384],[149905.419,482864.815],[149905.37,482865.245],[149905.35,482865.594],[149905.345,482865.678],[149905.342,482866.112],[149905.358,482866.547],[149905.391,482866.98],[149905.44,482867.411],[149905.503,482867.841],[149905.585,482868.27],[149905.684,482868.696],[149905.799,482869.119],[149905.932,482869.537],[149906.08,482869.948],[149906.245,482870.354],[149906.621,482871.14],[149918.832,482879.913],[149931.301,482888.69],[149963.608,482911.337],[149971.834,482917.164],[149976.264,482920.351],[150017.606,482949.384],[150018.017,482949.401],[150018.43,482949.4],[150018.842,482949.381],[150019.254,482949.345],[150019.664,482949.291],[150020.071,482949.22],[150020.474,482949.132],[150020.871,482949.026],[150021.288,482948.896],[150021.698,482948.746],[150022.103,482948.577],[150022.5,482948.39],[150022.888,482948.185],[150023.266,482947.963],[150023.987,482947.471],[150027.535,482942.374],[150053.085,482906.028],[150075.641,482873.975],[150085.097,482860.503],[150088.721,482855.151],[150090.311,482853.151],[150093.105,482849.218],[150096.171,482844.842],[150096.968,482843.792],[150097.367,482843.268],[150097.766,482842.744],[150098.166,482842.22],[150098.966,482841.174],[150099.359,482840.657],[150099.749,482840.138],[150100.139,482839.619],[150100.529,482839.1],[150100.922,482838.583],[150101.319,482838.07],[150101.723,482837.562],[150102.134,482837.059],[150102.566,482836.546],[150103.003,482836.037],[150103.445,482835.532],[150103.893,482835.032],[150104.345,482834.536],[150104.802,482834.044],[150105.567,482833.227],[150109.348,482829.233],[150111.872,482826.176],[150112.673,482825.164],[150112.755,482825.06],[150112.778,482825.028],[150115.447,482821.028],[150116.584,482819.308],[150117.195,482818.238],[150117.495,482817.699],[150117.791,482817.159],[150118.083,482816.616],[150118.371,482816.071],[150118.655,482815.525],[150118.935,482814.976],[150119.197,482814.457],[150119.457,482813.937],[150119.713,482813.415],[150119.964,482812.891],[150120.208,482812.364],[150120.445,482811.833],[150120.712,482811.204],[150120.969,482810.571],[150121.216,482809.934],[150121.457,482809.294],[150121.692,482808.652],[150121.923,482808.009],[150122.131,482807.437],[150122.343,482806.865],[150122.554,482806.292],[150122.758,482805.717],[150122.952,482805.14],[150123.132,482804.558],[150123.291,482803.971],[150123.427,482803.379],[150123.536,482802.722],[150123.625,482802.063],[150123.735,482801.407],[150123.858,482800.886],[150123.994,482800.368],[150124.118,482799.847],[150124.229,482799.232],[150124.318,482798.613],[150124.4,482797.993],[150124.492,482797.374],[150124.605,482796.708],[150124.722,482796.042],[150124.844,482795.378],[150124.971,482794.714],[150125.104,482794.052],[150125.243,482793.391],[150125.388,482792.731],[150125.531,482792.075],[150125.672,482791.418],[150125.816,482790.762],[150125.969,482790.108],[150126.139,482789.459],[150126.332,482788.818],[150126.554,482788.186],[150126.786,482787.611],[150127.038,482787.044],[150127.308,482786.484],[150127.593,482785.932],[150127.89,482785.386],[150128.197,482784.845],[150128.511,482784.31],[150128.857,482783.737],[150129.214,482783.171],[150129.584,482782.614],[150129.967,482782.065],[150130.366,482781.529],[150130.686,482781.123],[150131.015,482780.724],[150131.35,482780.331],[150131.69,482779.94],[150132.129,482779.448],[150132.577,482778.963],[150133.033,482778.485],[150133.496,482778.013],[150133.962,482777.546],[150134.433,482777.082],[150134.905,482776.62],[150135.339,482776.204],[150135.779,482775.793],[150136.665,482774.979],[150137.107,482774.57],[150137.544,482774.157],[150137.971,482773.745],[150138.397,482773.332],[150138.821,482772.917],[150139.243,482772.499],[150139.661,482772.078],[150140.075,482771.654],[150140.518,482771.199],[150140.964,482770.746],[150141.405,482770.289],[150141.837,482769.824],[150142.253,482769.346],[150142.647,482768.85],[150143.044,482768.302],[150143.422,482767.739],[150143.782,482767.165],[150144.125,482766.581],[150144.45,482765.991],[150144.758,482765.391],[150145.048,482764.782],[150145.32,482764.165],[150145.574,482763.541],[150145.809,482762.909],[150147.671,482758.676],[150152.031,482748.297],[150154.182,482742.907]],[[150156.314,482752.768],[150152.965,482760.405],[150150.832,482765.284],[150148.072,482771.328],[150147.382,482772.793],[150146.965,482773.488],[150146.504,482774.153],[150145.965,482774.81],[150145.381,482775.43],[150144.772,482776.025],[150144.176,482776.56],[150143.554,482777.064],[150142.915,482777.55],[150142.27,482778.028],[150141.631,482778.512],[150140.964,482779.014],[150140.291,482779.507],[150139.624,482780.008],[150138.976,482780.533],[150138.271,482781.153],[150137.584,482781.795],[150136.919,482782.459],[150136.279,482783.147],[150135.668,482783.86],[150135.093,482784.588],[150134.546,482785.338],[150134.028,482786.109],[150133.537,482786.898],[150133.076,482787.704],[150132.643,482788.525],[150132.283,482789.265],[150131.945,482790.016],[150131.631,482790.778],[150131.345,482791.551],[150131.088,482792.332],[150130.86,482793.166],[150130.674,482794.01],[150130.514,482794.861],[150130.366,482795.714],[150130.213,482796.566],[150130.055,482797.47],[150129.917,482798.377],[150129.791,482799.287],[150129.669,482800.197],[150129.544,482801.107],[150129.406,482802.014],[150129.25,482802.918],[150129.066,482803.817],[150128.86,482804.71],[150128.64,482805.6],[150128.406,482806.486],[150128.159,482807.369],[150127.897,482808.248],[150127.621,482809.122],[150127.33,482809.991],[150127.024,482810.855],[150126.7,482811.712],[150126.36,482812.563],[150126.005,482813.407],[150125.635,482814.246],[150125.254,482815.08],[150124.862,482815.909],[150124.462,482816.734],[150124.055,482817.554],[150123.665,482818.326],[150123.268,482819.094],[150122.862,482819.858],[150122.448,482820.618],[150122.023,482821.371],[150121.588,482822.118],[150121.14,482822.858],[150120.658,482823.626],[150120.165,482824.387],[150119.659,482825.142],[150119.143,482825.888],[150118.615,482826.627],[150118.076,482827.358],[150117.526,482828.081],[150116.966,482828.795],[150116.395,482829.501],[150115.814,482830.197],[150112.257,482834.519],[150112.528,482834.971],[150108.014,482840.206],[150102.813,482846.312],[150100.595,482849.279],[150100.218,482849.031],[150099.772,482849.528],[150092.345,482859.812],[150085.834,482869.177],[150080.745,482876.328],[150072.086,482888.573],[150063.564,482900.687],[150060.013,482905.753],[150050.276,482919.625],[150042.084,482931.487],[150035.021,482941.068],[150030.387,482947.62],[150029.109,482949.886],[150029.006,482950.271],[150028.913,482950.659],[150028.829,482951.049],[150028.754,482951.441],[150028.69,482951.835],[150028.635,482952.231],[150028.591,482952.627],[150028.556,482953.024],[150028.532,482953.401],[150028.518,482953.78],[150028.512,482954.159],[150028.516,482954.538],[150028.528,482954.917],[150028.549,482955.295],[150028.619,482956.049],[150028.442,482957.017],[150032.452,482959.861],[150044.25,482968.124],[150062.288,482980.917],[150070.297,482986.486],[150074.276,482989.269],[150098.176,483006.204],[150113.52,483016.956],[150117.627,483019.945],[150121.512,483019.408],[150121.751,483019.356],[150121.987,483019.295],[150122.221,483019.222],[150122.452,483019.139],[150122.679,483019.047],[150122.902,483018.944],[150123.119,483018.832],[150123.331,483018.711],[150123.513,483018.596],[150123.691,483018.474],[150123.864,483018.344],[150124.032,483018.208],[150124.195,483018.066],[150124.352,483017.918],[150124.647,483017.603],[150125.317,483016.698],[150131.29,483008.444],[150135.3,483002.659],[150136.542,483000.498],[150142.692,482992.368],[150146.165,482987.558],[150151.738,482979.577],[150152.267,482978.824],[150155.152,482974.84],[150157.222,482971.906],[150162.143,482964.933],[150162.697,482964.087],[150166.7,482958.33],[150169.986,482953.718],[150176.067,482945.154],[150182.123,482936.648],[150187.668,482928.744],[150192.044,482922.472],[150195.012,482918.167],[150199.638,482911.635],[150209.421,482897.625],[150210.076,482896.707],[150210.538,482896.022],[150213.673,482891.554],[150221.819,482879.96],[150222.004,482879.701],[150222.192,482879.444],[150222.383,482879.189],[150222.576,482878.936],[150222.772,482878.685],[150222.971,482878.437],[150223.172,482878.19],[150223.376,482877.946],[150223.583,482877.703],[150223.796,482877.453],[150224.01,482877.201],[150224.225,482876.951],[150224.444,482876.705],[150224.67,482876.466],[150224.905,482876.236],[150225.151,482876.019],[150225.4,482875.813],[150225.654,482875.614],[150225.918,482875.429],[150226.196,482875.266],[150226.515,482875.122],[150226.845,482875.003],[150227.177,482874.888],[150227.463,482874.788],[150227.751,482874.693],[150228.04,482874.601],[150228.329,482874.512],[150228.62,482874.425],[150228.911,482874.34],[150229.24,482874.242],[150229.569,482874.141],[150229.899,482874.043],[150230.231,482873.955],[150230.566,482873.88],[150230.904,482873.826],[150231.256,482873.796],[150231.61,482873.788],[150231.964,482873.797],[150232.319,482873.814],[150232.674,482873.832],[150233.028,482873.844],[150233.381,482873.851],[150233.733,482873.859],[150234.086,482873.869],[150234.438,482873.88],[150234.791,482873.892],[150235.496,482873.92],[150237.547,482874.059],[150238.638,482874.105],[150239.079,482874.094],[150239.521,482874.068],[150239.961,482874.025],[150240.4,482873.967],[150240.837,482873.892],[150241.27,482873.802],[150241.698,482873.696],[150242.168,482873.563],[150242.634,482873.413],[150243.095,482873.245],[150243.548,482873.057],[150243.99,482872.848],[150244.42,482872.617],[150244.835,482872.361],[150245.216,482872.097],[150245.584,482871.812],[150245.939,482871.51],[150246.279,482871.19],[150246.603,482870.854],[150246.911,482870.503],[150247.47,482869.761],[150253.447,482861.365],[150253.764,482860.95],[150254.067,482860.524],[150254.357,482860.088],[150254.632,482859.642],[150254.893,482859.187],[150255.139,482858.725],[150255.369,482858.255],[150255.583,482857.778],[150255.779,482857.306],[150255.963,482856.828],[150256.133,482856.343],[150256.285,482855.854],[150256.419,482855.359],[150256.53,482854.86],[150256.617,482854.357],[150256.677,482853.879],[150256.719,482853.398],[150256.741,482852.916],[150256.745,482852.432],[150256.729,482851.949],[150256.641,482850.989],[150256.343,482847.932],[150256.319,482847.647],[150256.287,482847.363],[150256.245,482847.08],[150256.195,482846.798],[150256.136,482846.518],[150256.069,482846.24],[150255.992,482845.965],[150255.908,482845.693],[150255.803,482845.392],[150255.688,482845.095],[150255.563,482844.802],[150255.427,482844.514],[150255.281,482844.23],[150255.126,482843.951],[150254.788,482843.413],[150254.756,482842.636],[150254.754,482842.401],[150254.757,482842.166],[150254.768,482841.932],[150254.785,482841.697],[150254.808,482841.463],[150254.838,482841.23],[150254.874,482840.998],[150254.923,482840.741],[150254.979,482840.484],[150255.043,482840.229],[150255.116,482839.976],[150255.196,482839.725],[150255.284,482839.477],[150255.379,482839.232],[150255.592,482838.753],[150256.199,482837.865],[150256.715,482836.712],[150256.855,482836.394],[150257,482836.08],[150257.152,482835.768],[150257.309,482835.459],[150257.473,482835.153],[150257.642,482834.85],[150257.816,482834.551],[150257.966,482834.304],[150258.151,482834],[150258.337,482833.697],[150258.524,482833.394],[150258.712,482833.091],[150258.9,482832.789],[150259.089,482832.487],[150259.278,482832.186],[150259.469,482831.885],[150259.66,482831.585],[150259.852,482831.285],[150260.045,482830.985],[150260.432,482830.388],[150263.95,482825.503],[150265.837,482822.8],[150268.026,482819.734],[150273.947,482811.378],[150281.017,482801.452],[150281.124,482800.755],[150281.141,482798.948],[150281.088,482798.451],[150281.014,482797.955],[150280.92,482797.463],[150280.805,482796.976],[150280.67,482796.494],[150280.516,482796.043],[150280.336,482795.602],[150280.136,482795.168],[150279.922,482794.74],[150279.701,482794.315],[150279.478,482793.891],[150279.26,482793.465],[150279.037,482793.02],[150278.812,482792.575],[150278.582,482792.133],[150278.344,482791.695],[150278.097,482791.262],[150277.85,482790.855],[150277.593,482790.454],[150277.329,482790.057],[150277.059,482789.663],[150276.787,482789.272],[150276.515,482788.88],[150276.244,482788.493],[150275.97,482788.109],[150275.694,482787.725],[150275.415,482787.344],[150275.134,482786.965],[150274.85,482786.588],[150274.563,482786.213],[150273.981,482785.468],[150270.929,482782.072],[150270.508,482781.606],[150270.11,482781.118],[150269.734,482780.611],[150269.382,482780.087],[150269.056,482779.546],[150268.756,482778.992],[150268.484,482778.426],[150268.255,482777.892],[150268.047,482777.347],[150267.863,482776.793],[150267.703,482776.231],[150267.572,482775.663],[150267.472,482775.09],[150267.404,482774.513],[150267.375,482773.944],[150267.383,482773.374],[150267.424,482772.804],[150267.493,482772.234],[150267.584,482771.666],[150267.693,482771.1],[150267.814,482770.538],[150267.942,482769.98],[150268.073,482769.459],[150268.22,482768.941],[150268.381,482768.427],[150268.553,482767.916],[150268.735,482767.409],[150268.924,482766.906],[150269.146,482766.345],[150269.381,482765.79],[150269.627,482765.239],[150270.154,482764.154],[150271.529,482761.574],[150275.589,482753.812],[150276.1,482752.878],[150276.571,482751.921],[150277,482750.943],[150277.387,482749.947],[150277.731,482748.936],[150278.029,482747.912],[150278.282,482746.878],[150278.489,482745.836],[150278.649,482744.784],[150278.764,482743.725],[150278.833,482742.662],[150278.858,482741.598],[150278.839,482740.536],[150278.781,482739.568],[150278.681,482738.602],[150278.543,482737.64],[150278.371,482736.683],[150278.166,482735.732],[150277.932,482734.788],[150277.673,482733.853],[150277.363,482732.864],[150277.017,482731.885],[150276.637,482730.919],[150276.227,482729.965],[150275.79,482729.023],[150275.329,482728.094],[150274.894,482727.271],[150274.438,482726.46],[150273.961,482725.66],[150273.463,482724.873],[150272.407,482723.341],[150270.325,482720.786],[150267.811,482717.997],[150266.007,482715.908],[150265.792,482715.629],[150265.589,482715.341],[150265.398,482715.044],[150265.22,482714.738],[150265.055,482714.426],[150264.903,482714.107],[150264.765,482713.782],[150264.641,482713.453],[150264.525,482713.096],[150264.425,482712.732],[150264.341,482712.363],[150264.274,482711.991],[150264.223,482711.616],[150264.19,482711.24],[150264.175,482710.487],[150264.173,482709.94],[150264.115,482708.253],[150264.086,482698.246],[150263.998,482678.487],[150263.864,482666.596],[150263.752,482660.718],[150263.652,482659.769],[150263.545,482659.299],[150263.403,482658.838],[150263.226,482658.389],[150263.015,482657.958],[150262.773,482657.549],[150262.508,482657.189],[150262.206,482656.859],[150261.877,482656.553],[150261.527,482656.264],[150261.166,482655.987],[150260.802,482655.716],[150260.442,482655.443],[150260.088,482655.176],[150259.728,482654.915],[150259.363,482654.663],[150258.992,482654.418],[150258.616,482654.181],[150258.236,482653.952],[150257.85,482653.732],[150257.46,482653.52],[150248.237,482648.412],[150236.557,482641.731],[150230.415,482638.486],[150229.169,482637.9],[150227.47,482637.48],[150220.893,482637.867],[150209.607,482637.78],[150196.975,482637.716],[150194.116,482637.767],[150192.14,482637.814],[150192.195,482639.812],[150192.204,482651.542],[150192.293,482669.978],[150192.29,482670.369],[150192.264,482672.051],[150192.109,482673.049],[150192.007,482673.544],[150191.889,482674.035],[150191.754,482674.521],[150191.618,482674.96],[150191.47,482675.396],[150191.307,482675.825],[150191.127,482676.248],[150190.888,482676.73],[150190.622,482677.198],[150190.333,482677.654],[150190.029,482678.101],[150189.715,482678.541],[150189.397,482678.977],[150189.091,482679.38],[150188.774,482679.772],[150188.448,482680.159],[150188.117,482680.542],[150187.786,482680.924],[150187.458,482681.309],[150187.129,482681.694],[150186.796,482682.076],[150186.462,482682.456],[150186.128,482682.837],[150185.798,482683.221],[150185.475,482683.61],[150185.16,482684.007],[150184.842,482684.425],[150184.531,482684.848],[150184.227,482685.276],[150183.927,482685.708],[150183.634,482686.144],[150183.345,482686.582],[150183.06,482687.024],[150182.779,482687.472],[150182.504,482687.924],[150182.235,482688.379],[150181.97,482688.837],[150181.71,482689.297],[150181.454,482689.76],[150181.201,482690.224],[150180.975,482690.646],[150180.753,482691.07],[150180.534,482691.496],[150180.318,482691.923],[150180.106,482692.352],[150179.897,482692.783],[150179.692,482693.216],[150178.943,482694.755],[150175.605,482702.695],[150172.927,482709.671],[150171.65,482713.102],[150168.994,482720.433],[150166.864,482726.277],[150165.069,482731.685],[150163.78,482735.503],[150162.376,482738.507],[150162.094,482738.604],[150160.804,482741.823],[150157.812,482749.26],[150156.314,482752.768]],[[149989.721,482762.415],[149989.096,482761.972],[149989.075,482761.958],[149988.997,482761.918],[149988.913,482761.893],[149988.826,482761.884],[149988.738,482761.89],[149988.653,482761.912],[149988.574,482761.95],[149988.503,482762.001],[149988.442,482762.064],[149988.394,482762.137],[149988.36,482762.217],[149988.34,482762.303],[149988.337,482762.39],[149988.35,482762.477],[149988.378,482762.56],[149988.421,482762.637],[149988.477,482762.704],[149988.544,482762.76],[149988.55,482762.764],[149991.041,482764.483],[149991.047,482764.487],[149991.054,482764.492],[149991.131,482764.533],[149991.214,482764.56],[149991.3,482764.571],[149991.387,482764.566],[149991.472,482764.546],[149991.551,482764.51],[149991.623,482764.461],[149991.684,482764.399],[149991.733,482764.327],[149991.768,482764.247],[149991.788,482764.162],[149991.792,482764.075],[149991.781,482763.989],[149991.753,482763.906],[149991.711,482763.83],[149991.656,482763.762],[149991.589,482763.706],[149990.352,482762.843],[149989.721,482762.415]]]},"id":"7dc756a2-8dcb-5616-a13b-31b3cab14877"},{"type":"Feature","properties":{"bronhouder":"G0034","creation_date":"2020-03-24T23:00:00Z","eind_registratie":"2024-01-11T13:53:01Z","functie":"rijbaan lokale weg","functie_codespace":"http://www.geostandaarden.nl/imgeo/def/2.1#FunctieWeg","fysiek_voorkomen":"open verharding","fysiek_voorkomen_codespace":"http://www.geostandaarden.nl/imgeo/def/2.1#FysiekVoorkomenWeg","in_onderzoek":null,"in_onderzoek_leeg":"geenWaarde","kruinlijn_leeg":"waardeOnbekend","lokaal_id":"G0034.e1e411e001c04c34ad4f8c48cbc41b5c","lv_publicatiedatum":"2024-01-11T13:57:33Z","op_talud":"false","op_talud_leeg":null,"plus_functie":null,"plus_functie_codespace":"http://www.geostandaarden.nl/imgeo/def/2.1#VoidReasonValue","plus_functie_leeg":"waardeOnbekend","plus_fysiek_voorkomen":null,"plus_fysiek_voorkomen_codespace":"http://www.geostandaarden.nl/imgeo/def/2.1#VoidReasonValue","plus_fysiek_voorkomen_leeg":"waardeOnbekend","plus_status":null,"plus_status_codespace":"http://www.geostandaarden.nl/imgeo/def/2.1#VoidReasonValue","plus_status_leeg":"geenWaarde","relatieve_hoogteligging":0,"status":"bestaand","status_codespace":"http://www.geostandaarden.nl/imgeo/def/2.1#Status","status_leeg":null,"termination_date":"2024-01-10T23:00:00Z","termination_date_leeg":null,"tijdstip_registratie":"2023-12-18T10:52:19Z","version":"a38fc568-8d39-3a64-8661-b2dc618cdefb"},"geometry":{"type":"Polygon","coordinates":[[[150377.02,482780.376],[150383.092,482784.576],[150387.347,482787.471],[150387.286,482787.551],[150386.765,482788.239],[150385.316,482790.234],[150381.291,482787.456],[150380.648,482787.09],[150380.306,482786.944],[150379.954,482786.822],[150379.594,482786.728],[150379.231,482786.662],[150378.885,482786.624],[150378.534,482786.61],[150378.18,482786.62],[150377.827,482786.654],[150377.479,482786.715],[150377.138,482786.801],[150376.808,482786.915],[150376.491,482787.057],[150376.177,482787.232],[150375.877,482787.436],[150375.594,482787.664],[150375.329,482787.915],[150375.085,482788.186],[150374.866,482788.475],[150374.674,482788.778],[150370.054,482795.336],[150344.29,482831.847],[150289.815,482909.173],[150233.718,482988.812],[150183.723,483059.675],[150183.527,483059.971],[150183.348,483060.28],[150183.187,483060.6],[150183.044,483060.929],[150182.92,483061.266],[150182.816,483061.609],[150182.732,483061.956],[150182.67,483062.306],[150182.629,483062.658],[150182.609,483063.013],[150182.609,483063.371],[150182.63,483063.728],[150182.672,483064.084],[150182.734,483064.436],[150182.917,483065.122],[150183.663,483066.429],[150188.042,483069.593],[150212.098,483086.441],[150241.841,483107.483],[150268.214,483125.991],[150278.102,483132.961],[150294.964,483144.774],[150308.424,483154.313],[150372.516,483199.435],[150410.851,483226.458],[150426.771,483237.608],[150434.003,483242.993],[150437.546,483245.398],[150439.62,483246.632],[150441.05,483246.947],[150442.664,483246.973],[150443.95,483246.724],[150445.17,483246.383],[150445.726,483246.143],[150445.936,483246.289],[150437.89,483257.106],[150436.991,483253.833],[150434.552,483250.285],[150431.284,483247.595],[150424.007,483242.524],[150422.737,483241.621],[150412.797,483234.572],[150395.1,483222.139],[150389.764,483218.444],[150378.94,483210.817],[150367,483202.321],[150336.965,483181.208],[150285.629,483145.044],[150277.142,483139.068],[150274.457,483137.766],[150273.279,483137.081],[150269.177,483134.22],[150265.094,483131.418],[150262.706,483129.057],[150250.732,483120.492],[150226.062,483103.239],[150204.744,483088.134],[150183.599,483073.208],[150160.012,483056.59],[150145.346,483046.328],[150143.601,483045.777],[150135.892,483040.39],[150135.082,483039.013],[150125.751,483032.4],[150106.272,483018.666],[150090.537,483007.583],[150073.493,482995.606],[150049.848,482978.838],[150033.945,482967.721],[150028.3,482963.758],[150027.464,482963.192],[150026.018,482962.36],[150024.281,482961.811],[150016.046,482955.928],[150014.802,482954.289],[150011.878,482952.163],[149998.502,482942.72],[149969.747,482922.499],[149947.56,482906.89],[149925.541,482891.538],[149923.515,482890.603],[149913.001,482883.235],[149911.948,482882.37],[149910.779,482881.451],[149910.314,482880.858],[149886.246,482863.888],[149873.9,482855.273],[149877.228,482850.656],[149881.209,482853.419],[149893.356,482861.96],[149893.611,482862.216],[149893.897,482862.447],[149894.207,482862.65],[149894.537,482862.824],[149894.883,482862.965],[149895.238,482863.072],[149895.599,482863.142],[149895.959,482863.173],[149896.313,482863.156],[149896.662,482863.093],[149897.006,482862.991],[149897.344,482862.86],[149897.677,482862.709],[149898.004,482862.547],[149898.324,482862.384],[149898.623,482862.224],[149898.915,482862.052],[149899.201,482861.868],[149899.479,482861.673],[149899.749,482861.466],[149900.262,482861.023],[149911.968,482844.124],[149915.428,482839.149],[149919.084,482833.957],[149923.647,482827.576],[149928.441,482820.57],[149931.596,482816.04],[149938.412,482806.244],[149944.676,482797.434],[149945.062,482797.015],[149945.261,482796.811],[149945.464,482796.611],[149945.67,482796.415],[149945.881,482796.223],[149946.094,482796.035],[149946.309,482795.853],[149946.526,482795.675],[149946.747,482795.501],[149946.972,482795.331],[149947.199,482795.166],[149947.43,482795.006],[149947.664,482794.851],[149947.937,482794.683],[149948.214,482794.523],[149948.495,482794.37],[149948.779,482794.221],[149949.064,482794.075],[149949.349,482793.928],[149949.625,482793.787],[149949.902,482793.649],[149950.181,482793.514],[149950.46,482793.382],[149950.741,482793.251],[149951.022,482793.121],[149951.304,482792.993],[149951.586,482792.866],[149951.869,482792.739],[149952.151,482792.611],[149952.433,482792.484],[149952.718,482792.349],[149953.002,482792.216],[149953.293,482792.096],[149953.494,482792.028],[149953.697,482791.965],[149953.974,482791.882],[149954.253,482791.807],[149954.533,482791.737],[149954.815,482791.672],[149955.097,482791.609],[149955.663,482791.489],[149955.946,482791.428],[149956.23,482791.368],[149956.514,482791.308],[149956.799,482791.25],[149957.084,482791.194],[149957.369,482791.139],[149957.654,482791.085],[149962.116,482790.418],[149964.694,482789.827],[149965.649,482789.41],[149966.116,482789.181],[149966.577,482788.938],[149967.03,482788.682],[149967.439,482788.435],[149967.842,482788.178],[149968.238,482787.91],[149968.627,482787.631],[149969.008,482787.341],[149969.381,482787.041],[149969.744,482786.73],[149970.098,482786.409],[149970.441,482786.078],[149970.771,482785.739],[149971.092,482785.39],[149971.403,482785.033],[149971.703,482784.666],[149971.993,482784.29],[149972.271,482783.907],[149972.539,482783.516],[149972.794,482783.118],[149979.866,482773.015],[149988.253,482760.944],[149995.219,482750.917],[150003.806,482738.53],[150004.766,482737.194],[150007.315,482733.584],[150010.105,482729.517],[150013.81,482724.282],[150023.472,482710.481],[150025.998,482706.718],[150034.974,482693.824],[150035.689,482692.967],[150036.059,482692.549],[150036.437,482692.139],[150036.823,482691.736],[150037.217,482691.34],[150037.619,482690.953],[150038.028,482690.569],[150038.443,482690.19],[150038.866,482689.82],[150039.297,482689.461],[150039.741,482689.117],[150040.197,482688.791],[150040.642,482688.5],[150041.097,482688.224],[150041.561,482687.962],[150042.034,482687.714],[150042.514,482687.482],[150043.001,482687.264],[150043.495,482687.062],[150043.993,482686.875],[150044.496,482686.703],[150044.977,482686.555],[150045.462,482686.421],[150045.95,482686.301],[150046.442,482686.196],[150046.936,482686.105],[150048.22,482685.85],[150049.432,482685.665],[150056.203,482684.787],[150058.029,482684.474],[150058.94,482684.304],[150059.849,482684.124],[150060.825,482683.924],[150061.801,482683.719],[150062.776,482683.507],[150063.748,482683.285],[150064.718,482683.05],[150065.683,482682.8],[150066.642,482682.532],[150067.595,482682.244],[150068.541,482681.933],[150069.477,482681.597],[150070.456,482681.221],[150071.43,482680.826],[150072.396,482680.412],[150073.354,482679.978],[150074.302,482679.523],[150075.239,482679.045],[150076.161,482678.543],[150077.069,482678.016],[150077.96,482677.464],[150078.833,482676.884],[150079.634,482676.315],[150080.418,482675.721],[150081.186,482675.107],[150081.941,482674.475],[150082.682,482673.827],[150083.412,482673.167],[150084.132,482672.498],[150084.859,482671.807],[150085.576,482671.106],[150086.28,482670.391],[150086.967,482669.661],[150087.633,482668.911],[150088.272,482668.14],[150088.883,482667.346],[150089.467,482666.532],[150090.027,482665.7],[150090.569,482664.856],[150091.095,482664.002],[150091.61,482663.142],[150092.078,482662.348],[150092.538,482661.549],[150092.987,482660.743],[150093.419,482659.929],[150093.831,482659.105],[150094.219,482658.27],[150094.576,482657.422],[150094.949,482656.455],[150095.295,482655.476],[150095.609,482654.488],[150095.883,482653.488],[150096.112,482652.478],[150096.291,482651.666],[150096.465,482650.848],[150096.571,482650.028],[150096.549,482649.209],[150096.387,482648.374],[150096.115,482647.566],[150095.723,482646.815],[150095.069,482645.991],[150094.261,482645.302],[150093.344,482644.785],[150085.38,482639.093],[150068.867,482627.644],[150055.211,482618.137],[150054.952,482617.875],[150054.678,482617.626],[150054.392,482617.389],[150054.093,482617.166],[150053.783,482616.957],[150053.463,482616.763],[150053.135,482616.584],[150052.799,482616.422],[150052.457,482616.277],[150052.109,482616.15],[150051.758,482616.041],[150051.424,482615.95],[150051.087,482615.87],[150050.746,482615.805],[150050.403,482615.76],[150050.06,482615.742],[150049.718,482615.756],[150049.329,482615.811],[150048.945,482615.899],[150048.569,482616.021],[150047.86,482616.358],[150040.817,482624.362],[150037.945,482622.266],[150040.084,482619.129],[150043.348,482614.945],[150047.313,482609.526],[150053.69,482600.729],[150059.073,482592.891],[150064.821,482584.501],[150071.655,482574.597],[150072.551,482573.22],[150072.815,482572.881],[150073.089,482572.55],[150073.374,482572.228],[150073.67,482571.916],[150073.975,482571.613],[150074.29,482571.32],[150074.613,482571.038],[150074.97,482570.747],[150075.338,482570.468],[150075.716,482570.202],[150076.103,482569.949],[150076.499,482569.709],[150076.902,482569.483],[150077.313,482569.271],[150078.153,482568.891],[150084,482566.937],[150088.978,482565.435],[150094.99,482563.569],[150102.802,482561.214],[150108.068,482559.682],[150116.248,482557.099],[150126.717,482553.871],[150133.628,482551.881],[150138.454,482550.601],[150144.586,482548.796],[150150.866,482547.562],[150160.139,482545.731],[150171.252,482543.569],[150183.312,482541.27],[150187.904,482540.369],[150198.715,482538.243],[150201.132,482537.8],[150206.933,482536.801],[150210.611,482536.223],[150211.63,482536.112],[150212.651,482536.012],[150213.673,482535.922],[150214.696,482535.844],[150215.72,482535.776],[150216.744,482535.719],[150217.769,482535.674],[150218.794,482535.639],[150219.819,482535.615],[150220.793,482535.6],[150221.767,482535.593],[150222.741,482535.594],[150223.715,482535.606],[150224.688,482535.63],[150225.661,482535.668],[150226.634,482535.72],[150227.604,482535.79],[150228.678,482535.885],[150229.749,482535.999],[150230.819,482536.129],[150231.886,482536.275],[150232.819,482536.415],[150233.75,482536.569],[150234.679,482536.734],[150235.606,482536.912],[150236.53,482537.104],[150237.523,482537.322],[150238.512,482537.554],[150239.498,482537.801],[150240.479,482538.067],[150241.454,482538.353],[150242.475,482538.68],[150243.488,482539.031],[150244.495,482539.402],[150245.496,482539.786],[150246.494,482540.179],[150247.505,482540.588],[150248.512,482541.011],[150249.513,482541.446],[150250.508,482541.892],[150251.499,482542.35],[150252.416,482542.784],[150253.33,482543.224],[150254.24,482543.675],[150255.142,482544.139],[150256.037,482544.617],[150256.922,482545.113],[150257.858,482545.664],[150258.784,482546.233],[150259.7,482546.819],[150260.606,482547.42],[150261.501,482548.037],[150262.386,482548.667],[150263.183,482549.254],[150263.97,482549.852],[150264.749,482550.463],[150265.518,482551.085],[150267.026,482552.365],[150272.708,482557.415],[150277.989,482562.02],[150284.134,482567.308],[150293.335,482575.11],[150294.352,482575.819],[150294.624,482576.006],[150294.895,482576.193],[150295.165,482576.381],[150295.436,482576.569],[150295.706,482576.757],[150295.976,482576.946],[150296.245,482577.136],[150296.515,482577.326],[150296.785,482577.516],[150297.055,482577.707],[150297.324,482577.899],[150297.592,482578.093],[150297.758,482578.215],[150297.924,482578.338],[150298.174,482578.529],[150298.422,482578.723],[150298.67,482578.917],[150298.922,482579.105],[150299.185,482579.291],[150299.452,482579.471],[150299.721,482579.647],[150299.993,482579.819],[150300.267,482579.988],[150300.542,482580.156],[150300.818,482580.322],[150301.094,482580.488],[150301.361,482580.647],[150301.629,482580.804],[150301.898,482580.959],[150302.168,482581.113],[150302.438,482581.266],[150302.708,482581.419],[150302.978,482581.572],[150303.261,482581.733],[150303.545,482581.894],[150303.828,482582.054],[150304.112,482582.214],[150304.396,482582.373],[150304.68,482582.533],[150304.964,482582.691],[150305.248,482582.85],[150305.818,482583.166],[150314.181,482587.464],[150314.856,482587.806],[150315.527,482588.156],[150316.194,482588.515],[150316.856,482588.882],[150317.514,482589.258],[150318.167,482589.642],[150318.814,482590.034],[150319.456,482590.435],[150320.06,482590.822],[150320.659,482591.216],[150321.254,482591.618],[150321.844,482592.026],[150322.428,482592.442],[150323.008,482592.865],[150324.151,482593.731],[150330.832,482598.8],[150335.716,482602.334],[150338.046,482603.99],[150338.621,482604.444],[150339.193,482604.904],[150339.759,482605.369],[150340.321,482605.84],[150340.877,482606.317],[150341.429,482606.799],[150341.977,482607.287],[150342.53,482607.788],[150343.079,482608.295],[150343.623,482608.806],[150344.162,482609.323],[150344.695,482609.846],[150345.22,482610.377],[150345.738,482610.915],[150346.246,482611.461],[150346.733,482612.002],[150347.213,482612.55],[150347.686,482613.104],[150348.151,482613.665],[150349.057,482614.805],[150352.021,482618.622],[150354.311,482621.663],[150355.971,482623.946],[150356.885,482625.175],[150357.178,482625.585],[150357.48,482625.99],[150357.79,482626.388],[150358.109,482626.78],[150358.436,482627.165],[150358.771,482627.542],[150359.114,482627.913],[150359.44,482628.251],[150359.774,482628.584],[150360.114,482628.91],[150360.461,482629.229],[150360.814,482629.541],[150361.173,482629.847],[150361.537,482630.145],[150362.284,482630.718],[150363.698,482631.639],[150365.853,482632.959],[150368.514,482634.695],[150368.205,482635.052],[150369.689,482638.148],[150370.081,482638.926],[150370.487,482639.698],[150370.907,482640.462],[150371.34,482641.22],[150371.786,482641.97],[150372.246,482642.712],[150372.718,482643.446],[150373.203,482644.171],[150373.701,482644.887],[150374.21,482645.594],[150374.731,482646.295],[150375.261,482646.989],[150375.802,482647.675],[150376.357,482648.349],[150376.927,482649.011],[150377.515,482649.656],[150378.121,482650.283],[150378.751,482650.898],[150379.398,482651.497],[150380.059,482652.079],[150381.426,482653.191],[150386.482,482657.076],[150389.014,482658.999],[150391.377,482660.754],[150392.245,482660.878],[150393.923,482662.004],[150399.548,482666.406],[150400.714,482667.874],[150407.582,482673.5],[150414.41,482679.304],[150420.062,482684.054],[150420.431,482684.364],[150420.571,482684.472],[150420.721,482684.566],[150420.878,482684.647],[150421.042,482684.713],[150421.212,482684.763],[150421.385,482684.799],[150421.557,482684.818],[150424.217,482684.997],[150426.51,482684.557],[150430.56,482674.704],[150437.909,482656.449],[150441.905,482646.643],[150444.117,482641.194],[150446.274,482635.866],[150446.508,482635.213],[150446.751,482634.564],[150447.002,482633.917],[150447.261,482633.274],[150447.528,482632.634],[150447.803,482631.998],[150448.086,482631.365],[150448.355,482630.785],[150448.63,482630.208],[150448.912,482629.634],[150449.201,482629.063],[150449.497,482628.496],[150449.8,482627.932],[150450.108,482627.372],[150450.746,482626.263],[150456.213,482618.346],[150461.458,482610.835],[150464.963,482605.719],[150465.359,482604.956],[150465.535,482604.563],[150465.696,482604.164],[150465.841,482603.76],[150465.979,482603.345],[150466.113,482602.923],[150466.235,482602.495],[150466.338,482602.065],[150466.416,482601.632],[150466.46,482601.198],[150466.463,482600.766],[150466.419,482600.335],[150466.323,482599.883],[150466.185,482599.436],[150466.008,482598.999],[150465.793,482598.577],[150465.544,482598.174],[150465.263,482597.795],[150464.953,482597.444],[150464.617,482597.127],[150457.761,482592.219],[150447.147,482584.874],[150440.039,482579.932],[150435.657,482576.95],[150430.399,482573.277],[150429.592,482572.685],[150421.378,482566.775],[150407.281,482556.901],[150404.043,482554.7],[150400.399,482552.045],[150394.219,482547.732],[150393.224,482546.947],[150392.731,482546.549],[150392.24,482546.148],[150391.753,482545.743],[150391.269,482545.334],[150390.787,482544.922],[150390.309,482544.506],[150389.834,482544.087],[150389.37,482543.671],[150388.91,482543.252],[150388.452,482542.83],[150387.997,482542.405],[150387.546,482541.976],[150387.098,482541.544],[150386.653,482541.108],[150381.513,482535.977],[150377.674,482532.682],[150375.876,482531.627],[150368.245,482527.07],[150358.362,482521.159],[150353.372,482518.217],[150329.805,482504.058],[150304.609,482488.989],[150303.527,482488.385],[150302.458,482487.756],[150301.404,482487.102],[150300.364,482486.423],[150299.341,482485.72],[150298.335,482484.993],[150297.347,482484.244],[150296.377,482483.472],[150295.469,482482.72],[150294.573,482481.952],[150293.692,482481.165],[150292.829,482480.357],[150291.989,482479.528],[150291.173,482478.676],[150290.386,482477.799],[150289.631,482476.895],[150288.948,482476.019],[150288.291,482475.122],[150287.66,482474.206],[150287.054,482473.273],[150286.473,482472.324],[150285.916,482471.361],[150285.383,482470.386],[150284.9,482469.459],[150284.436,482468.523],[150283.996,482467.575],[150283.588,482466.614],[150283.217,482465.638],[150282.864,482464.567],[150282.555,482463.481],[150282.285,482462.384],[150282.046,482461.28],[150281.832,482460.171],[150281.639,482459.051],[150281.474,482457.925],[150281.339,482456.794],[150281.237,482455.661],[150281.17,482454.526],[150281.143,482453.389],[150281.158,482452.187],[150281.216,482450.983],[150281.315,482449.782],[150281.454,482448.583],[150281.631,482447.389],[150281.844,482446.201],[150282.091,482445.021],[150282.369,482443.85],[150282.666,482442.735],[150282.994,482441.628],[150283.353,482440.531],[150283.746,482439.446],[150284.175,482438.376],[150284.652,482437.277],[150285.159,482436.19],[150285.702,482435.119],[150286.286,482434.072],[150286.914,482433.052],[150287.591,482432.066],[150288.114,482431.38],[150288.66,482430.711],[150289.213,482430.048],[150289.949,482429.175],[150290.698,482428.313],[150291.459,482427.462],[150292.233,482426.622],[150293.817,482424.977],[150317.456,482403.231],[150333.072,482388.348],[150337.027,482384.576],[150337.493,482383.9],[150337.705,482383.547],[150337.901,482383.185],[150338.083,482382.817],[150338.249,482382.441],[150338.395,482382.074],[150338.53,482381.7],[150338.65,482381.322],[150338.752,482380.939],[150338.833,482380.552],[150338.889,482380.161],[150338.924,482379.725],[150338.932,482379.285],[150338.913,482378.843],[150338.868,482378.402],[150338.797,482377.965],[150338.701,482377.534],[150338.579,482377.111],[150338.431,482376.699],[150338.27,482376.322],[150338.086,482375.953],[150337.881,482375.594],[150337.656,482375.246],[150337.412,482374.912],[150337.15,482374.592],[150336.872,482374.288],[150336.577,482374.003],[150327.006,482367.208],[150316.848,482360.106],[150303.767,482350.919],[150303.048,482350.438],[150298.569,482347.224],[150296.878,482346.03],[150296.519,482345.92],[150296.335,482345.879],[150296.149,482345.848],[150295.961,482345.828],[150295.773,482345.817],[150295.586,482345.817],[150295.4,482345.827],[150295.214,482345.847],[150295.029,482345.877],[150294.845,482345.918],[150294.664,482345.968],[150294.485,482346.027],[150294.31,482346.096],[150294.14,482346.174],[150293.976,482346.261],[150293.431,482346.581],[150293.32,482346.671],[150293.21,482346.762],[150293.101,482346.854],[150292.993,482346.947],[150292.886,482347.042],[150292.78,482347.137],[150292.675,482347.234],[150292.571,482347.332],[150292.465,482347.434],[150292.36,482347.537],[150292.257,482347.641],[150292.154,482347.747],[150292.053,482347.854],[150291.953,482347.961],[150291.757,482348.18],[150288.288,482353.015],[150283.869,482349.718],[150279.895,482346.762],[150278.762,482345.925],[150274.571,482343.046],[150268.215,482338.471],[150267.668,482338.104],[150267.38,482337.941],[150267.085,482337.792],[150266.783,482337.657],[150266.475,482337.537],[150266.163,482337.433],[150265.835,482337.344],[150265.501,482337.274],[150265.163,482337.222],[150264.823,482337.186],[150264.481,482337.163],[150264.138,482337.152],[150263.797,482337.149],[150263.439,482337.158],[150263.081,482337.179],[150262.724,482337.214],[150262.369,482337.263],[150262.015,482337.324],[150261.664,482337.398],[150261.317,482337.486],[150257.173,482338.521],[150247.855,482340.997],[150234.809,482344.986],[150233.898,482345.336],[150233.454,482345.543],[150233.02,482345.77],[150232.597,482346.017],[150232.186,482346.282],[150231.79,482346.566],[150231.357,482346.908],[150230.941,482347.272],[150230.543,482347.657],[150230.168,482348.063],[150229.817,482348.49],[150229.495,482348.937],[150229.206,482349.395],[150228.943,482349.871],[150228.707,482350.364],[150228.499,482350.87],[150228.321,482351.387],[150228.172,482351.912],[150228.054,482352.444],[150227.968,482352.979],[150227.872,482354.65],[150227.801,482356.413],[150227.737,482357.294],[150227.655,482358.173],[150227.554,482359.05],[150227.435,482359.924],[150227.297,482360.795],[150227.147,482361.631],[150226.98,482362.464],[150226.797,482363.293],[150226.596,482364.118],[150226.378,482364.939],[150226.144,482365.754],[150225.872,482366.638],[150225.585,482367.517],[150225.279,482368.39],[150224.948,482369.254],[150224.589,482370.105],[150224.198,482370.941],[150223.783,482371.748],[150223.341,482372.543],[150222.873,482373.323],[150222.38,482374.089],[150221.862,482374.837],[150221.32,482375.568],[150220.755,482376.28],[150220.167,482376.971],[150219.624,482377.57],[150219.064,482378.152],[150218.486,482378.718],[150217.892,482379.267],[150217.283,482379.797],[150213.909,482382.944],[150212.96,482383.835],[150209.38,482387.23],[150207.489,482388.831],[150205.369,482389.984],[150204.454,482390.274],[150203.995,482390.415],[150203.536,482390.553],[150203.075,482390.688],[150202.614,482390.819],[150202.152,482390.948],[150201.689,482391.073],[150201.225,482391.196],[150200.785,482391.309],[150200.344,482391.419],[150199.903,482391.527],[150199.461,482391.632],[150199.018,482391.734],[150198.575,482391.833],[150198.131,482391.93],[150196.699,482392.128],[150195.444,482392.345],[150193.973,482392.513],[150191.232,482392.891],[150188.837,482393.15],[150188.708,482393.172],[150188.583,482393.209],[150188.463,482393.262],[150188.351,482393.329],[150188.248,482393.408],[150188.155,482393.5],[150188.075,482393.603],[150188.007,482393.715],[150187.954,482393.834],[150187.92,482393.94],[150187.759,482394.556],[150187.138,482396.93],[150183.126,482412.667],[150179.577,482411.989],[150182.494,482400.532],[150184.191,482393.665],[150184.247,482393.44],[150184.261,482393.367],[150184.268,482393.259],[150184.26,482393.151],[150184.235,482393.046],[150184.196,482392.945],[150184.141,482392.851],[150184.074,482392.767],[150183.995,482392.693],[150183.906,482392.631],[150183.809,482392.583],[150183.706,482392.55],[150178.552,482391.316],[150177.497,482390.922],[150176.974,482390.712],[150176.455,482390.495],[150175.938,482390.269],[150175.426,482390.036],[150174.917,482389.794],[150174.412,482389.545],[150173.888,482389.276],[150173.369,482388.999],[150172.854,482388.713],[150172.344,482388.418],[150171.839,482388.116],[150171.338,482387.805],[150170.843,482387.486],[150170.353,482387.16],[150169.249,482386.399],[150167.06,482384.773],[150165.53,482383.521],[150163.953,482382.225],[150162.036,482380.607],[150161.127,482379.794],[150160.678,482379.382],[150160.233,482378.965],[150159.792,482378.543],[150159.355,482378.118],[150158.922,482377.688],[150158.494,482377.255],[150158.07,482376.817],[150157.631,482376.355],[150157.197,482375.889],[150156.767,482375.419],[150156.342,482374.944],[150155.923,482374.465],[150155.507,482373.982],[150155.097,482373.495],[150154.633,482372.843],[150154.935,482372.285],[150157.971,482366.227],[150162.488,482368.136],[150161.368,482370.624],[150161.346,482370.768],[150161.34,482370.84],[150161.338,482370.913],[150161.339,482370.986],[150161.344,482371.059],[150161.352,482371.131],[150161.364,482371.203],[150161.379,482371.273],[150161.399,482371.345],[150161.422,482371.416],[150161.449,482371.485],[150161.479,482371.553],[150161.512,482371.619],[150161.549,482371.684],[150161.589,482371.747],[150161.722,482371.914],[150163.442,482373.697],[150164.434,482374.648],[150164.937,482375.116],[150165.445,482375.579],[150165.958,482376.037],[150166.475,482376.489],[150166.997,482376.936],[150167.523,482377.378],[150168.044,482377.807],[150168.569,482378.23],[150169.098,482378.648],[150169.632,482379.061],[150170.17,482379.468],[150170.712,482379.87],[150171.257,482380.267],[150171.807,482380.658],[150173.187,482381.709],[150177.343,482384.161],[150179.613,482385.213],[150180.781,482385.66],[150182.056,482386.076],[150183.353,482386.424],[150184.668,482386.709],[150185.995,482386.938],[150187.33,482387.113],[150188.666,482387.242],[150189.95,482387.326],[150191.239,482387.368],[150192.531,482387.363],[150193.82,482387.307],[150195.104,482387.193],[150196.379,482387.018],[150197.64,482386.776],[150198.846,482386.478],[150200.038,482386.12],[150201.213,482385.707],[150202.371,482385.243],[150203.508,482384.73],[150204.623,482384.173],[150205.712,482383.575],[150206.85,482382.88],[150207.951,482382.126],[150209.018,482381.321],[150210.054,482380.473],[150211.061,482379.589],[150212.042,482378.678],[150213,482377.747],[150213.939,482376.8],[150214.864,482375.83],[150215.766,482374.835],[150216.638,482373.814],[150217.472,482372.764],[150218.26,482371.683],[150218.994,482370.57],[150219.667,482369.422],[150220.272,482368.238],[150220.75,482367.148],[150221.174,482366.034],[150221.547,482364.901],[150221.875,482363.751],[150222.162,482362.589],[150222.414,482361.418],[150222.636,482360.242],[150222.832,482359.065],[150223.035,482357.73],[150223.217,482356.384],[150223.36,482355.033],[150223.448,482353.68],[150223.465,482352.329],[150223.392,482350.986],[150223.215,482349.654],[150222.957,482348.474],[150222.621,482347.312],[150222.227,482346.165],[150221.795,482345.031],[150221.346,482343.905],[150220.916,482342.859],[150220.464,482341.821],[150219.986,482340.794],[150219.478,482339.783],[150218.936,482338.791],[150218.355,482337.822],[150217.676,482336.79],[150216.957,482335.784],[150216.201,482334.805],[150215.415,482333.851],[150214.629,482332.955],[150213.814,482332.085],[150212.97,482331.242],[150212.096,482330.432],[150211.188,482329.649],[150210.253,482328.898],[150209.29,482328.183],[150208.298,482327.51],[150207.331,482326.91],[150206.34,482326.349],[150205.329,482325.825],[150204.299,482325.342],[150201.218,482324.006],[150200.522,482323.659],[150200.178,482323.477],[150199.837,482323.289],[150199.5,482323.095],[150199.166,482322.895],[150198.835,482322.69],[150198.465,482322.455],[150198.096,482322.217],[150197.73,482321.973],[150197.371,482321.72],[150197.022,482321.455],[150196.684,482321.177],[150196.361,482320.882],[150196.074,482320.611],[150195.782,482320.337],[150195.496,482320.055],[150195.228,482319.762],[150194.989,482319.451],[150194.791,482319.119],[150194.647,482318.761],[150194.548,482318.366],[150194.492,482317.955],[150194.48,482317.539],[150194.516,482317.126],[150194.601,482316.724],[150194.74,482316.343],[150194.957,482315.954],[150195.234,482315.599],[150195.559,482315.279],[150195.917,482314.997],[150196.296,482314.754],[150196.659,482314.567],[150197.042,482314.416],[150197.44,482314.302],[150197.847,482314.226],[150198.257,482314.19],[150198.665,482314.195],[150200.061,482314.246],[150200.457,482314.261],[150200.483,482314.262],[150200.586,482314.278],[150200.686,482314.309],[150200.78,482314.355],[150200.866,482314.415],[150200.942,482314.488],[150201.006,482314.571],[150201.056,482314.662],[150201.092,482314.761],[150201.113,482314.863],[150201.495,482317.975],[150201.551,482318.368],[150201.599,482318.562],[150201.66,482318.752],[150201.734,482318.938],[150201.819,482319.118],[150201.915,482319.291],[150202.029,482319.463],[150202.155,482319.627],[150202.294,482319.783],[150202.443,482319.93],[150202.602,482320.067],[150202.77,482320.192],[150202.946,482320.305],[150203.128,482320.405],[150203.315,482320.491],[150209.705,482323.963],[150211.128,482324.861],[150216.097,482328.783],[150217.157,482329.881],[150217.668,482330.448],[150218.167,482331.027],[150218.652,482331.617],[150219.124,482332.218],[150219.582,482332.83],[150220.026,482333.451],[150220.455,482334.081],[150220.838,482334.672],[150221.208,482335.271],[150221.567,482335.878],[150221.912,482336.493],[150222.245,482337.114],[150222.564,482337.742],[150222.87,482338.376],[150223.991,482340.254],[150224.989,482341.326],[150225.74,482341.712],[150227.958,482341.694],[150229.563,482341.461],[150238.123,482339.058],[150252.98,482334.653],[150263.397,482331.843],[150265.592,482329.025],[150286.037,482343.647],[150288.888,482339.73],[150293.201,482340.491],[150294.188,482340.619],[150296.686,482342.361],[150298.438,482340.216],[150305.202,482345.017],[150307.593,482346.653],[150314.912,482351.807],[150326.36,482359.812],[150344.287,482372.471],[150346.125,482373.817],[150347.029,482374.511],[150347.922,482375.217],[150348.806,482375.936],[150349.678,482376.668],[150350.65,482377.517],[150351.602,482378.388],[150352.538,482379.276],[150353.463,482380.177],[150354.38,482381.087],[150355.292,482382.001],[150356.203,482382.915],[150357.123,482383.842],[150358.038,482384.776],[150358.946,482385.715],[150359.848,482386.66],[150360.745,482387.61],[150361.635,482388.567],[150362.518,482389.529],[150363.396,482390.497],[150368.311,482395.634],[150376.671,482404.744],[150380.56,482408.884],[150381.536,482409.843],[150382.052,482410.368],[150382.314,482410.626],[150382.579,482410.882],[150382.846,482411.135],[150383.116,482411.386],[150383.388,482411.633],[150383.663,482411.878],[150383.94,482412.12],[150384.219,482412.359],[150384.5,482412.595],[150384.784,482412.828],[150385.07,482413.059],[150385.359,482413.286],[150385.649,482413.511],[150385.942,482413.732],[150390.317,482417.016],[150394.98,482420.415],[150395.828,482421.015],[150404.264,482426.939],[150416.446,482435.431],[150433.314,482447.235],[150451.519,482460.15],[150454.813,482462.455],[150461.322,482467.008],[150479.871,482480.11],[150494.871,482490.663],[150516.701,482506.115],[150522.26,482509.983],[150536.086,482519.691],[150544.765,482525.828],[150561.391,482537.557],[150583.352,482552.988],[150587.513,482555.977],[150601.272,482565.514],[150620.628,482579.211],[150625.94,482582.939],[150637.49,482591.091],[150640.244,482593.036],[150644.86,482596.153],[150645.83,482596.726],[150646.319,482597.005],[150646.812,482597.278],[150647.308,482597.545],[150647.807,482597.807],[150648.38,482598.098],[150648.957,482598.38],[150649.538,482598.656],[150650.122,482598.926],[150650.706,482599.193],[150651.267,482599.445],[150651.83,482599.693],[150652.395,482599.936],[150652.962,482600.175],[150653.53,482600.41],[150654.101,482600.641],[150654.673,482600.867],[150655.246,482601.089],[150655.822,482601.306],[150656.399,482601.519],[150656.977,482601.728],[150668.592,482605.736],[150669.731,482606.143],[150674.509,482607.828],[150679.28,482609.399],[150680.313,482609.626],[150680.83,482609.734],[150681.349,482609.839],[150681.868,482609.94],[150682.387,482610.037],[150682.908,482610.131],[150683.441,482610.229],[150683.974,482610.328],[150684.508,482610.426],[150685.043,482610.517],[150685.579,482610.596],[150686.117,482610.658],[150686.656,482610.7],[150687.171,482610.721],[150687.687,482610.729],[150688.202,482610.723],[150688.718,482610.704],[150689.233,482610.671],[150689.746,482610.625],[150690.258,482610.566],[150697.897,482609.623],[150703.544,482609.025],[150708.388,482608.44],[150716.24,482607.536],[150728.138,482606.305],[150728.86,482606.287],[150729.221,482606.28],[150729.582,482606.274],[150729.943,482606.271],[150730.305,482606.269],[150730.666,482606.268],[150731.02,482606.266],[150731.375,482606.262],[150731.73,482606.257],[150732.085,482606.255],[150732.44,482606.258],[150732.794,482606.268],[150733.148,482606.288],[150733.5,482606.32],[150733.799,482606.353],[150734.097,482606.39],[150734.394,482606.434],[150734.689,482606.488],[150734.981,482606.556],[150735.295,482606.646],[150735.605,482606.75],[150735.91,482606.867],[150736.211,482606.997],[150736.505,482607.139],[150736.793,482607.294],[150737.073,482607.461],[150738.51,482608.178],[150739.675,482608.82],[150740.255,482609.147],[150740.832,482609.478],[150741.407,482609.813],[150741.98,482610.151],[150742.551,482610.494],[150743.105,482610.833],[150743.656,482611.177],[150744.205,482611.525],[150744.752,482611.876],[150745.298,482612.229],[150745.842,482612.584],[150746.386,482612.94],[150746.882,482613.266],[150747.376,482613.593],[150747.87,482613.921],[150748.363,482614.251],[150748.854,482614.583],[150749.345,482614.916],[150749.834,482615.251],[150751.902,482616.714],[150757.406,482620.839],[150759.679,482622.661],[150760.224,482623.114],[150760.494,482623.342],[150760.764,482623.573],[150761.032,482623.804],[150761.298,482624.037],[150761.564,482624.272],[150761.828,482624.508],[150762.081,482624.736],[150762.332,482624.965],[150762.582,482625.196],[150762.831,482625.428],[150763.325,482625.896],[150763.57,482626.133],[150763.814,482626.37],[150767.006,482629.625],[150776.259,482639.816],[150778.12,482641.838],[150779.08,482642.855],[150779.569,482643.354],[150780.065,482643.847],[150780.567,482644.333],[150781.076,482644.813],[150781.59,482645.286],[150782.056,482645.704],[150782.526,482646.115],[150783.002,482646.521],[150783.482,482646.922],[150783.966,482647.318],[150784.454,482647.709],[150784.945,482648.096],[150785.485,482648.514],[150786.03,482648.926],[150786.579,482649.333],[150787.132,482649.734],[150787.69,482650.129],[150788.251,482650.519],[150788.817,482650.902],[150793.334,482654.169],[150799.543,482658.581],[150806.285,482663.379],[150813.81,482668.658],[150815.887,482670.103],[150838.258,482686.023],[150840.593,482687.673],[150844.259,482690.237],[150846.399,482691.682],[150859.218,482700.83],[150860.139,482701.357],[150860.398,482701.565],[150861.381,482702.272],[150861.768,482702.461],[150862.33,482702.734],[150863.415,482703.114],[150864.364,482703.249],[150865.368,482703.358],[150866.697,482703.249],[150867.727,482703.005],[150869.084,482702.408],[150870.277,482701.703],[150871.485,482700.546],[150866.158,482707.164],[150859.779,482715.093],[150856.408,482719.284],[150857.584,482717.253],[150857.963,482716.195],[150858.153,482714.838],[150858.18,482713.589],[150857.936,482712.423],[150857.556,482711.228],[150857.041,482710.143],[150856.878,482709.468],[150856.546,482708.805],[150856.154,482708.112],[150855.672,482707.509],[150854.888,482706.424],[150853.816,482704.906],[150844.412,482697.401],[150840.389,482694.705],[150837.301,482692.568],[150822.252,482681.771],[150810.256,482673.206],[150800.461,482666.372],[150794.306,482661.956],[150781.647,482652.951],[150780.794,482652.318],[150780.373,482651.993],[150779.957,482651.662],[150779.546,482651.325],[150779.139,482650.983],[150778.737,482650.636],[150778.34,482650.283],[150777.952,482649.929],[150777.57,482649.569],[150777.192,482649.205],[150776.819,482648.835],[150776.451,482648.461],[150776.089,482648.082],[150775.731,482647.697],[150775.379,482647.308],[150766.938,482638.083],[150765.251,482636.213],[150761.328,482631.932],[150761.058,482631.633],[150760.921,482631.484],[150760.784,482631.337],[150760.645,482631.191],[150760.505,482631.046],[150760.364,482630.902],[150760.222,482630.759],[150760.079,482630.617],[150759.933,482630.475],[150759.786,482630.333],[150759.638,482630.193],[150759.489,482630.054],[150759.339,482629.916],[150759.188,482629.779],[150759.036,482629.643],[150758.633,482629.209],[150756.537,482627.269],[150756.033,482626.849],[150755.526,482626.433],[150755.017,482626.019],[150754.507,482625.607],[150753.994,482625.198],[150753.479,482624.792],[150752.984,482624.406],[150752.487,482624.023],[150751.989,482623.642],[150751.488,482623.263],[150750.986,482622.887],[150750.482,482622.514],[150749.976,482622.143],[150749.468,482621.774],[150748.447,482621.045],[150746.852,482619.956],[150741.967,482616.628],[150736.557,482613.861],[150735.845,482613.421],[150735.478,482613.219],[150735.103,482613.03],[150734.721,482612.855],[150734.335,482612.692],[150733.943,482612.544],[150733.547,482612.41],[150733.184,482612.3],[150732.818,482612.2],[150732.448,482612.113],[150732.076,482612.037],[150731.702,482611.974],[150731.326,482611.924],[150730.949,482611.888],[150730.527,482611.863],[150730.103,482611.856],[150729.679,482611.864],[150729.256,482611.889],[150728.834,482611.93],[150728.415,482611.988],[150727.401,482612.098],[150721.609,482612.717],[150713.042,482613.689],[150704.678,482614.606],[150688.532,482616.485],[150687.869,482616.539],[150687.537,482616.559],[150687.204,482616.575],[150686.871,482616.586],[150686.539,482616.592],[150686.206,482616.593],[150685.873,482616.59],[150685.541,482616.582],[150685.194,482616.569],[150684.848,482616.55],[150684.502,482616.527],[150684.157,482616.498],[150683.812,482616.465],[150683.467,482616.426],[150683.123,482616.382],[150682.644,482616.343],[150680.566,482615.933],[150673.219,482613.334],[150663.611,482609.979],[150652.866,482606.305],[150651.818,482605.921],[150651.297,482605.721],[150650.778,482605.517],[150650.261,482605.307],[150649.746,482605.092],[150649.233,482604.873],[150648.722,482604.648],[150648.213,482604.418],[150647.707,482604.184],[150647.237,482603.961],[150646.77,482603.733],[150646.304,482603.501],[150645.841,482603.265],[150645.379,482603.025],[150644.919,482602.783],[150644.419,482602.515],[150643.922,482602.243],[150643.427,482601.967],[150642.934,482601.687],[150642.443,482601.403],[150641.889,482601.058],[150640.365,482600.065],[150637.456,482598.075],[150631.948,482594.223],[150629.5,482592.495],[150615.223,482582.337],[150597.285,482569.933],[150591.422,482565.744],[150574.609,482553.875],[150557.523,482541.86],[150549.34,482536.12],[150543.92,482532.253],[150542.884,482531.525],[150525.978,482519.578],[150520.713,482515.831],[150517.66,482513.711],[150510.454,482508.597],[150483.273,482489.498],[150458.2,482471.835],[150444.583,482462.228],[150442.472,482460.794],[150433.442,482454.418],[150430.207,482452.148],[150421.777,482446.2],[150415.646,482441.901],[150405.678,482434.897],[150402.01,482432.305],[150388.623,482422.974],[150383.243,482418.982],[150382.53,482418.431],[150382.177,482418.151],[150381.826,482417.869],[150381.477,482417.584],[150381.13,482417.297],[150380.772,482416.994],[150380.416,482416.689],[150380.062,482416.382],[150379.711,482416.071],[150379.362,482415.757],[150379.016,482415.441],[150378.673,482415.121],[150378.333,482414.799],[150377.986,482414.463],[150377.642,482414.125],[150377.3,482413.783],[150376.962,482413.438],[150376.627,482413.09],[150376.295,482412.74],[150375.966,482412.386],[150375.641,482412.029],[150374.778,482411.197],[150368.84,482404.831],[150367.585,482403.423],[150366.954,482402.721],[150366.322,482402.021],[150365.687,482401.324],[150365.051,482400.628],[150364.37,482399.889],[150363.686,482399.153],[150362.999,482398.42],[150362.31,482397.688],[150361.621,482396.957],[150360.931,482396.227],[150360.241,482395.496],[150359.52,482394.733],[150358.798,482393.97],[150358.076,482393.208],[150357.353,482392.447],[150356.629,482391.686],[150355.904,482390.926],[150355.179,482390.167],[150354.453,482389.408],[150353.779,482388.704],[150353.103,482388.001],[150352.427,482387.298],[150351.751,482386.596],[150351.074,482385.894],[150350.396,482385.193],[150349.527,482384.683],[150349.069,482384.47],[150348.598,482384.285],[150348.117,482384.131],[150347.629,482384.009],[150347.105,482383.913],[150346.572,482383.854],[150346.035,482383.829],[150345.497,482383.841],[150344.961,482383.888],[150344.432,482383.971],[150343.913,482384.091],[150343.403,482384.248],[150342.901,482384.443],[150342.412,482384.672],[150341.938,482384.935],[150341.482,482385.228],[150341.049,482385.551],[150340.64,482385.902],[150340.26,482386.277],[150335.764,482390.459],[150322.192,482403.401],[150319.749,482405.722],[150319.446,482406.026],[150319.148,482406.335],[150318.855,482406.649],[150318.566,482406.967],[150318.282,482407.289],[150317.983,482407.637],[150317.69,482407.99],[150317.401,482408.347],[150317.119,482408.709],[150316.843,482409.075],[150316.575,482409.447],[150316.315,482409.825],[150316.092,482410.169],[150315.878,482410.519],[150315.669,482410.872],[150315.458,482411.225],[150315.241,482411.573],[150315.029,482411.902],[150314.815,482412.23],[150314.598,482412.557],[150314.377,482412.88],[150314.152,482413.201],[150313.921,482413.518],[150313.641,482413.886],[150313.354,482414.251],[150313.06,482414.61],[150312.76,482414.964],[150312.455,482415.313],[150312.143,482415.656],[150311.825,482415.994],[150311.172,482416.652],[150304.923,482422.254],[150300.695,482426.17],[150299.884,482426.913],[150299.082,482427.667],[150298.29,482428.43],[150297.507,482429.204],[150296.735,482429.987],[150295.981,482430.761],[150295.234,482431.542],[150294.504,482432.337],[150293.798,482433.154],[150293.15,482433.95],[150292.519,482434.761],[150291.916,482435.591],[150291.349,482436.446],[150290.84,482437.296],[150290.366,482438.167],[150289.925,482439.056],[150289.514,482439.96],[150289.133,482440.877],[150288.778,482441.803],[150288.441,482442.772],[150288.138,482443.754],[150287.867,482444.746],[150287.627,482445.747],[150287.418,482446.754],[150287.24,482447.767],[150287.09,482448.783],[150286.964,482449.844],[150286.869,482450.911],[150286.805,482451.982],[150286.775,482453.055],[150286.779,482454.129],[150286.82,482455.2],[150286.897,482456.269],[150287.013,482457.333],[150287.17,482458.389],[150287.367,482459.438],[150287.605,482460.48],[150287.881,482461.514],[150288.194,482462.539],[150288.541,482463.553],[150288.919,482464.557],[150289.327,482465.548],[150289.763,482466.526],[150290.224,482467.49],[150290.69,482468.405],[150291.179,482469.311],[150291.694,482470.203],[150292.235,482471.078],[150292.806,482471.934],[150293.408,482472.767],[150294.042,482473.574],[150294.644,482474.276],[150295.27,482474.957],[150295.918,482475.618],[150296.583,482476.263],[150297.26,482476.894],[150298.031,482477.575],[150298.824,482478.232],[150299.635,482478.869],[150300.459,482479.488],[150301.292,482480.094],[150302.132,482480.692],[150302.917,482481.238],[150303.71,482481.773],[150304.51,482482.296],[150306.134,482483.308],[150334.214,482500.14],[150379.346,482527.124],[150379.797,482527.383],[150380.243,482527.651],[150380.685,482527.927],[150381.122,482528.211],[150381.553,482528.503],[150381.98,482528.803],[150382.4,482529.11],[150382.815,482529.424],[150383.224,482529.746],[150383.633,482530.079],[150384.036,482530.42],[150384.432,482530.769],[150384.823,482531.124],[150385.206,482531.487],[150385.953,482532.233],[150391.325,482537.704],[150391.705,482538.058],[150392.087,482538.41],[150392.471,482538.759],[150392.856,482539.107],[150393.244,482539.453],[150393.633,482539.797],[150394.024,482540.138],[150394.374,482540.441],[150394.725,482540.742],[150395.078,482541.041],[150395.432,482541.339],[150395.787,482541.635],[150396.144,482541.929],[150396.503,482542.222],[150397.223,482542.802],[150414.293,482554.685],[150419.201,482558.277],[150422.638,482560.644],[150436.683,482570.499],[150452.661,482581.456],[150461.576,482587.814],[150469.476,482593.334],[150477.088,482598.809],[150479.802,482600.778],[150482.887,482603.108],[150484.999,482604.701],[150486.045,482605.491],[150486.428,482605.77],[150486.821,482606.036],[150487.222,482606.289],[150487.559,482606.487],[150491.939,482608.98],[150492.716,482609.404],[150493.499,482609.819],[150494.286,482610.226],[150495.078,482610.624],[150495.874,482611.012],[150496.674,482611.392],[150497.468,482611.757],[150498.268,482612.109],[150499.072,482612.452],[150499.88,482612.787],[150500.69,482613.115],[150501.503,482613.437],[150502.317,482613.756],[150503.132,482614.073],[150503.917,482614.376],[150504.704,482614.674],[150505.493,482614.968],[150506.283,482615.257],[150507.075,482615.542],[150508.663,482616.099],[150514.128,482617.517],[150520.685,482619.096],[150521.536,482619.313],[150522.384,482619.541],[150523.229,482619.78],[150524.071,482620.03],[150524.91,482620.29],[150525.746,482620.561],[150526.578,482620.842],[150527.406,482621.133],[150528.231,482621.435],[150528.995,482621.723],[150529.757,482622.017],[150530.517,482622.319],[150531.273,482622.63],[150532.023,482622.953],[150532.768,482623.288],[150533.506,482623.637],[150534.236,482624.002],[150534.918,482624.355],[150535.597,482624.714],[150536.27,482625.085],[150536.934,482625.472],[150537.584,482625.879],[150538.218,482626.31],[150538.85,482626.78],[150539.467,482627.27],[150540.077,482627.77],[150540.598,482628.202],[150541.115,482628.64],[150541.625,482629.086],[150542.124,482629.543],[150542.568,482629.975],[150543.011,482630.409],[150543.462,482630.825],[150543.912,482631.242],[150544.489,482631.806],[150545.053,482632.384],[150545.604,482632.975],[150546.143,482633.578],[150546.669,482634.192],[150547.183,482634.816],[150547.685,482635.45],[150548.175,482636.094],[150548.653,482636.745],[150549.12,482637.404],[150549.577,482638.072],[150550.021,482638.748],[150550.454,482639.433],[150550.873,482640.126],[150551.279,482640.827],[150551.672,482641.536],[150552.05,482642.252],[150552.414,482642.975],[150552.763,482643.705],[150553.116,482644.485],[150553.455,482645.273],[150553.776,482646.068],[150554.081,482646.869],[150554.366,482647.677],[150554.633,482648.491],[150554.859,482649.252],[150555.064,482650.018],[150555.252,482650.789],[150555.427,482651.564],[150555.59,482652.341],[150555.745,482653.12],[150555.895,482653.899],[150556.054,482654.762],[150556.202,482655.626],[150556.339,482656.493],[150556.465,482657.361],[150556.684,482659.101],[150556.97,482664.417],[150556.993,482664.895],[150557.022,482665.372],[150557.059,482665.848],[150557.104,482666.324],[150557.155,482666.8],[150557.214,482667.274],[150557.266,482667.697],[150557.314,482668.121],[150557.365,482668.546],[150557.427,482668.969],[150557.507,482669.386],[150557.611,482669.797],[150557.746,482670.198],[150557.918,482670.605],[150558.115,482671.005],[150558.334,482671.393],[150558.576,482671.77],[150558.838,482672.134],[150559.12,482672.482],[150559.42,482672.812],[150560.07,482673.416],[150562.696,482675.252],[150577.223,482685.299],[150584.396,482690.363],[150589.251,482693.955],[150603.149,482703.658],[150603.675,482703.937],[150604.352,482704.483],[150604.939,482704.866],[150605.222,482705.112],[150607.796,482706.919],[150613.058,482710.457],[150618.365,482714.28],[150623.778,482717.913],[150624.613,482718.589],[150625.008,482718.955],[150625.386,482719.339],[150625.747,482719.74],[150626.09,482720.156],[150626.413,482720.586],[150626.715,482721.029],[150626.976,482721.448],[150627.22,482721.878],[150627.446,482722.317],[150627.654,482722.766],[150627.84,482723.224],[150628.005,482723.688],[150628.162,482724.205],[150628.297,482724.729],[150628.406,482725.26],[150628.485,482725.796],[150628.533,482726.333],[150628.546,482726.872],[150628.521,482727.438],[150628.46,482728.005],[150628.363,482728.568],[150628.232,482729.125],[150628.066,482729.672],[150627.867,482730.206],[150627.636,482730.723],[150624.862,482735.875],[150622.726,482739.189],[150622.339,482739.973],[150622.166,482740.375],[150622.007,482740.783],[150621.861,482741.195],[150621.73,482741.612],[150621.605,482742.046],[150621.486,482742.484],[150621.381,482742.926],[150621.296,482743.371],[150621.236,482743.818],[150621.208,482744.267],[150621.218,482744.715],[150621.264,482745.159],[150621.341,482745.602],[150621.448,482746.039],[150621.582,482746.47],[150621.743,482746.891],[150621.929,482747.301],[150622.138,482747.696],[150622.398,482748.115],[150622.689,482748.518],[150623.008,482748.901],[150623.353,482749.263],[150623.722,482749.601],[150624.112,482749.913],[150624.521,482750.195],[150624.945,482750.447],[150630.894,482754.666],[150635.625,482758.219],[150656.15,482772.606],[150675.335,482785.986],[150696.387,482800.967],[150704.175,482806.396],[150705.147,482807.101],[150725.298,482821.245],[150727.634,482822.885],[150736.456,482827.508],[150741.938,482831.91],[150747.999,482836.173],[150752.661,482837.572],[150755.489,482837.408],[150757.233,482837.657],[150757.501,482837.677],[150759.476,482837.823],[150760.207,482837.557],[150761.303,482837.158],[150763.898,482835.082],[150747.857,482854.974],[150749.176,482852.368],[150749.336,482851.373],[150749.591,482849.792],[150749.157,482848.326],[150748.927,482847.548],[150747.764,482845.22],[150746.25,482842.641],[150744.452,482840.925],[150724.32,482827.358],[150707.766,482816.011],[150687.553,482801.722],[150657.21,482780.278],[150629.354,482760.653],[150619.26,482753.36],[150618.607,482752.749],[150618.295,482752.428],[150617.992,482752.098],[150617.701,482751.759],[150617.419,482751.412],[150617.131,482751.037],[150616.851,482750.655],[150616.584,482750.264],[150616.333,482749.862],[150616.103,482749.45],[150615.897,482749.026],[150615.709,482748.577],[150615.541,482748.119],[150615.396,482747.652],[150615.278,482747.179],[150615.188,482746.7],[150615.131,482746.218],[150615.112,482745.81],[150615.118,482745.401],[150615.143,482744.991],[150615.18,482744.582],[150615.224,482744.175],[150615.281,482743.731],[150615.354,482743.29],[150615.44,482742.851],[150615.535,482742.414],[150615.636,482741.977],[150615.739,482741.542],[150615.845,482741.109],[150615.957,482740.676],[150616.074,482740.245],[150616.198,482739.817],[150616.329,482739.39],[150616.469,482738.966],[150616.62,482738.536],[150616.779,482738.109],[150616.945,482737.685],[150617.119,482737.263],[150617.301,482736.845],[150617.49,482736.43],[150617.687,482736.019],[150617.891,482735.612],[150621.486,482730.091],[150621.847,482729.396],[150621.998,482729.034],[150622.127,482728.663],[150622.236,482728.287],[150622.329,482727.9],[150622.407,482727.505],[150622.463,482727.107],[150622.488,482726.708],[150622.477,482726.312],[150622.421,482725.921],[150622.32,482725.564],[150622.176,482725.223],[150621.996,482724.896],[150621.787,482724.581],[150621.558,482724.276],[150621.315,482723.979],[150621.067,482723.689],[150620.821,482723.405],[150620.556,482723.108],[150620.278,482722.82],[150619.99,482722.544],[150619.691,482722.278],[150619.382,482722.023],[150619.064,482721.781],[150618.738,482721.551],[150618.403,482721.335],[150600.651,482708.957],[150590.027,482701.633],[150585.115,482698.142],[150578.503,482693.35],[150575.152,482690.989],[150562.951,482682.575],[150562.267,482682.225],[150561.593,482681.854],[150560.93,482681.462],[150560.279,482681.051],[150559.641,482680.621],[150559.016,482680.172],[150558.406,482679.705],[150557.866,482679.264],[150557.339,482678.807],[150556.825,482678.337],[150556.32,482677.855],[150555.825,482677.364],[150555.297,482676.838],[150554.767,482676.308],[150554.245,482675.77],[150553.743,482675.216],[150553.271,482674.64],[150552.84,482674.038],[150552.461,482673.401],[150552.152,482672.779],[150551.878,482672.138],[150551.64,482671.48],[150551.44,482670.808],[150551.277,482670.126],[150551.152,482669.438],[150551.023,482668.053],[150550.912,482662.074],[150550.91,482661.171],[150550.887,482660.267],[150550.843,482659.363],[150550.777,482658.461],[150550.691,482657.561],[150550.583,482656.664],[150550.461,482655.788],[150550.322,482654.913],[150550.165,482654.039],[150549.989,482653.169],[150549.792,482652.304],[150549.572,482651.445],[150549.329,482650.593],[150549.06,482649.75],[150548.764,482648.916],[150548.439,482648.095],[150548.095,482647.311],[150547.723,482646.54],[150547.326,482645.781],[150546.908,482645.032],[150546.473,482644.293],[150546.023,482643.562],[150545.562,482642.838],[150545.093,482642.121],[150544.605,482641.405],[150544.099,482640.702],[150543.58,482640.008],[150543.053,482639.319],[150542.523,482638.633],[150541.994,482637.946],[150541.439,482637.207],[150540.88,482636.471],[150540.296,482635.755],[150539.736,482635.131],[150539.156,482634.525],[150538.555,482633.937],[150537.936,482633.37],[150537.299,482632.823],[150536.646,482632.297],[150535.972,482631.793],[150535.28,482631.312],[150534.575,482630.851],[150533.861,482630.403],[150533.123,482629.958],[150532.375,482629.529],[150531.617,482629.119],[150530.85,482628.727],[150530.11,482628.375],[150529.361,482628.045],[150528.604,482627.731],[150527.841,482627.432],[150527.075,482627.142],[150526.306,482626.858],[150525.429,482626.544],[150524.548,482626.243],[150523.661,482625.955],[150522.771,482625.68],[150521.877,482625.418],[150520.078,482624.934],[150512.909,482623.156],[150512.213,482622.949],[150511.518,482622.739],[150510.824,482622.524],[150510.131,482622.306],[150509.455,482622.087],[150508.782,482621.863],[150508.109,482621.635],[150507.438,482621.405],[150506.766,482621.175],[150506.093,482620.947],[150505.358,482620.703],[150504.623,482620.461],[150503.887,482620.218],[150503.153,482619.972],[150502.421,482619.72],[150501.653,482619.447],[150500.887,482619.169],[150500.123,482618.887],[150499.359,482618.602],[150498.657,482618.338],[150497.954,482618.073],[150497.253,482617.805],[150496.554,482617.533],[150495.857,482617.255],[150495.163,482616.97],[150494.473,482616.674],[150493.775,482616.364],[150493.08,482616.045],[150492.388,482615.719],[150491.701,482615.386],[150491.016,482615.045],[150490.335,482614.697],[150489.658,482614.342],[150488.984,482613.98],[150488.314,482613.613],[150487.648,482613.238],[150486.966,482612.847],[150486.289,482612.449],[150485.616,482612.044],[150484.946,482611.631],[150484.282,482611.212],[150482.965,482610.354],[150475.908,482605.488],[150475.573,482605.536],[150475.241,482605.595],[150474.91,482605.666],[150474.582,482605.747],[150474.257,482605.839],[150473.935,482605.942],[150473.612,482606.057],[150473.291,482606.181],[150472.975,482606.316],[150472.663,482606.462],[150472.358,482606.621],[150472.06,482606.791],[150471.771,482606.975],[150471.488,482607.174],[150471.214,482607.385],[150470.947,482607.608],[150470.691,482607.842],[150470.444,482608.087],[150470.207,482608.341],[150469.769,482608.877],[150461.554,482620.504],[150458.361,482625.081],[150458.098,482625.427],[150457.839,482625.775],[150457.583,482626.127],[150457.332,482626.481],[150457.083,482626.838],[150456.839,482627.197],[150456.599,482627.559],[150456.362,482627.924],[150456.129,482628.291],[150455.901,482628.66],[150455.657,482629.063],[150455.418,482629.47],[150455.183,482629.879],[150454.953,482630.29],[150454.508,482631.121],[150450.138,482641.407],[150445.591,482652.664],[150443.761,482657.185],[150443.363,482658.166],[150442.199,482660.907],[150440.155,482666.102],[150433.228,482683.353],[150430.575,482689.782],[150430.236,482690.666],[150429.956,482691.575],[150429.719,482692.499],[150429.525,482693.435],[150429.375,482694.379],[150429.269,482695.328],[150429.208,482696.28],[150429.193,482697.231],[150429.232,482698.21],[150429.328,482699.186],[150429.471,482700.159],[150429.653,482701.126],[150429.864,482702.087],[150430.096,482703.041],[150430.363,482704.016],[150430.666,482704.98],[150431,482705.935],[150431.359,482706.882],[150431.738,482707.82],[150432.132,482708.752],[150432.55,482709.694],[150432.987,482710.628],[150433.445,482711.553],[150433.924,482712.466],[150434.425,482713.368],[150434.947,482714.257],[150435.496,482715.142],[150436.066,482716.015],[150436.658,482716.874],[150437.269,482717.717],[150437.902,482718.545],[150438.525,482719.321],[150439.166,482720.082],[150439.826,482720.828],[150440.502,482721.559],[150441.196,482722.272],[150441.91,482722.973],[150442.642,482723.657],[150443.39,482724.323],[150444.154,482724.972],[150444.933,482725.602],[150446.534,482726.805],[150451.175,482730.149],[150459.936,482736.331],[150463.923,482739.063],[150471.625,482744.172],[150472.232,482744.597],[150472.849,482745.008],[150473.477,482745.403],[150474.114,482745.783],[150474.76,482746.148],[150475.414,482746.496],[150476.05,482746.82],[150476.692,482747.135],[150477.342,482747.437],[150477.998,482747.722],[150478.662,482747.987],[150479.333,482748.229],[150480.013,482748.443],[150480.701,482748.627],[150481.414,482748.785],[150482.132,482748.917],[150482.855,482749.023],[150483.582,482749.1],[150484.311,482749.148],[150485.04,482749.164],[150485.717,482749.152],[150486.394,482749.114],[150487.071,482749.05],[150487.744,482748.961],[150488.414,482748.846],[150489.735,482748.542],[150494.069,482747.506],[150505.16,482744.94],[150505.924,482744.748],[150506.695,482744.577],[150507.471,482744.428],[150508.251,482744.301],[150509.033,482744.196],[150509.818,482744.113],[150510.605,482744.052],[150511.41,482744.009],[150512.218,482743.985],[150513.027,482743.981],[150513.836,482744.002],[150514.643,482744.05],[150515.446,482744.128],[150516.244,482744.24],[150517.036,482744.387],[150517.916,482744.594],[150518.789,482744.84],[150519.651,482745.124],[150520.5,482745.445],[150521.334,482745.803],[150522.948,482746.625],[150531.87,482752.734],[150539.963,482758.401],[150543.171,482760.741],[150551.107,482766.219],[150553.446,482767.804],[150566.754,482777.096],[150567.833,482777.682],[150568.887,482778.321],[150569.912,482779.01],[150570.907,482779.746],[150571.868,482780.528],[150572.791,482781.352],[150573.674,482782.216],[150574.514,482783.118],[150575.308,482784.055],[150576.099,482785.088],[150576.84,482786.162],[150577.529,482787.273],[150578.164,482788.417],[150578.742,482789.59],[150579.719,482792.005],[150581.589,482798.246],[150584.092,482806.105],[150585.499,482810.71],[150587.496,482817.111],[150587.657,482817.712],[150587.834,482818.308],[150588.026,482818.901],[150588.233,482819.488],[150588.454,482820.071],[150588.69,482820.647],[150588.941,482821.217],[150589.205,482821.779],[150589.46,482822.285],[150589.726,482822.784],[150590.005,482823.277],[150590.295,482823.763],[150590.594,482824.244],[150590.902,482824.72],[150591.218,482825.19],[150591.57,482825.702],[150591.928,482826.212],[150592.296,482826.715],[150592.676,482827.208],[150593.071,482827.688],[150593.486,482828.15],[150593.922,482828.591],[150594.36,482828.995],[150594.813,482829.384],[150595.281,482829.755],[150596.254,482830.445],[150604.236,482836.196],[150608.384,482839.21],[150622.263,482849.114],[150631.404,482855.556],[150647.945,482867.218],[150664.106,482878.589],[150674.005,482885.565],[150681.445,482890.778],[150682.685,482891.831],[150686.71,482894.823],[150697.496,482902.464],[150701.01,482903.73],[150703.217,482904.466],[150707.289,482903.851],[150708.903,482903.281],[150710.517,482902.284],[150711.919,482900.92],[150705.725,482908.884],[150700.057,482916.186],[150696.74,482920.466],[150697.939,482918.194],[150698.366,482916.342],[150698.366,482914.49],[150697.796,482912.495],[150696.705,482910.785],[150696.34,482910.378],[150695.372,482909.297],[150692.963,482906.273],[150681.571,482897.993],[150677.764,482894.911],[150670.818,482890.201],[150657.585,482880.858],[150645.191,482872.138],[150636.645,482866.169],[150633.824,482864.19],[150627.209,482859.516],[150621.829,482855.767],[150615.808,482851.755],[150606.749,482845.4],[150595.765,482837.371],[150593.548,482835.789],[150593.319,482835.635],[150593.092,482835.478],[150592.865,482835.32],[150592.64,482835.161],[150592.415,482835],[150592.192,482834.837],[150591.97,482834.673],[150591.749,482834.507],[150591.53,482834.34],[150591.284,482834.15],[150591.04,482833.959],[150590.797,482833.765],[150590.556,482833.57],[150590.316,482833.373],[150589.841,482832.973],[150589.331,482832.676],[150587.06,482829.765],[150584.721,482826.137],[150583.564,482823.181],[150582.386,482819.791],[150579.972,482812.012],[150576.459,482800.886],[150576.285,482800.037],[150576.089,482799.192],[150575.871,482798.351],[150575.632,482797.516],[150575.372,482796.686],[150575.09,482795.864],[150574.788,482795.049],[150574.465,482794.242],[150574.122,482793.445],[150573.76,482792.658],[150573.41,482791.931],[150573.051,482791.208],[150572.675,482790.493],[150572.275,482789.793],[150571.845,482789.112],[150571.377,482788.458],[150570.814,482787.76],[150570.215,482787.089],[150569.582,482786.448],[150568.917,482785.841],[150567.504,482784.732],[150559.311,482778.903],[150547.449,482770.535],[150527.02,482756.135],[150522.188,482752.849],[150519.814,482751.358],[150519.282,482751.119],[150518.741,482750.898],[150518.192,482750.694],[150517.636,482750.509],[150517.074,482750.341],[150516.507,482750.193],[150515.936,482750.062],[150515.361,482749.951],[150514.784,482749.859],[150514.205,482749.786],[150513.613,482749.734],[150513.018,482749.702],[150512.421,482749.692],[150511.824,482749.701],[150511.228,482749.729],[150510.632,482749.775],[150510.039,482749.837],[150509.448,482749.914],[150508.848,482750.009],[150507.656,482750.253],[150497.077,482752.651],[150493.214,482753.635],[150492.418,482753.86],[150491.615,482754.064],[150490.806,482754.245],[150489.992,482754.405],[150489.175,482754.542],[150488.354,482754.657],[150487.532,482754.75],[150486.702,482754.825],[150485.869,482754.883],[150485.034,482754.919],[150484.199,482754.93],[150483.366,482754.912],[150482.535,482754.858],[150481.708,482754.766],[150480.904,482754.639],[150480.104,482754.477],[150479.311,482754.284],[150478.525,482754.064],[150477.746,482753.818],[150476.977,482753.549],[150476.242,482753.267],[150475.516,482752.962],[150474.799,482752.634],[150474.093,482752.283],[150472.718,482751.517],[150466.312,482747.472],[150465.264,482746.785],[150464.218,482746.096],[150463.174,482745.403],[150462.132,482744.707],[150461.092,482744.008],[150460.054,482743.306],[150459.018,482742.601],[150457.984,482741.894],[150456.952,482741.183],[150455.925,482740.471],[150454.901,482739.756],[150453.878,482739.038],[150452.858,482738.317],[150451.84,482737.593],[150449.809,482736.136],[150445.538,482733.12],[150441.62,482730.119],[150441.053,482729.684],[150440.492,482729.239],[150439.939,482728.786],[150439.393,482728.324],[150438.854,482727.853],[150438.322,482727.374],[150437.799,482726.887],[150437.273,482726.383],[150436.755,482725.871],[150436.245,482725.351],[150435.743,482724.823],[150435.251,482724.285],[150434.77,482723.74],[150434.325,482723.217],[150433.89,482722.687],[150433.464,482722.149],[150433.047,482721.604],[150432.638,482721.053],[150432.237,482720.496],[150431.844,482719.933],[150431.458,482719.366],[150431.092,482718.813],[150430.735,482718.256],[150430.385,482717.693],[150430.043,482717.125],[150429.728,482716.587],[150429.421,482716.044],[150429.121,482715.497],[150428.828,482714.947],[150428.54,482714.394],[150428.235,482713.79],[150427.937,482713.182],[150427.647,482712.571],[150427.365,482711.956],[150427.09,482711.338],[150426.822,482710.717],[150426.56,482710.093],[150426.316,482709.493],[150426.077,482708.891],[150425.846,482708.286],[150425.623,482707.678],[150425.409,482707.067],[150425.216,482706.485],[150425.03,482705.902],[150424.853,482705.315],[150424.684,482704.726],[150424.524,482704.135],[150424.364,482703.513],[150424.212,482702.89],[150424.069,482702.264],[150423.938,482701.636],[150423.824,482701.005],[150423.728,482700.371],[150423.65,482699.728],[150423.587,482699.082],[150423.541,482698.434],[150423.511,482697.785],[150423.497,482697.135],[150423.5,482696.485],[150423.554,482695.189],[150423.687,482694.201],[150423.623,482694.023],[150423.552,482693.848],[150423.475,482693.675],[150423.393,482693.505],[150423.304,482693.337],[150423.21,482693.174],[150423.115,482693.022],[150423.016,482692.874],[150422.911,482692.728],[150422.802,482692.586],[150422.688,482692.448],[150422.569,482692.314],[150422.446,482692.183],[150422.319,482692.057],[150422.053,482691.818],[150421.297,482691.021],[150417.174,482687.339],[150416.235,482686.495],[150415.294,482685.653],[150414.351,482684.815],[150413.405,482683.979],[150412.456,482683.145],[150411.503,482682.313],[150410.546,482681.483],[150409.588,482680.656],[150408.626,482679.832],[150407.663,482679.01],[150406.697,482678.192],[150405.728,482677.376],[150404.757,482676.564],[150403.784,482675.754],[150401.83,482674.144],[150394.961,482668.763],[150389.831,482664.791],[150387.082,482663.602],[150380.776,482658.839],[150379.732,482657.883],[150378.602,482656.409],[150377.434,482655.452],[150376.71,482654.862],[150375.999,482654.257],[150375.3,482653.637],[150374.613,482653.002],[150373.941,482652.354],[150373.282,482651.691],[150372.637,482651.016],[150372.007,482650.327],[150371.411,482649.648],[150370.829,482648.957],[150370.261,482648.254],[150369.707,482647.54],[150369.167,482646.814],[150368.642,482646.078],[150367.639,482644.576],[150365.868,482641.554],[150364.43,482639.35],[150362.73,482637.726],[150362.132,482637.357],[150361.54,482636.977],[150360.954,482636.587],[150360.375,482636.188],[150359.803,482635.778],[150359.238,482635.359],[150358.681,482634.93],[150358.117,482634.481],[150357.561,482634.021],[150357.013,482633.551],[150356.473,482633.072],[150355.942,482632.584],[150355.42,482632.086],[150354.906,482631.579],[150353.907,482630.539],[150351.906,482627.855],[150350.759,482626.274],[150346.84,482621.109],[150345.443,482619.269],[150344.82,482618.501],[150344.185,482617.743],[150343.538,482616.993],[150342.881,482616.254],[150342.212,482615.524],[150341.533,482614.805],[150340.843,482614.096],[150340.143,482613.397],[150339.496,482612.771],[150338.841,482612.153],[150338.178,482611.544],[150337.506,482610.944],[150336.826,482610.353],[150336.139,482609.772],[150334.74,482608.638],[150330.382,482605.39],[150322.192,482599.281],[150321.724,482598.923],[150321.254,482598.569],[150320.781,482598.219],[150320.305,482597.871],[150319.828,482597.527],[150319.347,482597.187],[150318.864,482596.85],[150318.379,482596.516],[150317.923,482596.208],[150317.465,482595.902],[150317.005,482595.599],[150316.543,482595.299],[150316.079,482595.003],[150315.613,482594.71],[150314.675,482594.132],[150308.209,482590.762],[150302.278,482587.651],[150301.486,482587.197],[150300.697,482586.736],[150299.912,482586.269],[150299.13,482585.796],[150298.353,482585.316],[150297.579,482584.831],[150296.809,482584.339],[150296.105,482583.882],[150295.404,482583.419],[150294.706,482582.952],[150294.012,482582.479],[150293.322,482582.001],[150292.635,482581.518],[150291.952,482581.029],[150291.274,482580.535],[150290.589,482580.027],[150289.909,482579.512],[150289.233,482578.991],[150288.561,482578.466],[150287.892,482577.936],[150287.227,482577.403],[150286.564,482576.866],[150285.854,482576.286],[150285.147,482575.702],[150284.445,482575.113],[150283.051,482573.922],[150280.371,482571.583],[150274.733,482566.687],[150271.796,482564.083],[150271.359,482563.706],[150270.924,482563.329],[150270.489,482562.95],[150270.055,482562.571],[150269.622,482562.19],[150269.19,482561.809],[150268.759,482561.426],[150268.329,482561.042],[150267.9,482560.658],[150267.455,482560.257],[150267.011,482559.855],[150266.568,482559.452],[150266.126,482559.048],[150265.685,482558.642],[150264.806,482557.829],[150262.681,482556.165],[150259.267,482553.434],[150258.503,482552.913],[150257.765,482552.413],[150257.021,482551.921],[150256.271,482551.438],[150255.516,482550.964],[150254.755,482550.498],[150253.989,482550.041],[150253.218,482549.593],[150252.442,482549.154],[150251.712,482548.75],[150250.978,482548.354],[150250.239,482547.966],[150249.497,482547.585],[150248.75,482547.213],[150247.999,482546.849],[150247.243,482546.495],[150246.484,482546.151],[150245.719,482545.817],[150244.968,482545.499],[150244.213,482545.189],[150243.454,482544.889],[150242.689,482544.603],[150241.873,482544.313],[150241.051,482544.036],[150240.225,482543.774],[150239.394,482543.525],[150237.722,482543.069],[150234.394,482542.355],[150231.954,482541.886],[150229.851,482541.604],[150223.439,482541.153],[150218.245,482541.165],[150213.658,482541.447],[150205.263,482542.877],[150200.8,482543.659],[150192.527,482545.152],[150171.801,482548.811],[150156.951,482551.98],[150149.316,482553.595],[150140.893,482555.863],[150128.52,482559.538],[150110.751,482564.867],[150095.617,482569.326],[150088.293,482571.58],[150087.607,482571.713],[150086.924,482571.867],[150086.244,482572.04],[150085.57,482572.234],[150084.902,482572.447],[150084.24,482572.679],[150083.586,482572.931],[150082.939,482573.201],[150082.303,482573.489],[150081.684,482573.786],[150081.07,482574.095],[150080.464,482574.421],[150079.87,482574.766],[150079.291,482575.134],[150078.731,482575.528],[150078.195,482575.953],[150077.618,482576.463],[150077.067,482577.004],[150076.543,482577.573],[150076.048,482578.167],[150075.155,482579.424],[150066.918,482591.34],[150057.603,482604.931],[150057.354,482605.341],[150057.135,482605.772],[150056.948,482606.221],[150056.793,482606.684],[150056.673,482607.157],[150056.587,482607.636],[150056.537,482608.117],[150056.524,482608.597],[150056.551,482609.065],[150056.617,482609.532],[150056.718,482609.994],[150056.85,482610.45],[150057.01,482610.898],[150057.193,482611.335],[150057.395,482611.761],[150057.616,482612.17],[150057.861,482612.567],[150058.127,482612.95],[150058.414,482613.318],[150059.046,482614.002],[150073.154,482623.714],[150083.867,482630.974],[150088.483,482634.062],[150092.15,482636.898],[150095.423,482639.179],[150095.945,482639.471],[150096.219,482639.594],[150096.5,482639.701],[150096.786,482639.791],[150097.075,482639.865],[150097.386,482639.919],[150097.7,482639.952],[150098.016,482639.971],[150098.332,482639.982],[150098.646,482639.996],[150098.962,482640.009],[150099.279,482640.016],[150099.595,482640.009],[150099.906,482639.982],[150100.212,482639.928],[150100.51,482639.84],[150100.802,482639.718],[150101.086,482639.569],[150101.359,482639.396],[150101.619,482639.201],[150101.863,482638.985],[150102.089,482638.752],[150102.295,482638.502],[150102.477,482638.239],[150102.635,482637.964],[150103.823,482636.691],[150105.464,482634.935],[150105.926,482634.537],[150106.167,482634.348],[150106.414,482634.167],[150106.667,482633.993],[150106.924,482633.828],[150107.187,482633.67],[150107.454,482633.521],[150107.726,482633.381],[150108.001,482633.25],[150108.297,482633.122],[150108.598,482633.005],[150108.903,482632.899],[150109.211,482632.801],[150109.521,482632.709],[150109.832,482632.622],[150110.128,482632.544],[150110.426,482632.472],[150110.725,482632.405],[150111.025,482632.345],[150111.326,482632.291],[150113.836,482632.215],[150120.315,482632.166],[150135.937,482632.214],[150160.007,482632.291],[150184.984,482632.282],[150205.609,482632.277],[150222.647,482632.25],[150228.86,482632.278],[150228.954,482632.278],[150229.111,482632.281],[150229.423,482632.298],[150229.733,482632.332],[150230.041,482632.381],[150230.346,482632.446],[150230.648,482632.527],[150230.945,482632.622],[150231.236,482632.733],[150231.522,482632.859],[150231.801,482632.999],[150234.862,482634.639],[150239.055,482637.022],[150251.683,482644.285],[150254.265,482645.74],[150260.524,482649.337],[150262.144,482650.249],[150262.854,482650.674],[150263.201,482650.9],[150263.543,482651.134],[150263.879,482651.376],[150264.208,482651.626],[150264.532,482651.883],[150264.845,482652.145],[150265.153,482652.415],[150265.454,482652.692],[150265.746,482652.977],[150266.03,482653.267],[150266.309,482653.564],[150266.581,482653.867],[150266.843,482654.179],[150267.093,482654.499],[150267.329,482654.829],[150267.55,482655.17],[150267.777,482655.562],[150267.985,482655.965],[150268.177,482656.377],[150268.352,482656.796],[150268.511,482657.22],[150268.644,482657.626],[150268.759,482658.038],[150268.858,482658.454],[150268.942,482658.875],[150269.013,482659.298],[150269.074,482659.723],[150269.126,482660.148],[150269.171,482660.574],[150269.209,482661.022],[150269.237,482661.47],[150269.253,482661.92],[150269.258,482662.369],[150269.251,482662.819],[150269.233,482663.268],[150269.205,482663.717],[150269.203,482667.838],[150269.305,482673.582],[150269.399,482674.626],[150269.512,482675.144],[150269.666,482675.651],[150269.86,482676.144],[150270.093,482676.616],[150270.363,482677.063],[150270.665,482677.479],[150271.003,482677.871],[150271.372,482678.236],[150271.77,482678.57],[150272.191,482678.87],[150272.633,482679.133],[150273.058,482679.34],[150273.501,482679.515],[150273.959,482679.657],[150274.428,482679.765],[150274.903,482679.839],[150275.381,482679.877],[150275.858,482679.88],[150276.33,482679.846],[150283.669,482679.9],[150299.73,482679.879],[150307.793,482679.853],[150308.481,482679.912],[150308.823,482679.961],[150309.163,482680.023],[150309.501,482680.097],[150309.835,482680.183],[150310.172,482680.284],[150310.505,482680.398],[150310.835,482680.525],[150311.16,482680.664],[150311.479,482680.816],[150311.793,482680.978],[150312.101,482681.151],[150312.402,482681.333],[150312.714,482681.539],[150313.019,482681.756],[150313.316,482681.986],[150313.605,482682.226],[150313.884,482682.477],[150314.154,482682.738],[150314.413,482683.008],[150314.662,482683.287],[150318.291,482687.603],[150322.171,482692.217],[150323.221,482693.366],[150326.282,482697.076],[150329.364,482700.872],[150329.777,482701.242],[150329.997,482701.411],[150330.225,482701.57],[150330.46,482701.717],[150330.688,482701.843],[150330.923,482701.957],[150331.162,482702.061],[150331.405,482702.157],[150331.65,482702.246],[150331.902,482702.33],[150332.158,482702.405],[150332.415,482702.472],[150332.674,482702.532],[150332.935,482702.586],[150333.21,482702.641],[150333.488,482702.697],[150333.768,482702.748],[150334.049,482702.79],[150334.329,482702.817],[150334.608,482702.826],[150334.885,482702.81],[150335.159,482702.765],[150335.424,482702.695],[150335.685,482702.604],[150335.94,482702.494],[150336.186,482702.366],[150336.424,482702.22],[150336.649,482702.059],[150336.861,482701.882],[150337.058,482701.692],[150339.668,482698.945],[150343.027,482702.194],[150337.355,482708.51],[150335.722,482710.454],[150333.657,482713.106],[150331.762,482715.727],[150330.604,482717.442],[150326.686,482715.062],[150328.045,482712.622],[150328.377,482711.998],[150328.522,482711.675],[150328.652,482711.346],[150328.766,482711.011],[150328.882,482710.643],[150328.99,482710.269],[150329.08,482709.89],[150329.141,482709.509],[150329.162,482709.128],[150329.133,482708.749],[150329.056,482708.415],[150328.937,482708.092],[150328.788,482707.778],[150328.617,482707.472],[150328.437,482707.171],[150328.258,482706.873],[150328.072,482706.579],[150327.873,482706.294],[150327.663,482706.015],[150327.446,482705.742],[150327.225,482705.472],[150327.003,482705.202],[150326.785,482704.93],[150326.539,482704.622],[150326.291,482704.315],[150326.042,482704.01],[150325.79,482703.706],[150325.536,482703.405],[150325.281,482703.104],[150325.023,482702.806],[150324.764,482702.509],[150324.502,482702.214],[150322.72,482700.107],[150315.201,482691.151],[150312.973,482688.495],[150312.228,482687.614],[150311.803,482687.212],[150311.349,482686.839],[150310.869,482686.497],[150310.366,482686.189],[150309.845,482685.917],[150309.309,482685.684],[150308.762,482685.491],[150308.207,482685.342],[150307.672,482685.24],[150307.129,482685.175],[150306.581,482685.146],[150306.033,482685.153],[150305.487,482685.197],[150304.948,482685.277],[150290.293,482685.308],[150278.334,482685.206],[150274.207,482685.287],[150269.668,482685.373],[150269.256,482685.494],[150269.057,482685.581],[150268.866,482685.685],[150268.684,482685.805],[150268.515,482685.938],[150268.359,482686.085],[150268.219,482686.246],[150268.092,482686.421],[150267.979,482686.609],[150267.882,482686.806],[150267.802,482687.012],[150267.739,482687.222],[150267.694,482687.436],[150267.669,482687.651],[150267.663,482687.865],[150267.659,482692.609],[150267.622,482706.748],[150267.603,482707.084],[150267.532,482707.71],[150267.499,482708.341],[150267.503,482708.976],[150267.545,482709.61],[150267.624,482710.239],[150267.74,482710.861],[150267.892,482711.473],[150268.062,482712.016],[150268.263,482712.553],[150268.494,482713.079],[150268.753,482713.594],[150269.039,482714.095],[150269.351,482714.579],[150269.688,482715.045],[150270.43,482715.913],[150273.405,482719.099],[150273.871,482719.609],[150274.324,482720.133],[150274.762,482720.668],[150275.186,482721.215],[150275.595,482721.773],[150275.988,482722.342],[150276.358,482722.919],[150276.706,482723.509],[150277.037,482724.11],[150277.355,482724.719],[150277.665,482725.332],[150277.971,482725.946],[150278.279,482726.56],[150278.616,482727.22],[150278.953,482727.881],[150279.284,482728.545],[150279.604,482729.213],[150279.906,482729.89],[150280.186,482730.576],[150280.428,482731.233],[150280.653,482731.897],[150280.862,482732.566],[150281.055,482733.24],[150281.235,482733.918],[150281.4,482734.6],[150281.553,482735.283],[150281.706,482736.023],[150281.847,482736.767],[150281.974,482737.514],[150282.084,482738.264],[150282.176,482739.015],[150282.248,482739.769],[150282.297,482740.523],[150282.321,482741.278],[150282.319,482742.033],[150282.288,482742.794],[150282.231,482743.555],[150282.15,482744.314],[150282.051,482745.071],[150281.935,482745.826],[150281.808,482746.578],[150281.69,482747.245],[150281.565,482747.911],[150281.428,482748.575],[150281.274,482749.234],[150281.096,482749.887],[150280.89,482750.531],[150280.656,482751.154],[150280.397,482751.767],[150280.123,482752.374],[150279.842,482752.978],[150279.512,482753.674],[150279.17,482754.364],[150278.449,482755.726],[150274.692,482762.749],[150274.414,482763.266],[150274.143,482763.788],[150273.878,482764.312],[150273.62,482764.84],[150273.368,482765.371],[150273.122,482765.905],[150272.884,482766.442],[150272.635,482767.01],[150272.388,482767.58],[150272.149,482768.153],[150271.923,482768.73],[150271.715,482769.313],[150271.53,482769.904],[150271.368,482770.467],[150271.21,482771.035],[150271.065,482771.607],[150270.943,482772.182],[150270.853,482772.76],[150270.804,482773.34],[150270.806,482773.922],[150270.857,482774.516],[150270.95,482775.106],[150271.081,482775.691],[150271.247,482776.265],[150271.448,482776.827],[150271.691,482777.381],[150271.975,482777.915],[150272.29,482778.435],[150272.627,482778.942],[150272.974,482779.44],[150273.34,482779.922],[150273.733,482780.382],[150274.145,482780.828],[150274.569,482781.264],[150274.996,482781.698],[150275.418,482782.135],[150275.828,482782.583],[150276.245,482783.055],[150276.661,482783.528],[150277.072,482784.005],[150277.475,482784.488],[150277.863,482784.975],[150278.241,482785.469],[150278.612,482785.969],[150278.976,482786.474],[150279.335,482786.983],[150279.69,482787.495],[150280.042,482788.008],[150280.398,482788.536],[150280.748,482789.067],[150281.093,482789.601],[150281.434,482790.139],[150281.77,482790.679],[150282.102,482791.222],[150282.431,482791.767],[150282.757,482792.313],[150283.079,482792.842],[150283.404,482793.37],[150283.713,482793.906],[150283.992,482794.458],[150284.234,482795.007],[150284.456,482795.565],[150284.644,482796.135],[150284.788,482796.716],[150284.874,482797.267],[150284.918,482797.824],[150284.929,482798.384],[150284.914,482798.945],[150284.882,482799.503],[150284.827,482800.114],[150284.744,482800.723],[150284.635,482801.328],[150284.336,482802.519],[150283.769,482803.25],[150273.238,482818.17],[150264.971,482829.953],[150262.41,482833.687],[150262.065,482834.217],[150261.74,482834.76],[150261.434,482835.316],[150261.149,482835.883],[150260.885,482836.459],[150260.643,482837.045],[150260.424,482837.637],[150260.203,482838.315],[150260.011,482839.004],[150259.847,482839.701],[150259.712,482840.406],[150259.606,482841.115],[150259.53,482841.829],[150259.483,482842.544],[150259.48,482843.971],[150259.736,482846.459],[150260.067,482848.981],[150260.134,482849.368],[150260.195,482849.755],[150260.251,482850.143],[150260.302,482850.532],[150260.347,482850.922],[150260.387,482851.312],[150260.422,482851.703],[150260.457,482852.119],[150260.492,482852.536],[150260.52,482852.954],[150260.537,482853.372],[150260.537,482853.789],[150260.515,482854.205],[150260.477,482854.569],[150260.425,482854.931],[150260.36,482855.291],[150260.283,482855.649],[150260.196,482856.004],[150260.099,482856.357],[150259.972,482856.771],[150259.831,482857.18],[150259.675,482857.585],[150259.504,482857.984],[150259.32,482858.378],[150259.123,482858.764],[150258.689,482859.513],[150255.179,482865.121],[150249.197,482873.212],[150248.938,482873.617],[150248.655,482874.007],[150248.351,482874.382],[150248.026,482874.739],[150247.683,482875.078],[150247.322,482875.395],[150246.958,482875.68],[150246.577,482875.942],[150246.181,482876.184],[150245.773,482876.406],[150245.354,482876.609],[150244.928,482876.794],[150244.497,482876.961],[150244.076,482877.105],[150243.649,482877.231],[150243.215,482877.339],[150242.777,482877.429],[150242.336,482877.5],[150241.892,482877.552],[150241.004,482877.6],[150240.125,482877.588],[150238.614,482877.577],[150235.855,482877.551],[150235.324,482877.522],[150234.792,482877.511],[150234.259,482877.518],[150233.726,482877.544],[150233.195,482877.587],[150232.667,482877.649],[150232.141,482877.728],[150231.646,482877.816],[150231.151,482877.916],[150230.658,482878.029],[150230.169,482878.159],[150229.688,482878.308],[150229.215,482878.48],[150228.753,482878.676],[150228.305,482878.9],[150227.893,482879.14],[150227.494,482879.403],[150227.107,482879.684],[150226.731,482879.981],[150226.365,482880.29],[150226.007,482880.607],[150225.666,482880.926],[150225.335,482881.256],[150225.014,482881.597],[150224.704,482881.947],[150224.119,482882.675],[150221.4,482886.416],[150200.048,482916.792],[150171.958,482956.807],[150153.28,482983.244],[150137.666,483005.375],[150128.255,483018.636],[150128.078,483018.937],[150127.912,483019.246],[150127.757,483019.562],[150127.615,483019.883],[150127.485,483020.21],[150127.367,483020.541],[150127.262,483020.876],[150127.171,483021.214],[150127.093,483021.548],[150127.026,483021.886],[150126.971,483022.226],[150126.93,483022.569],[150126.902,483022.912],[150126.889,483023.256],[150126.891,483023.599],[150126.91,483023.942],[150126.945,483024.28],[150126.995,483024.618],[150127.059,483024.953],[150127.231,483025.613],[150127.905,483027.12],[150144.582,483038.928],[150155.399,483046.588],[150157.867,483048.181],[150167.361,483054.959],[150174.644,483060.095],[150174.953,483060.125],[150175.265,483060.141],[150175.578,483060.141],[150175.891,483060.127],[150176.203,483060.099],[150176.513,483060.056],[150176.82,483059.998],[150177.123,483059.926],[150177.431,483059.835],[150177.733,483059.725],[150178.03,483059.599],[150178.321,483059.459],[150178.607,483059.307],[150178.888,483059.145],[150179.164,483058.975],[150179.435,483058.801],[150179.681,483058.632],[150179.923,483058.457],[150180.16,483058.274],[150180.391,483058.084],[150180.835,483057.684],[150182.122,483056.011],[150191.319,483043.013],[150213.795,483011.149],[150222.756,482998.481],[150229.923,482988.385],[150247.097,482964.013],[150251.618,482957.563],[150251.658,482957.504],[150251.75,482957.348],[150251.827,482957.185],[150251.89,482957.015],[150251.938,482956.841],[150251.977,482956.668],[150252.532,482954.22],[150252.542,482954.179],[150252.557,482954.117],[150252.609,482953.951],[150252.675,482953.791],[150252.757,482953.637],[150252.852,482953.492],[150255.342,482950.038],[150255.682,482949.567],[150255.729,482949.508],[150255.807,482949.433],[150255.895,482949.37],[150255.991,482949.321],[150257.679,482948.609],[150257.708,482948.596],[150257.815,482948.538],[150257.915,482948.466],[150258.004,482948.381],[150258.081,482948.286],[150258.295,482947.984],[150268.057,482934.22],[150275.348,482923.869],[150286.528,482907.992],[150294.945,482895.967],[150298.806,482890.548],[150303.564,482883.568],[150304.277,482880.35],[150305.718,482877.873],[150307.403,482876.113],[150309.699,482875.03],[150313.764,482869.295],[150324.268,482854.401],[150332.266,482843.065],[150335.275,482838.749],[150336.187,482837.51],[150341.211,482830.333],[150343.454,482827.219],[150344.702,482825.428],[150351.33,482815.976],[150354.166,482812.003],[150356.845,482808.207],[150365.307,482796.045],[150366.111,482794.878],[150368.174,482791.945],[150370.056,482789.166],[150370.356,482788.523],[150370.497,482788.197],[150370.632,482787.869],[150370.761,482787.538],[150370.884,482787.204],[150371.001,482786.869],[150371.111,482786.532],[150371.201,482786.244],[150371.288,482785.955],[150371.368,482785.664],[150371.44,482785.371],[150371.52,482785.026],[150371.6,482784.677],[150371.674,482784.326],[150371.739,482783.973],[150371.787,482783.619],[150371.815,482783.266],[150371.816,482782.915],[150371.787,482782.568],[150371.721,482782.225],[150371.619,482781.878],[150371.49,482781.537],[150371.335,482781.206],[150371.156,482780.888],[150370.955,482780.585],[150370.732,482780.299],[150358.945,482771.665],[150360.807,482768.914],[150369.812,482775.174],[150376.916,482780.301],[150377.02,482780.376]],[[150154.182,482742.907],[150156.339,482737.605],[150158.076,482733.052],[150158.608,482733.193],[150160.121,482728.698],[150163.968,482717.689],[150169.403,482703.452],[150170.106,482701.811],[150170.464,482700.994],[150170.828,482700.18],[150171.197,482699.367],[150171.558,482698.584],[150171.924,482697.804],[150172.295,482697.026],[150172.67,482696.25],[150173.049,482695.476],[150173.433,482694.704],[150173.789,482693.994],[150174.149,482693.287],[150174.512,482692.581],[150174.878,482691.877],[150175.249,482691.175],[150175.623,482690.475],[150176.003,482689.778],[150176.387,482689.083],[150176.808,482688.326],[150177.229,482687.568],[150177.655,482686.812],[150178.088,482686.061],[150178.532,482685.316],[150178.99,482684.581],[150179.466,482683.857],[150179.934,482683.182],[150180.412,482682.515],[150180.903,482681.855],[150181.404,482681.205],[150181.917,482680.563],[150182.441,482679.93],[150185.399,482676.667],[150185.53,482676.547],[150185.748,482676.331],[150185.954,482676.105],[150186.148,482675.868],[150186.329,482675.621],[150186.498,482675.365],[150186.652,482675.101],[150186.793,482674.829],[150186.92,482674.549],[150187.031,482674.264],[150187.128,482673.973],[150187.209,482673.678],[150187.275,482673.379],[150187.481,482672.308],[150187.509,482671.409],[150187.648,482670.402],[150187.569,482657.877],[150187.653,482647.065],[150187.643,482644.521],[150187.631,482639.872],[150187.635,482637.882],[150185.66,482637.85],[150175.843,482637.826],[150158.349,482637.857],[150127.811,482637.791],[150114.421,482637.886],[150113.383,482637.948],[150112.868,482638.029],[150112.36,482638.141],[150111.861,482638.285],[150111.367,482638.468],[150110.888,482638.688],[150110.421,482638.939],[150109.968,482639.216],[150109.527,482639.511],[150109.097,482639.819],[150108.667,482640.157],[150108.256,482640.518],[150107.862,482640.899],[150107.481,482641.296],[150107.113,482641.704],[150106.753,482642.12],[150106.399,482642.539],[150106.07,482642.937],[150105.746,482643.339],[150105.429,482643.749],[150105.123,482644.165],[150104.829,482644.59],[150104.551,482645.024],[150104.291,482645.469],[150104.051,482645.924],[150103.84,482646.37],[150103.645,482646.823],[150103.466,482647.283],[150103.302,482647.75],[150103.155,482648.222],[150103.025,482648.698],[150102.912,482649.178],[150101.731,482653.821],[150100.969,482656.513],[150100.52,482657.839],[150100.027,482659.149],[150099.489,482660.44],[150098.831,482661.854],[150098.11,482663.24],[150097.337,482664.598],[150096.521,482665.933],[150095.67,482667.246],[150094.795,482668.54],[150093.921,482669.788],[150093.02,482671.02],[150092.088,482672.228],[150091.122,482673.408],[150090.116,482674.552],[150089.067,482675.655],[150087.982,482676.708],[150086.859,482677.722],[150085.702,482678.698],[150084.515,482679.637],[150083.302,482680.54],[150082.011,482681.439],[150080.689,482682.296],[150079.339,482683.111],[150077.963,482683.882],[150076.563,482684.609],[150075.141,482685.292],[150073.7,482685.929],[150072.242,482686.52],[150070.98,482686.983],[150069.703,482687.404],[150068.414,482687.791],[150067.116,482688.151],[150065.813,482688.49],[150064.508,482688.815],[150063.148,482689.137],[150061.783,482689.437],[150060.413,482689.714],[150059.039,482689.969],[150057.66,482690.201],[150056.279,482690.41],[150054.894,482690.596],[150051.728,482690.957],[150050.706,482691.111],[150050.198,482691.203],[150049.691,482691.306],[150049.104,482691.433],[150048.517,482691.568],[150047.933,482691.716],[150047.355,482691.883],[150046.786,482692.074],[150046.228,482692.294],[150045.645,482692.56],[150045.076,482692.855],[150044.519,482693.174],[150043.974,482693.514],[150043.443,482693.873],[150042.974,482694.219],[150042.521,482694.586],[150042.082,482694.97],[150041.653,482695.367],[150041.231,482695.773],[150040.814,482696.184],[150040.399,482696.594],[150039.979,482697.012],[150039.564,482697.435],[150039.156,482697.864],[150038.755,482698.3],[150038.364,482698.744],[150037.981,482699.196],[150037.606,482699.655],[150037.24,482700.121],[150036.881,482700.594],[150036.532,482701.073],[150036.191,482701.559],[150035.859,482702.051],[150035.537,482702.548],[150035.223,482703.052],[150034.919,482703.56],[150034.625,482704.074],[150025.823,482716.872],[150024.124,482719.212],[150019.841,482725.586],[150015.759,482731.341],[150003.89,482748.349],[149991.905,482765.483],[149982.427,482779.137],[149977.073,482786.818],[149976.331,482787.617],[149975.956,482788.014],[149975.58,482788.408],[149975.202,482788.807],[149974.825,482789.209],[149974.449,482789.611],[149974.069,482790.009],[149973.684,482790.402],[149973.29,482790.786],[149972.886,482791.157],[149972.468,482791.514],[149972.078,482791.824],[149971.68,482792.125],[149971.275,482792.416],[149970.863,482792.698],[149970.446,482792.973],[149970.024,482793.239],[149969.598,482793.499],[149969.168,482793.753],[149968.716,482794.015],[149968.261,482794.274],[149967.802,482794.525],[149967.336,482794.762],[149966.862,482794.981],[149966.379,482795.178],[149965.856,482795.361],[149965.326,482795.524],[149964.79,482795.665],[149964.248,482795.785],[149963.702,482795.882],[149963.154,482795.958],[149956.101,482797.458],[149955.008,482797.768],[149954.47,482797.956],[149953.94,482798.165],[149953.419,482798.395],[149952.908,482798.645],[149952.409,482798.915],[149951.888,482799.229],[149951.382,482799.569],[149950.891,482799.932],[149950.414,482800.314],[149949.95,482800.713],[149949.499,482801.125],[149949.059,482801.547],[149948.681,482801.936],[149948.319,482802.339],[149947.97,482802.754],[149947.629,482803.176],[149947.293,482803.603],[149946.959,482804.031],[149946.621,482804.456],[149946.28,482804.883],[149945.941,482805.313],[149945.605,482805.744],[149945.271,482806.177],[149944.94,482806.612],[149944.611,482807.049],[149935.235,482820.494],[149912.568,482853.021],[149906.186,482862.313],[149906.006,482862.711],[149905.846,482863.119],[149905.707,482863.535],[149905.589,482863.957],[149905.493,482864.384],[149905.419,482864.815],[149905.37,482865.245],[149905.35,482865.594],[149905.345,482865.678],[149905.342,482866.112],[149905.358,482866.547],[149905.391,482866.98],[149905.44,482867.411],[149905.503,482867.841],[149905.585,482868.27],[149905.684,482868.696],[149905.799,482869.119],[149905.932,482869.537],[149906.08,482869.948],[149906.245,482870.354],[149906.621,482871.14],[149918.832,482879.913],[149931.301,482888.69],[149963.608,482911.337],[149971.834,482917.164],[149976.264,482920.351],[150017.606,482949.384],[150018.017,482949.401],[150018.43,482949.4],[150018.842,482949.381],[150019.254,482949.345],[150019.664,482949.291],[150020.071,482949.22],[150020.474,482949.132],[150020.871,482949.026],[150021.288,482948.896],[150021.698,482948.746],[150022.103,482948.577],[150022.5,482948.39],[150022.888,482948.185],[150023.266,482947.963],[150023.987,482947.471],[150027.535,482942.374],[150053.085,482906.028],[150075.641,482873.975],[150085.097,482860.503],[150088.721,482855.151],[150090.311,482853.151],[150093.105,482849.218],[150096.171,482844.842],[150096.968,482843.792],[150097.367,482843.268],[150097.766,482842.744],[150098.166,482842.22],[150098.966,482841.174],[150099.359,482840.657],[150099.749,482840.138],[150100.139,482839.619],[150100.529,482839.1],[150100.922,482838.583],[150101.319,482838.07],[150101.723,482837.562],[150102.134,482837.059],[150102.566,482836.546],[150103.003,482836.037],[150103.445,482835.532],[150103.893,482835.032],[150104.345,482834.536],[150104.802,482834.044],[150105.567,482833.227],[150109.348,482829.233],[150111.872,482826.176],[150112.673,482825.164],[150112.755,482825.06],[150112.778,482825.028],[150115.447,482821.028],[150116.584,482819.308],[150117.195,482818.238],[150117.495,482817.699],[150117.791,482817.159],[150118.083,482816.616],[150118.371,482816.071],[150118.655,482815.525],[150118.935,482814.976],[150119.197,482814.457],[150119.457,482813.937],[150119.713,482813.415],[150119.964,482812.891],[150120.208,482812.364],[150120.445,482811.833],[150120.712,482811.204],[150120.969,482810.571],[150121.216,482809.934],[150121.457,482809.294],[150121.692,482808.652],[150121.923,482808.009],[150122.131,482807.437],[150122.343,482806.865],[150122.554,482806.292],[150122.758,482805.717],[150122.952,482805.14],[150123.132,482804.558],[150123.291,482803.971],[150123.427,482803.379],[150123.536,482802.722],[150123.625,482802.063],[150123.735,482801.407],[150123.858,482800.886],[150123.994,482800.368],[150124.118,482799.847],[150124.229,482799.232],[150124.318,482798.613],[150124.4,482797.993],[150124.492,482797.374],[150124.605,482796.708],[150124.722,482796.042],[150124.844,482795.378],[150124.971,482794.714],[150125.104,482794.052],[150125.243,482793.391],[150125.388,482792.731],[150125.531,482792.075],[150125.672,482791.418],[150125.816,482790.762],[150125.969,482790.108],[150126.139,482789.459],[150126.332,482788.818],[150126.554,482788.186],[150126.786,482787.611],[150127.038,482787.044],[150127.308,482786.484],[150127.593,482785.932],[150127.89,482785.386],[150128.197,482784.845],[150128.511,482784.31],[150128.857,482783.737],[150129.214,482783.171],[150129.584,482782.614],[150129.967,482782.065],[150130.366,482781.529],[150130.686,482781.123],[150131.015,482780.724],[150131.35,482780.331],[150131.69,482779.94],[150132.129,482779.448],[150132.577,482778.963],[150133.033,482778.485],[150133.496,482778.013],[150133.962,482777.546],[150134.433,482777.082],[150134.905,482776.62],[150135.339,482776.204],[150135.779,482775.793],[150136.665,482774.979],[150137.107,482774.57],[150137.544,482774.157],[150137.971,482773.745],[150138.397,482773.332],[150138.821,482772.917],[150139.243,482772.499],[150139.661,482772.078],[150140.075,482771.654],[150140.518,482771.199],[150140.964,482770.746],[150141.405,482770.289],[150141.837,482769.824],[150142.253,482769.346],[150142.647,482768.85],[150143.044,482768.302],[150143.422,482767.739],[150143.782,482767.165],[150144.125,482766.581],[150144.45,482765.991],[150144.758,482765.391],[150145.048,482764.782],[150145.32,482764.165],[150145.574,482763.541],[150145.809,482762.909],[150147.671,482758.676],[150152.031,482748.297],[150154.182,482742.907]],[[150156.314,482752.768],[150152.965,482760.405],[150150.832,482765.284],[150148.072,482771.328],[150147.382,482772.793],[150146.965,482773.488],[150146.504,482774.153],[150145.965,482774.81],[150145.381,482775.43],[150144.772,482776.025],[150144.176,482776.56],[150143.554,482777.064],[150142.915,482777.55],[150142.27,482778.028],[150141.631,482778.512],[150140.964,482779.014],[150140.291,482779.507],[150139.624,482780.008],[150138.976,482780.533],[150138.271,482781.153],[150137.584,482781.795],[150136.919,482782.459],[150136.279,482783.147],[150135.668,482783.86],[150135.093,482784.588],[150134.546,482785.338],[150134.028,482786.109],[150133.537,482786.898],[150133.076,482787.704],[150132.643,482788.525],[150132.283,482789.265],[150131.945,482790.016],[150131.631,482790.778],[150131.345,482791.551],[150131.088,482792.332],[150130.86,482793.166],[150130.674,482794.01],[150130.514,482794.861],[150130.366,482795.714],[150130.213,482796.566],[150130.055,482797.47],[150129.917,482798.377],[150129.791,482799.287],[150129.669,482800.197],[150129.544,482801.107],[150129.406,482802.014],[150129.25,482802.918],[150129.066,482803.817],[150128.86,482804.71],[150128.64,482805.6],[150128.406,482806.486],[150128.159,482807.369],[150127.897,482808.248],[150127.621,482809.122],[150127.33,482809.991],[150127.024,482810.855],[150126.7,482811.712],[150126.36,482812.563],[150126.005,482813.407],[150125.635,482814.246],[150125.254,482815.08],[150124.862,482815.909],[150124.462,482816.734],[150124.055,482817.554],[150123.665,482818.326],[150123.268,482819.094],[150122.862,482819.858],[150122.448,482820.618],[150122.023,482821.371],[150121.588,482822.118],[150121.14,482822.858],[150120.658,482823.626],[150120.165,482824.387],[150119.659,482825.142],[150119.143,482825.888],[150118.615,482826.627],[150118.076,482827.358],[150117.526,482828.081],[150116.966,482828.795],[150116.395,482829.501],[150115.814,482830.197],[150112.257,482834.519],[150112.528,482834.971],[150108.014,482840.206],[150102.813,482846.312],[150100.595,482849.279],[150100.218,482849.031],[150099.772,482849.528],[150092.345,482859.812],[150085.834,482869.177],[150080.745,482876.328],[150072.086,482888.573],[150063.564,482900.687],[150060.013,482905.753],[150050.276,482919.625],[150042.084,482931.487],[150035.021,482941.068],[150030.387,482947.62],[150029.109,482949.886],[150029.006,482950.271],[150028.913,482950.659],[150028.829,482951.049],[150028.754,482951.441],[150028.69,482951.835],[150028.635,482952.231],[150028.591,482952.627],[150028.556,482953.024],[150028.532,482953.401],[150028.518,482953.78],[150028.512,482954.159],[150028.516,482954.538],[150028.528,482954.917],[150028.549,482955.295],[150028.619,482956.049],[150028.442,482957.017],[150032.452,482959.861],[150044.25,482968.124],[150062.288,482980.917],[150070.297,482986.486],[150074.276,482989.269],[150098.176,483006.204],[150113.52,483016.956],[150117.627,483019.945],[150121.512,483019.408],[150121.751,483019.356],[150121.987,483019.295],[150122.221,483019.222],[150122.452,483019.139],[150122.679,483019.047],[150122.902,483018.944],[150123.119,483018.832],[150123.331,483018.711],[150123.513,483018.596],[150123.691,483018.474],[150123.864,483018.344],[150124.032,483018.208],[150124.195,483018.066],[150124.352,483017.918],[150124.647,483017.603],[150125.317,483016.698],[150131.29,483008.444],[150135.3,483002.659],[150136.542,483000.498],[150142.692,482992.368],[150146.165,482987.558],[150151.738,482979.577],[150152.267,482978.824],[150155.152,482974.84],[150157.222,482971.906],[150162.143,482964.933],[150162.697,482964.087],[150166.7,482958.33],[150169.986,482953.718],[150176.067,482945.154],[150182.123,482936.648],[150187.668,482928.744],[150192.044,482922.472],[150195.012,482918.167],[150199.638,482911.635],[150209.421,482897.625],[150210.076,482896.707],[150210.538,482896.022],[150213.673,482891.554],[150221.819,482879.96],[150222.004,482879.701],[150222.192,482879.444],[150222.383,482879.189],[150222.576,482878.936],[150222.772,482878.685],[150222.971,482878.437],[150223.172,482878.19],[150223.376,482877.946],[150223.583,482877.703],[150223.796,482877.453],[150224.01,482877.201],[150224.225,482876.951],[150224.444,482876.705],[150224.67,482876.466],[150224.905,482876.236],[150225.151,482876.019],[150225.4,482875.813],[150225.654,482875.614],[150225.918,482875.429],[150226.196,482875.266],[150226.515,482875.122],[150226.845,482875.003],[150227.177,482874.888],[150227.463,482874.788],[150227.751,482874.693],[150228.04,482874.601],[150228.329,482874.512],[150228.62,482874.425],[150228.911,482874.34],[150229.24,482874.242],[150229.569,482874.141],[150229.899,482874.043],[150230.231,482873.955],[150230.566,482873.88],[150230.904,482873.826],[150231.256,482873.796],[150231.61,482873.788],[150231.964,482873.797],[150232.319,482873.814],[150232.674,482873.832],[150233.028,482873.844],[150233.381,482873.851],[150233.733,482873.859],[150234.086,482873.869],[150234.438,482873.88],[150234.791,482873.892],[150235.496,482873.92],[150237.547,482874.059],[150238.638,482874.105],[150239.079,482874.094],[150239.521,482874.068],[150239.961,482874.025],[150240.4,482873.967],[150240.837,482873.892],[150241.27,482873.802],[150241.698,482873.696],[150242.168,482873.563],[150242.634,482873.413],[150243.095,482873.245],[150243.548,482873.057],[150243.99,482872.848],[150244.42,482872.617],[150244.835,482872.361],[150245.216,482872.097],[150245.584,482871.812],[150245.939,482871.51],[150246.279,482871.19],[150246.603,482870.854],[150246.911,482870.503],[150247.47,482869.761],[150253.447,482861.365],[150253.764,482860.95],[150254.067,482860.524],[150254.357,482860.088],[150254.632,482859.642],[150254.893,482859.187],[150255.139,482858.725],[150255.369,482858.255],[150255.583,482857.778],[150255.779,482857.306],[150255.963,482856.828],[150256.133,482856.343],[150256.285,482855.854],[150256.419,482855.359],[150256.53,482854.86],[150256.617,482854.357],[150256.677,482853.879],[150256.719,482853.398],[150256.741,482852.916],[150256.745,482852.432],[150256.729,482851.949],[150256.641,482850.989],[150256.343,482847.932],[150256.319,482847.647],[150256.287,482847.363],[150256.245,482847.08],[150256.195,482846.798],[150256.136,482846.518],[150256.069,482846.24],[150255.992,482845.965],[150255.908,482845.693],[150255.803,482845.392],[150255.688,482845.095],[150255.563,482844.802],[150255.427,482844.514],[150255.281,482844.23],[150255.126,482843.951],[150254.788,482843.413],[150254.756,482842.636],[150254.754,482842.401],[150254.757,482842.166],[150254.768,482841.932],[150254.785,482841.697],[150254.808,482841.463],[150254.838,482841.23],[150254.874,482840.998],[150254.923,482840.741],[150254.979,482840.484],[150255.043,482840.229],[150255.116,482839.976],[150255.196,482839.725],[150255.284,482839.477],[150255.379,482839.232],[150255.592,482838.753],[150256.199,482837.865],[150256.715,482836.712],[150256.855,482836.394],[150257,482836.08],[150257.152,482835.768],[150257.309,482835.459],[150257.473,482835.153],[150257.642,482834.85],[150257.816,482834.551],[150257.966,482834.304],[150258.151,482834],[150258.337,482833.697],[150258.524,482833.394],[150258.712,482833.091],[150258.9,482832.789],[150259.089,482832.487],[150259.278,482832.186],[150259.469,482831.885],[150259.66,482831.585],[150259.852,482831.285],[150260.045,482830.985],[150260.432,482830.388],[150263.95,482825.503],[150265.837,482822.8],[150268.026,482819.734],[150273.947,482811.378],[150281.017,482801.452],[150281.124,482800.755],[150281.141,482798.948],[150281.088,482798.451],[150281.014,482797.955],[150280.92,482797.463],[150280.805,482796.976],[150280.67,482796.494],[150280.516,482796.043],[150280.336,482795.602],[150280.136,482795.168],[150279.922,482794.74],[150279.701,482794.315],[150279.478,482793.891],[150279.26,482793.465],[150279.037,482793.02],[150278.812,482792.575],[150278.582,482792.133],[150278.344,482791.695],[150278.097,482791.262],[150277.85,482790.855],[150277.593,482790.454],[150277.329,482790.057],[150277.059,482789.663],[150276.787,482789.272],[150276.515,482788.88],[150276.244,482788.493],[150275.97,482788.109],[150275.694,482787.725],[150275.415,482787.344],[150275.134,482786.965],[150274.85,482786.588],[150274.563,482786.213],[150273.981,482785.468],[150270.929,482782.072],[150270.508,482781.606],[150270.11,482781.118],[150269.734,482780.611],[150269.382,482780.087],[150269.056,482779.546],[150268.756,482778.992],[150268.484,482778.426],[150268.255,482777.892],[150268.047,482777.347],[150267.863,482776.793],[150267.703,482776.231],[150267.572,482775.663],[150267.472,482775.09],[150267.404,482774.513],[150267.375,482773.944],[150267.383,482773.374],[150267.424,482772.804],[150267.493,482772.234],[150267.584,482771.666],[150267.693,482771.1],[150267.814,482770.538],[150267.942,482769.98],[150268.073,482769.459],[150268.22,482768.941],[150268.381,482768.427],[150268.553,482767.916],[150268.735,482767.409],[150268.924,482766.906],[150269.146,482766.345],[150269.381,482765.79],[150269.627,482765.239],[150270.154,482764.154],[150271.529,482761.574],[150275.589,482753.812],[150276.1,482752.878],[150276.571,482751.921],[150277,482750.943],[150277.387,482749.947],[150277.731,482748.936],[150278.029,482747.912],[150278.282,482746.878],[150278.489,482745.836],[150278.649,482744.784],[150278.764,482743.725],[150278.833,482742.662],[150278.858,482741.598],[150278.839,482740.536],[150278.781,482739.568],[150278.681,482738.602],[150278.543,482737.64],[150278.371,482736.683],[150278.166,482735.732],[150277.932,482734.788],[150277.673,482733.853],[150277.363,482732.864],[150277.017,482731.885],[150276.637,482730.919],[150276.227,482729.965],[150275.79,482729.023],[150275.329,482728.094],[150274.894,482727.271],[150274.438,482726.46],[150273.961,482725.66],[150273.463,482724.873],[150272.407,482723.341],[150270.325,482720.786],[150267.811,482717.997],[150266.007,482715.908],[150265.792,482715.629],[150265.589,482715.341],[150265.398,482715.044],[150265.22,482714.738],[150265.055,482714.426],[150264.903,482714.107],[150264.765,482713.782],[150264.641,482713.453],[150264.525,482713.096],[150264.425,482712.732],[150264.341,482712.363],[150264.274,482711.991],[150264.223,482711.616],[150264.19,482711.24],[150264.175,482710.487],[150264.173,482709.94],[150264.115,482708.253],[150264.086,482698.246],[150263.998,482678.487],[150263.864,482666.596],[150263.752,482660.718],[150263.652,482659.769],[150263.545,482659.299],[150263.403,482658.838],[150263.226,482658.389],[150263.015,482657.958],[150262.773,482657.549],[150262.508,482657.189],[150262.206,482656.859],[150261.877,482656.553],[150261.527,482656.264],[150261.166,482655.987],[150260.802,482655.716],[150260.442,482655.443],[150260.088,482655.176],[150259.728,482654.915],[150259.363,482654.663],[150258.992,482654.418],[150258.616,482654.181],[150258.236,482653.952],[150257.85,482653.732],[150257.46,482653.52],[150248.237,482648.412],[150236.557,482641.731],[150230.415,482638.486],[150229.169,482637.9],[150227.47,482637.48],[150220.893,482637.867],[150209.607,482637.78],[150196.975,482637.716],[150194.116,482637.767],[150192.14,482637.814],[150192.195,482639.812],[150192.204,482651.542],[150192.293,482669.978],[150192.29,482670.369],[150192.264,482672.051],[150192.109,482673.049],[150192.007,482673.544],[150191.889,482674.035],[150191.754,482674.521],[150191.618,482674.96],[150191.47,482675.396],[150191.307,482675.825],[150191.127,482676.248],[150190.888,482676.73],[150190.622,482677.198],[150190.333,482677.654],[150190.029,482678.101],[150189.715,482678.541],[150189.397,482678.977],[150189.091,482679.38],[150188.774,482679.772],[150188.448,482680.159],[150188.117,482680.542],[150187.786,482680.924],[150187.458,482681.309],[150187.129,482681.694],[150186.796,482682.076],[150186.462,482682.456],[150186.128,482682.837],[150185.798,482683.221],[150185.475,482683.61],[150185.16,482684.007],[150184.842,482684.425],[150184.531,482684.848],[150184.227,482685.276],[150183.927,482685.708],[150183.634,482686.144],[150183.345,482686.582],[150183.06,482687.024],[150182.779,482687.472],[150182.504,482687.924],[150182.235,482688.379],[150181.97,482688.837],[150181.71,482689.297],[150181.454,482689.76],[150181.201,482690.224],[150180.975,482690.646],[150180.753,482691.07],[150180.534,482691.496],[150180.318,482691.923],[150180.106,482692.352],[150179.897,482692.783],[150179.692,482693.216],[150178.943,482694.755],[150175.605,482702.695],[150172.927,482709.671],[150171.65,482713.102],[150168.994,482720.433],[150166.864,482726.277],[150165.069,482731.685],[150163.78,482735.503],[150162.376,482738.507],[150162.094,482738.604],[150160.804,482741.823],[150157.812,482749.26],[150156.314,482752.768]],[[149989.721,482762.415],[149989.096,482761.972],[149989.075,482761.958],[149988.997,482761.918],[149988.913,482761.893],[149988.826,482761.884],[149988.738,482761.89],[149988.653,482761.912],[149988.574,482761.95],[149988.503,482762.001],[149988.442,482762.064],[149988.394,482762.137],[149988.36,482762.217],[149988.34,482762.303],[149988.337,482762.39],[149988.35,482762.477],[149988.378,482762.56],[149988.421,482762.637],[149988.477,482762.704],[149988.544,482762.76],[149988.55,482762.764],[149991.041,482764.483],[149991.047,482764.487],[149991.054,482764.492],[149991.131,482764.533],[149991.214,482764.56],[149991.3,482764.571],[149991.387,482764.566],[149991.472,482764.546],[149991.551,482764.51],[149991.623,482764.461],[149991.684,482764.399],[149991.733,482764.327],[149991.768,482764.247],[149991.788,482764.162],[149991.792,482764.075],[149991.781,482763.989],[149991.753,482763.906],[149991.711,482763.83],[149991.656,482763.762],[149991.589,482763.706],[149990.352,482762.843],[149989.721,482762.415]]]},"id":"7bdc48d2-26e0-5e65-9f49-70b54d7405a7"},{"type":"Feature","properties":{"bronhouder":"G0034","creation_date":"2023-12-17T23:00:00Z","eind_registratie":"2025-01-15T15:41:20Z","functie":"rijbaan lokale weg","functie_codespace":"http://www.geostandaarden.nl/imgeo/def/2.1#FunctieWeg","fysiek_voorkomen":"open verharding","fysiek_voorkomen_codespace":"http://www.geostandaarden.nl/imgeo/def/2.1#FysiekVoorkomenWeg","in_onderzoek":null,"in_onderzoek_leeg":"geenWaarde","kruinlijn_leeg":"waardeOnbekend","lokaal_id":"G0034.d51aab87c7b24796ada3d18aaa7da4c1","lv_publicatiedatum":"2023-12-18T11:54:14Z","op_talud":"false","op_talud_leeg":null,"plus_functie":null,"plus_functie_codespace":"http://www.geostandaarden.nl/imgeo/def/2.1#VoidReasonValue","plus_functie_leeg":"waardeOnbekend","plus_fysiek_voorkomen":"betonstraatstenen","plus_fysiek_voorkomen_codespace":"http://www.geostandaarden.nl/imgeo/def/2.1#FysiekVoorkomenWegPlus","plus_fysiek_voorkomen_leeg":null,"plus_status":null,"plus_status_codespace":"http://www.geostandaarden.nl/imgeo/def/2.1#VoidReasonValue","plus_status_leeg":"geenWaarde","relatieve_hoogteligging":0,"status":"bestaand","status_codespace":"http://www.geostandaarden.nl/imgeo/def/2.1#Status","status_leeg":null,"termination_date":null,"termination_date_leeg":"geenWaarde","tijdstip_registratie":"2023-12-18T10:54:51Z","version":"62ba8d78-fd1f-7fc9-7abe-ff2613d1b603"},"geometry":{"type":"Polygon","coordinates":[[[150541.953,483015.14],[150541.724,483015.678],[150541.482,483016.211],[150541.232,483016.74],[150540.974,483017.265],[150540.71,483017.788],[150540.444,483018.31],[150540.177,483018.831],[150539.93,483019.309],[150539.681,483019.786],[150539.425,483020.26],[150539.104,483020.829],[150538.77,483021.391],[150538.425,483021.947],[150538.072,483022.498],[150537.711,483023.044],[150537.346,483023.588],[150536.978,483024.13],[150536.608,483024.67],[150536.24,483025.211],[150535.874,483025.754],[150535.502,483026.307],[150535.13,483026.859],[150534.756,483027.411],[150534.38,483027.961],[150534.002,483028.51],[150533.623,483029.057],[150533.241,483029.603],[150532.856,483030.146],[150532.469,483030.688],[150532.078,483031.228],[150531.685,483031.765],[150531.333,483032.239],[150530.98,483032.71],[150530.624,483033.179],[150530.266,483033.648],[150529.907,483034.115],[150529.547,483034.582],[150529.187,483035.048],[150528.822,483035.522],[150528.457,483035.995],[150528.09,483036.467],[150527.723,483036.939],[150527.354,483037.41],[150526.984,483037.879],[150526.61,483038.346],[150526.234,483038.81],[150525.864,483039.262],[150525.491,483039.712],[150525.117,483040.16],[150524.74,483040.606],[150524.362,483041.051],[150523.982,483041.495],[150523.601,483041.937],[150523.243,483042.351],[150522.884,483042.764],[150522.524,483043.175],[150521.799,483043.995],[150520.677,483045.263],[150520.049,483045.949],[150519.421,483046.635],[150518.792,483047.32],[150518.163,483048.005],[150517.534,483048.69],[150516.904,483049.374],[150516.274,483050.058],[150515.644,483050.742],[150515.013,483051.425],[150514.381,483052.108],[150513.749,483052.79],[150513.117,483053.472],[150512.48,483054.159],[150511.843,483054.846],[150511.205,483055.533],[150510.566,483056.218],[150509.926,483056.902],[150509.431,483057.429],[150508.935,483057.955],[150508.439,483058.481],[150507.941,483059.005],[150507.416,483059.556],[150506.889,483060.106],[150506.361,483060.654],[150505.833,483061.203],[150505.306,483061.752],[150504.669,483062.416],[150504.033,483063.08],[150503.396,483063.743],[150502.763,483064.398],[150502.128,483065.052],[150501.493,483065.706],[150500.856,483066.358],[150500.219,483067.009],[150499.58,483067.659],[150498.941,483068.309],[150498.301,483068.958],[150497.661,483069.606],[150497.013,483070.261],[150496.365,483070.916],[150495.716,483071.57],[150495.066,483072.223],[150494.415,483072.875],[150493.763,483073.526],[150493.109,483074.175],[150492.454,483074.823],[150491.849,483075.417],[150491.243,483076.01],[150490.636,483076.602],[150490.028,483077.193],[150489.42,483077.785],[150488.923,483078.268],[150487.928,483079.233],[150487.441,483079.689],[150487.17,483079.947],[150486.899,483080.203],[150486.626,483080.458],[150486.352,483080.711],[150486.076,483080.963],[150485.8,483081.213],[150485.522,483081.462],[150485.244,483081.71],[150484.945,483081.975],[150484.647,483082.24],[150484.348,483082.504],[150484.048,483082.766],[150483.745,483083.026],[150483.441,483083.284],[150483.133,483083.537],[150482.822,483083.786],[150482.524,483084.02],[150482.225,483084.251],[150481.924,483084.481],[150481.621,483084.707],[150481.315,483084.929],[150481.005,483085.146],[150480.691,483085.357],[150480.373,483085.561],[150480.072,483085.746],[150479.769,483085.926],[150479.462,483086.102],[150479.153,483086.273],[150478.841,483086.438],[150478.525,483086.598],[150478.208,483086.751],[150477.866,483086.908],[150477.522,483087.059],[150477.175,483087.203],[150476.825,483087.341],[150476.473,483087.472],[150475.761,483087.714],[150473.771,483088.351],[150472.316,483088.78],[150471.961,483088.884],[150471.662,483088.981],[150471.369,483089.092],[150471.082,483089.218],[150471.003,483089.256],[150470.476,483089.513],[150469.892,483089.831],[150469.378,483090.163],[150469.125,483090.335],[150468.874,483090.511],[150468.619,483090.695],[150468.367,483090.883],[150468.118,483091.075],[150467.872,483091.27],[150467.629,483091.471],[150467.391,483091.675],[150467.185,483091.859],[150466.983,483092.047],[150466.783,483092.237],[150466.584,483092.429],[150466.334,483092.673],[150466.085,483092.919],[150465.838,483093.167],[150465.594,483093.418],[150465.354,483093.673],[150465.119,483093.932],[150464.889,483094.195],[150464.666,483094.463],[150464.449,483094.738],[150464.24,483095.015],[150464.036,483095.297],[150463.837,483095.582],[150463.645,483095.872],[150463.458,483096.166],[150463.279,483096.464],[150463.107,483096.766],[150462.943,483097.072],[150462.787,483097.383],[150462.638,483097.697],[150462.497,483098.014],[150462.363,483098.335],[150462.237,483098.66],[150462.118,483098.986],[150462.008,483099.316],[150460.951,483102.71],[150460.857,483103.273],[150460.829,483103.556],[150460.818,483103.809],[150460.819,483104.063],[150460.825,483104.316],[150460.828,483104.57],[150460.828,483104.868],[150460.828,483105.167],[150460.829,483105.466],[150460.83,483105.765],[150460.83,483106.064],[150460.829,483106.363],[150460.826,483106.661],[150460.82,483106.96],[150460.812,483107.259],[150460.801,483107.557],[150460.785,483107.871],[150460.767,483108.184],[150460.747,483108.498],[150460.724,483108.811],[150460.698,483109.124],[150460.671,483109.437],[150460.642,483109.75],[150460.612,483110.063],[150460.58,483110.375],[150460.547,483110.679],[150460.513,483110.982],[150460.477,483111.285],[150460.44,483111.588],[150460.4,483111.891],[150460.36,483112.193],[150460.317,483112.495],[150459.918,483114.971],[150459.596,483116.72],[150459.397,483117.588],[150459.174,483118.449],[150458.927,483119.303],[150458.69,483120.055],[150458.436,483120.803],[150458.162,483121.543],[150457.865,483122.274],[150457.542,483122.993],[150457.157,483123.763],[150456.743,483124.519],[150456.305,483125.261],[150455.85,483125.992],[150455.372,483126.712],[150454.869,483127.415],[150454.345,483128.104],[150453.806,483128.782],[150453.254,483129.45],[150452.695,483130.112],[150452.133,483130.77],[150451.615,483131.363],[150451.088,483131.948],[150450.556,483132.53],[150450.026,483133.113],[150449.472,483133.727],[150448.919,483134.341],[150448.365,483134.956],[150447.811,483135.569],[150447.255,483136.182],[150446.698,483136.792],[150446.138,483137.401],[150445.574,483138.006],[150445.007,483138.608],[150444.414,483139.23],[150443.818,483139.85],[150443.22,483140.467],[150442.619,483141.082],[150442.015,483141.694],[150441.408,483142.303],[150440.799,483142.91],[150440.187,483143.514],[150439.573,483144.115],[150438.956,483144.714],[150435.494,483147.728],[150431.968,483150.428],[150430.573,483151.472],[150429.554,483152.16],[150429.039,483152.495],[150428.52,483152.825],[150427.997,483153.149],[150427.471,483153.467],[150426.941,483153.779],[150426.407,483154.084],[150425.871,483154.384],[150425.364,483154.66],[150424.854,483154.93],[150424.341,483155.195],[150423.825,483155.454],[150423.307,483155.708],[150422.786,483155.957],[150422.262,483156.2],[150419.137,483157.614],[150419.052,483157.654],[150418.854,483157.76],[150418.664,483157.879],[150418.484,483158.012],[150418.313,483158.157],[150418.153,483158.314],[150418.005,483158.482],[150417.869,483158.66],[150417.747,483158.847],[150417.638,483159.043],[150417.543,483159.246],[150417.462,483159.455],[150417.397,483159.669],[150417.348,483159.888],[150417.314,483160.109],[150417.296,483160.333],[150417.294,483160.557],[150417.308,483160.78],[150417.338,483161.002],[150417.384,483161.221],[150417.389,483161.244],[150420.299,483173.075],[150421.34,483177.31],[150417.656,483178.165],[150417.224,483178.28],[150416.211,483174.133],[150413.612,483163.677],[150413.296,483162.404],[150413.276,483162.326],[150413.254,483162.242],[150413.188,483162.034],[150413.106,483161.831],[150413.01,483161.635],[150412.9,483161.446],[150412.776,483161.266],[150412.639,483161.096],[150412.491,483160.936],[150412.331,483160.787],[150412.16,483160.651],[150411.98,483160.527],[150411.792,483160.417],[150411.596,483160.32],[150411.393,483160.239],[150411.185,483160.172],[150410.972,483160.121],[150410.757,483160.086],[150410.539,483160.066],[150410.321,483160.063],[150410.103,483160.075],[150405.104,483160.543],[150403.177,483160.69],[150402.21,483160.706],[150401.294,483160.69],[150400.379,483160.63],[150399.561,483160.519],[150398.75,483160.356],[150397.945,483160.154],[150397.148,483159.925],[150396.356,483159.681],[150395.433,483159.37],[150394.523,483159.024],[150393.621,483158.654],[150392.725,483158.271],[150391.843,483157.876],[150390.97,483157.46],[150390.107,483157.023],[150389.253,483156.569],[150388.406,483156.099],[150387.567,483155.615],[150386.735,483155.118],[150385.908,483154.611],[150385.086,483154.096],[150384.269,483153.574],[150383.456,483153.048],[150382.645,483152.519],[150381.912,483152.032],[150381.185,483151.536],[150380.463,483151.032],[150379.746,483150.522],[150379.033,483150.006],[150378.323,483149.485],[150377.615,483148.961],[150376.909,483148.434],[150376.205,483147.907],[150375.49,483147.368],[150374.778,483146.827],[150374.068,483146.281],[150373.361,483145.733],[150372.657,483145.18],[150371.955,483144.625],[150371.257,483144.066],[150370.561,483143.503],[150365.961,483139.792],[150360.947,483135.698],[150342.496,483120.036],[150337.899,483116.03],[150335.861,483114.203],[150335.222,483113.785],[150334.878,483113.613],[150334.522,483113.466],[150334.156,483113.346],[150333.784,483113.254],[150333.408,483113.192],[150333.02,483113.161],[150332.627,483113.162],[150332.232,483113.194],[150331.84,483113.256],[150331.453,483113.347],[150331.075,483113.465],[150330.708,483113.609],[150330.355,483113.777],[150330.036,483113.96],[150329.728,483114.165],[150329.434,483114.392],[150329.156,483114.639],[150328.895,483114.903],[150328.654,483115.184],[150328.434,483115.479],[150318.838,483129.169],[150315.657,483133.691],[150310.782,483140.641],[150307.155,483145.796],[150306.625,483146.76],[150306.426,483147.281],[150306.272,483147.818],[150306.166,483148.365],[150306.11,483148.915],[150306.105,483149.464],[150306.153,483149.996],[150306.252,483150.529],[150306.4,483151.056],[150306.594,483151.572],[150306.831,483152.071],[150307.108,483152.547],[150307.424,483152.994],[150307.774,483153.407],[150308.157,483153.781],[150308.525,483154.161],[150308.424,483154.313],[150294.964,483144.774],[150295.155,483144.544],[150296.143,483145.05],[150296.678,483145.233],[150297.231,483145.369],[150297.796,483145.456],[150298.364,483145.493],[150298.93,483145.479],[150299.485,483145.413],[150300.024,483145.294],[150300.584,483145.106],[150301.129,483144.859],[150301.651,483144.557],[150302.144,483144.207],[150302.599,483143.811],[150303.011,483143.377],[150303.371,483142.909],[150306.817,483138],[150311.567,483131.24],[150314.944,483126.485],[150325.109,483111.967],[150325.553,483111.259],[150325.74,483110.882],[150325.901,483110.493],[150326.036,483110.095],[150326.144,483109.69],[150326.223,483109.28],[150326.273,483108.87],[150326.295,483108.455],[150326.29,483108.038],[150326.257,483107.622],[150326.198,483107.21],[150326.111,483106.803],[150325.998,483106.406],[150325.861,483106.026],[150325.698,483105.653],[150325.511,483105.291],[150325.3,483104.94],[150325.067,483104.604],[150324.814,483104.284],[150324.542,483103.982],[150324.252,483103.701],[150312.314,483092.803],[150305.618,483086.664],[150303.609,483084.839],[150301.401,483082.743],[150298.561,483079.981],[150297.117,483078.539],[150296.502,483077.931],[150295.89,483077.321],[150295.279,483076.71],[150294.669,483076.097],[150294.062,483075.483],[150293.456,483074.867],[150292.852,483074.249],[150292.273,483073.654],[150291.697,483073.058],[150291.122,483072.46],[150290.548,483071.86],[150289.976,483071.26],[150289.405,483070.658],[150288.836,483070.054],[150288.305,483069.491],[150287.774,483068.927],[150287.244,483068.362],[150286.716,483067.796],[150286.19,483067.227],[150285.668,483066.656],[150285.149,483066.081],[150284.598,483065.462],[150284.05,483064.84],[150283.505,483064.216],[150282.964,483063.589],[150282.426,483062.958],[150281.892,483062.325],[150281.361,483061.688],[150280.834,483061.049],[150280.311,483060.406],[150279.792,483059.76],[150279.278,483059.11],[150278.767,483058.458],[150278.264,483057.81],[150277.76,483057.162],[150277.258,483056.512],[150276.761,483055.859],[150276.269,483055.201],[150275.785,483054.539],[150275.311,483053.869],[150274.849,483053.192],[150274.4,483052.506],[150273.928,483051.76],[150273.467,483051.008],[150273.02,483050.247],[150272.594,483049.475],[150272.285,483048.874],[150271.987,483048.268],[150271.694,483047.659],[150271.356,483046.943],[150271.026,483046.224],[150270.703,483045.502],[150270.394,483044.785],[150269.799,483043.341],[150269.051,483041.472],[150268.93,483041.251],[150268.787,483041.041],[150268.625,483040.842],[150268.445,483040.656],[150268.25,483040.487],[150268.043,483040.336],[150267.824,483040.204],[150267.597,483040.095],[150267.359,483040.008],[150267.111,483039.942],[150266.856,483039.899],[150266.597,483039.877],[150266.337,483039.878],[150266.08,483039.901],[150265.583,483040.015],[150264.095,483040.474],[150254.939,483043.296],[150245.844,483046.122],[150245.486,483044.947],[150244.515,483041.899],[150244.478,483041.806],[150247.032,483040.998],[150264.688,483035.561],[150264.935,483035.488],[150265.177,483035.389],[150265.412,483035.267],[150265.637,483035.123],[150265.849,483034.959],[150266.048,483034.777],[150266.228,483034.58],[150266.39,483034.37],[150266.529,483034.149],[150266.643,483033.918],[150266.726,483033.701],[150266.791,483033.476],[150266.837,483033.245],[150266.866,483033.012],[150266.864,483032.545],[150266.811,483031.348],[150266.782,483030.554],[150266.757,483029.761],[150266.737,483028.967],[150266.721,483028.173],[150266.709,483027.379],[150266.702,483026.585],[150266.694,483025.823],[150266.683,483025.06],[150266.675,483024.297],[150266.674,483023.534],[150266.685,483022.772],[150266.713,483022.01],[150266.763,483021.25],[150266.841,483020.412],[150266.937,483019.575],[150267.05,483018.74],[150267.182,483017.907],[150267.337,483017.079],[150267.517,483016.266],[150267.72,483015.459],[150267.934,483014.654],[150268.135,483013.928],[150268.346,483013.205],[150268.563,483012.484],[150268.781,483011.763],[150268.96,483011.166],[150269.141,483010.57],[150269.329,483009.975],[150269.597,483009.173],[150269.878,483008.375],[150270.178,483007.584],[150270.498,483006.809],[150270.838,483006.043],[150271.195,483005.284],[150271.564,483004.53],[150271.94,483003.781],[150272.291,483003.1],[150272.653,483002.425],[150273.024,483001.755],[150273.402,483001.089],[150273.786,483000.426],[150274.175,482999.766],[150274.566,482999.107],[150274.834,482998.664],[150275.1,482998.219],[150275.313,482997.844],[150275.525,482997.467],[150275.925,482996.774],[150276.332,482996.084],[150276.744,482995.398],[150277.162,482994.714],[150277.583,482994.033],[150278.006,482993.353],[150278.432,482992.675],[150278.858,482991.997],[150279.284,482991.319],[150279.724,482990.621],[150280.166,482989.924],[150280.611,482989.23],[150281.057,482988.536],[150281.506,482987.844],[150281.956,482987.153],[150282.408,482986.463],[150282.861,482985.773],[150283.316,482985.085],[150283.771,482984.397],[150284.227,482983.71],[150284.684,482983.023],[150285.141,482982.336],[150285.592,482981.659],[150286.044,482980.983],[150286.496,482980.307],[150286.95,482979.632],[150287.405,482978.958],[150287.86,482978.284],[150288.317,482977.611],[150288.774,482976.939],[150289.233,482976.267],[150289.693,482975.596],[150290.153,482974.926],[150290.615,482974.257],[150291.078,482973.588],[150291.543,482972.921],[150292.008,482972.254],[150292.475,482971.588],[150292.924,482970.95],[150293.373,482970.314],[150293.824,482969.678],[150294.276,482969.043],[150294.727,482968.408],[150295.196,482967.749],[150295.664,482967.089],[150296.132,482966.429],[150296.601,482965.771],[150297.072,482965.113],[150297.546,482964.457],[150298.022,482963.804],[150298.503,482963.153],[150298.977,482962.518],[150299.455,482961.885],[150299.935,482961.254],[150300.417,482960.624],[150300.901,482959.996],[150301.358,482959.403],[150301.817,482958.812],[150302.277,482958.222],[150302.739,482957.633],[150303.202,482957.046],[150303.706,482956.412],[150304.211,482955.779],[150304.718,482955.148],[150305.228,482954.519],[150306.252,482953.265],[150306.895,482952.479],[150307.386,482951.894],[150307.879,482951.31],[150308.373,482950.727],[150308.87,482950.146],[150309.369,482949.567],[150309.87,482948.989],[150310.372,482948.414],[150310.877,482947.839],[150311.383,482947.267],[150311.891,482946.696],[150312.402,482946.127],[150312.914,482945.559],[150313.428,482944.994],[150313.944,482944.43],[150314.461,482943.867],[150314.981,482943.307],[150315.502,482942.748],[150316.026,482942.191],[150316.575,482941.605],[150317.124,482941.017],[150317.671,482940.428],[150318.22,482939.839],[150318.77,482939.253],[150319.324,482938.67],[150319.882,482938.091],[150320.446,482937.519],[150321.017,482936.954],[150321.596,482936.397],[150322.185,482935.851],[150322.784,482935.316],[150323.365,482934.813],[150323.953,482934.317],[150324.546,482933.828],[150325.145,482933.345],[150325.749,482932.869],[150326.36,482932.401],[150326.976,482931.94],[150327.598,482931.487],[150328.226,482931.043],[150328.859,482930.606],[150329.498,482930.178],[150330.142,482929.759],[150330.792,482929.35],[150331.389,482928.982],[150331.989,482928.62],[150332.593,482928.264],[150333.202,482927.918],[150333.818,482927.583],[150334.44,482927.261],[150335.087,482926.936],[150335.737,482926.616],[150336.395,482926.311],[150337.062,482926.032],[150337.742,482925.787],[150338.502,482925.561],[150339.274,482925.372],[150340.052,482925.215],[150340.836,482925.087],[150341.339,482925.02],[150341.883,482924.948],[150342.306,482924.877],[150342.722,482924.778],[150343.221,482924.588],[150343.699,482924.35],[150344.679,482923.721],[150346.414,482922.382],[150347.738,482921.376],[150347.935,482921.214],[150348.13,482921.049],[150348.321,482920.879],[150348.508,482920.706],[150348.693,482920.53],[150348.874,482920.349],[150349.051,482920.166],[150349.225,482919.979],[150349.379,482919.806],[150349.529,482919.631],[150349.677,482919.453],[150349.822,482919.273],[150349.964,482919.09],[150350.103,482918.905],[150350.258,482918.693],[150350.41,482918.477],[150350.559,482918.259],[150350.703,482918.038],[150350.842,482917.814],[150350.976,482917.588],[150351.104,482917.358],[150351.227,482917.126],[150351.345,482916.891],[150351.46,482916.654],[150351.574,482916.418],[150351.68,482916.194],[150351.784,482915.97],[150351.886,482915.744],[150351.986,482915.518],[150352.084,482915.291],[150352.181,482915.063],[150352.275,482914.835],[150352.364,482914.616],[150352.45,482914.397],[150352.535,482914.177],[150352.618,482913.957],[150352.779,482913.514],[150354.848,482907.584],[150355.016,482907.048],[150355.192,482906.514],[150355.376,482905.983],[150355.568,482905.455],[150355.769,482904.93],[150355.978,482904.408],[150356.195,482903.89],[150356.42,482903.375],[150356.654,482902.865],[150356.892,482902.361],[150357.138,482901.861],[150357.391,482901.365],[150357.652,482900.872],[150357.92,482900.383],[150358.198,482899.9],[150358.483,482899.421],[150358.778,482898.949],[150359.082,482898.482],[150359.37,482898.059],[150359.665,482897.641],[150359.968,482897.228],[150360.277,482896.819],[150360.591,482896.415],[150360.91,482896.014],[150361.272,482895.573],[150361.642,482895.138],[150362.017,482894.708],[150362.397,482894.281],[150362.777,482893.856],[150363.111,482893.486],[150363.447,482893.118],[150363.785,482892.753],[150364.124,482892.389],[150364.465,482892.025],[150364.806,482891.663],[150365.207,482891.239],[150365.608,482890.817],[150366.012,482890.396],[150366.416,482889.977],[150366.822,482889.559],[150367.23,482889.143],[150367.604,482888.762],[150367.977,482888.381],[150368.352,482888.001],[150368.729,482887.624],[150369.11,482887.252],[150369.497,482886.885],[150369.898,482886.513],[150370.302,482886.145],[150370.712,482885.783],[150371.131,482885.431],[150371.572,482885.081],[150372.022,482884.743],[150372.479,482884.413],[150372.94,482884.09],[150373.404,482883.77],[150373.798,482883.505],[150374.195,482883.246],[150374.594,482882.989],[150374.995,482882.735],[150375.396,482882.482],[150375.806,482882.224],[150376.216,482881.968],[150376.628,482881.714],[150377.455,482881.211],[150379.136,482880.205],[150382.111,482878.532],[150382.775,482878.118],[150382.97,482878.008],[150383.159,482877.885],[150383.34,482877.75],[150383.513,482877.603],[150383.677,482877.445],[150383.829,482877.278],[150383.971,482877.102],[150384.099,482876.919],[150384.23,482876.701],[150384.345,482876.473],[150384.443,482876.235],[150384.525,482875.991],[150384.589,482875.741],[150384.635,482875.488],[150384.672,482874.981],[150384.665,482872.654],[150384.662,482872.369],[150384.663,482872.084],[150384.667,482871.8],[150384.674,482871.515],[150384.684,482871.231],[150384.698,482870.946],[150384.713,482870.658],[150384.729,482870.369],[150384.747,482870.08],[150384.77,482869.792],[150384.8,482869.504],[150384.837,482869.218],[150384.885,482868.933],[150384.948,482868.629],[150385.019,482868.326],[150385.099,482868.024],[150385.188,482867.726],[150385.285,482867.43],[150385.39,482867.137],[150385.504,482866.847],[150385.614,482866.586],[150385.732,482866.327],[150385.857,482866.072],[150385.988,482865.819],[150386.125,482865.57],[150386.42,482865.085],[150386.725,482864.622],[150387.515,482863.466],[150390.97,482858.581],[150391.765,482857.441],[150399.279,482846.71],[150403.191,482841.137],[150406.21,482836.844],[150406.47,482836.472],[150409.177,482833.484],[150414.053,482826.593],[150416.261,482828.187],[150411.412,482835.043],[150409.434,482839.692],[150403.211,482848.577],[150396.923,482857.598],[150390.706,482866.473],[150390.519,482866.734],[150390.34,482867.002],[150390.172,482867.277],[150390.014,482867.558],[150389.866,482867.845],[150389.73,482868.136],[150389.604,482868.433],[150389.49,482868.731],[150389.388,482869.034],[150389.296,482869.341],[150389.216,482869.652],[150389.147,482869.965],[150389.09,482870.28],[150389.045,482870.596],[150389.011,482870.882],[150388.982,482871.17],[150388.965,482871.458],[150388.965,482871.746],[150388.989,482872.032],[150389.031,482872.303],[150389.09,482872.573],[150389.166,482872.839],[150389.26,482873.099],[150389.373,482873.351],[150389.505,482873.591],[150389.678,482873.852],[150389.874,482874.098],[150390.09,482874.327],[150390.324,482874.536],[150390.575,482874.722],[150390.839,482874.883],[150391.118,482875.021],[150391.411,482875.135],[150391.712,482875.224],[150392.019,482875.288],[150392.638,482875.333],[150395.702,482875.243],[150396.873,482875.239],[150398.044,482875.268],[150399.216,482875.329],[150400.385,482875.423],[150401.553,482875.549],[150402.716,482875.707],[150403.873,482875.897],[150405.024,482876.119],[150406.166,482876.373],[150407.33,482876.669],[150408.483,482877.003],[150409.628,482877.371],[150410.762,482877.769],[150411.888,482878.195],[150413.003,482878.644],[150414.109,482879.112],[150415.184,482879.597],[150416.246,482880.11],[150417.297,482880.646],[150418.339,482881.201],[150419.374,482881.768],[150420.404,482882.343],[150421.293,482882.851],[150422.174,482883.372],[150423.05,482883.902],[150423.922,482884.439],[150424.791,482884.981],[150425.658,482885.524],[150426.512,482886.064],[150427.362,482886.61],[150428.21,482887.159],[150429.056,482887.711],[150429.903,482888.262],[150430.813,482888.853],[150431.723,482889.444],[150432.631,482890.037],[150433.537,482890.633],[150434.439,482891.236],[150435.298,482891.818],[150436.154,482892.404],[150437.007,482892.994],[150437.857,482893.588],[150438.706,482894.185],[150439.57,482894.798],[150440.432,482895.414],[150441.291,482896.034],[150442.148,482896.657],[150443.855,482897.914],[150455.978,482907.023],[150460.758,482910.64],[150479.913,482924.993],[150480.579,482925.495],[150481.247,482925.994],[150481.917,482926.492],[150482.588,482926.987],[150483.261,482927.48],[150483.884,482927.932],[150484.509,482928.382],[150485.135,482928.83],[150485.761,482929.278],[150486.387,482929.726],[150487.019,482930.18],[150487.65,482930.635],[150488.282,482931.09],[150488.914,482931.544],[150489.547,482931.997],[150490.182,482932.448],[150490.827,482932.902],[150491.473,482933.356],[150492.119,482933.808],[150492.767,482934.258],[150493.417,482934.706],[150494.068,482935.152],[150494.792,482935.646],[150495.519,482936.138],[150496.246,482936.627],[150496.976,482937.114],[150497.707,482937.598],[150498.441,482938.078],[150499.177,482938.555],[150499.84,482938.979],[150500.505,482939.399],[150501.172,482939.817],[150501.84,482940.233],[150502.509,482940.646],[150503.179,482941.058],[150503.85,482941.47],[150504.56,482941.903],[150505.272,482942.335],[150505.986,482942.764],[150506.7,482943.192],[150507.414,482943.619],[150508.13,482944.045],[150508.845,482944.47],[150509.534,482944.879],[150510.223,482945.286],[150510.913,482945.692],[150511.604,482946.097],[150512.295,482946.502],[150512.986,482946.906],[150513.677,482947.31],[150514.369,482947.713],[150515.061,482948.116],[150515.803,482948.546],[150516.546,482948.973],[150517.29,482949.399],[150518.033,482949.825],[150518.775,482950.254],[150519.515,482950.687],[150520.252,482951.125],[150520.99,482951.571],[150521.727,482952.021],[150522.462,482952.473],[150523.195,482952.929],[150523.925,482953.389],[150524.653,482953.853],[150525.378,482954.321],[150526.106,482954.79],[150526.833,482955.26],[150527.554,482955.739],[150528.261,482956.238],[150528.93,482956.737],[150529.587,482957.25],[150530.234,482957.776],[150530.741,482958.206],[150531.733,482959.089],[150533.408,482960.684],[150534.173,482961.439],[150534.562,482961.799],[150534.943,482962.169],[150535.316,482962.546],[150535.681,482962.932],[150536.037,482963.326],[150536.384,482963.728],[150536.722,482964.136],[150537.074,482964.587],[150537.412,482965.048],[150537.739,482965.518],[150538.057,482965.994],[150538.366,482966.476],[150538.67,482966.961],[150538.971,482967.449],[150539.261,482967.929],[150539.545,482968.413],[150539.823,482968.9],[150540.095,482969.392],[150540.361,482969.887],[150540.62,482970.385],[150541.118,482971.39],[150542.63,482974.384],[150542.79,482974.656],[150542.971,482974.917],[150543.172,482975.162],[150543.392,482975.391],[150543.627,482975.601],[150543.919,482975.818],[150544.233,482976.007],[150544.563,482976.169],[150544.907,482976.301],[150545.259,482976.405],[150545.616,482976.478],[150545.998,482976.514],[150546.384,482976.51],[150546.77,482976.483],[150547.155,482976.45],[150547.52,482976.415],[150547.883,482976.368],[150548.246,482976.311],[150548.607,482976.243],[150548.966,482976.165],[150549.323,482976.077],[150549.677,482975.979],[150550.028,482975.871],[150550.376,482975.755],[150550.72,482975.63],[150551.084,482975.49],[150551.445,482975.341],[150551.802,482975.182],[150552.153,482975.011],[150552.495,482974.825],[150552.826,482974.621],[150553.1,482974.432],[150553.365,482974.231],[150553.623,482974.021],[150553.876,482973.804],[150554.125,482973.584],[150554.403,482973.328],[150554.675,482973.065],[150554.941,482972.796],[150555.2,482972.52],[150555.451,482972.237],[150555.932,482971.654],[150557.707,482969.354],[150560.394,482965.829],[150564.321,482960.646],[150568.279,482955.315],[150571.656,482957.894],[150560.703,482972.533],[150560.511,482972.792],[150560.316,482973.049],[150560.119,482973.305],[150559.919,482973.559],[150559.717,482973.81],[150559.513,482974.06],[150559.306,482974.308],[150559.097,482974.554],[150558.905,482974.776],[150558.712,482974.996],[150558.516,482975.215],[150558.318,482975.431],[150558.118,482975.646],[150557.925,482975.848],[150557.729,482976.048],[150557.532,482976.247],[150557.332,482976.442],[150557.129,482976.635],[150556.912,482976.836],[150556.694,482977.035],[150556.473,482977.232],[150556.249,482977.426],[150556.021,482977.615],[150555.789,482977.798],[150555.552,482977.974],[150555.31,482978.142],[150555.03,482978.321],[150554.745,482978.489],[150554.454,482978.648],[150554.159,482978.801],[150553.861,482978.947],[150553.561,482979.09],[150553.26,482979.231],[150552.985,482979.355],[150552.707,482979.474],[150552.427,482979.588],[150552.146,482979.698],[150551.863,482979.806],[150551.58,482979.911],[150551.296,482980.015],[150551.012,482980.119],[150550.728,482980.224],[150550.416,482980.339],[150550.103,482980.453],[150549.79,482980.565],[150549.476,482980.676],[150549.161,482980.785],[150548.846,482980.891],[150548.602,482980.965],[150548.356,482981.035],[150548.113,482981.111],[150547.875,482981.202],[150547.607,482981.325],[150547.344,482981.461],[150547.091,482981.613],[150546.853,482981.786],[150546.634,482981.98],[150546.43,482982.207],[150546.248,482982.455],[150546.089,482982.719],[150545.952,482982.995],[150545.837,482983.278],[150545.746,482983.572],[150545.681,482983.873],[150545.638,482984.18],[150545.616,482984.489],[150545.611,482984.798],[150545.624,482985.124],[150545.657,482985.449],[150545.788,482986.089],[150545.963,482987.383],[150546.046,482988.005],[150546.126,482988.627],[150546.204,482989.249],[150546.279,482989.872],[150546.342,482990.397],[150546.402,482990.922],[150546.456,482991.448],[150546.515,482992.103],[150546.567,482992.76],[150546.607,482993.417],[150546.627,482994.074],[150546.622,482994.731],[150546.591,482995.396],[150546.539,482996.059],[150546.463,482996.72],[150546.389,482997.198],[150546.303,482997.673],[150546.214,482998.149],[150546.092,482998.784],[150545.965,482999.418],[150545.834,483000.051],[150545.703,483000.684],[150545.58,483001.279],[150545.457,483001.874],[150545.332,483002.469],[150545.207,483003.064],[150545.08,483003.658],[150544.952,483004.252],[150544.821,483004.846],[150544.689,483005.439],[150544.553,483006.031],[150544.415,483006.623],[150544.272,483007.229],[150544.128,483007.834],[150543.982,483008.439],[150543.833,483009.044],[150543.68,483009.647],[150543.523,483010.249],[150543.361,483010.85],[150543.191,483011.478],[150543.018,483012.105],[150542.836,483012.729],[150542.637,483013.348],[150542.422,483013.95],[150542.193,483014.547],[150541.953,483015.14]],[[150281.193,483053.709],[150281.971,483054.749],[150282.765,483055.777],[150283.572,483056.795],[150284.387,483057.806],[150285.201,483058.798],[150286.024,483059.782],[150286.855,483060.758],[150287.694,483061.729],[150288.484,483062.628],[150289.282,483063.519],[150290.087,483064.405],[150290.897,483065.287],[150291.71,483066.165],[150292.526,483067.04],[150293.363,483067.934],[150294.204,483068.825],[150295.048,483069.712],[150295.896,483070.595],[150296.748,483071.474],[150297.604,483072.35],[150298.465,483073.221],[150299.33,483074.088],[150300.232,483074.982],[150301.139,483075.873],[150302.049,483076.759],[150302.965,483077.64],[150304.808,483079.389],[150305.001,483079.551],[150310.896,483085.032],[150317.859,483091.409],[150326.947,483099.695],[150327.23,483099.922],[150327.532,483100.128],[150327.849,483100.313],[150328.178,483100.474],[150328.518,483100.61],[150328.864,483100.72],[150329.28,483100.812],[150329.706,483100.865],[150330.139,483100.88],[150330.574,483100.858],[150331.006,483100.802],[150331.432,483100.713],[150331.847,483100.592],[150332.247,483100.442],[150332.596,483100.279],[150332.935,483100.09],[150333.261,483099.876],[150333.573,483099.639],[150333.867,483099.381],[150334.143,483099.105],[150334.626,483098.502],[150345.2,483083.495],[150352.632,483072.921],[150355.983,483068.165],[150364.899,483055.365],[150369.269,483049.004],[150373.458,483042.868],[150380.022,483033.193],[150381.525,483031.002],[150382.244,483029.884],[150382.941,483028.752],[150383.616,483027.608],[150384.258,483026.484],[150384.887,483025.352],[150385.494,483024.208],[150386.071,483023.049],[150386.608,483021.873],[150387.097,483020.677],[150387.549,483019.429],[150387.955,483018.164],[150388.318,483016.885],[150388.639,483015.594],[150388.919,483014.293],[150389.158,483012.985],[150389.359,483011.673],[150389.513,483010.403],[150389.627,483009.128],[150389.707,483007.851],[150389.757,483006.572],[150389.78,483005.197],[150389.769,483003.819],[150389.722,483002.442],[150389.638,483001.067],[150389.517,482999.695],[150389.356,482998.327],[150389.156,482996.967],[150388.913,482995.632],[150388.627,482994.305],[150388.304,482992.986],[150387.951,482991.674],[150387.573,482990.369],[150387.178,482989.07],[150386.779,482987.821],[150386.358,482986.579],[150385.914,482985.344],[150385.448,482984.117],[150384.961,482982.898],[150384.452,482981.688],[150383.922,482980.487],[150383.372,482979.297],[150382.8,482978.117],[150382.068,482976.555],[150381.648,482975.656],[150381.223,482974.759],[150380.793,482973.864],[150380.359,482972.972],[150379.919,482972.082],[150379.475,482971.194],[150379.026,482970.309],[150378.573,482969.426],[150378.115,482968.546],[150377.701,482967.761],[150377.282,482966.979],[150376.86,482966.198],[150376.435,482965.42],[150376.006,482964.643],[150375.575,482963.867],[150375.141,482963.093],[150374.634,482962.197],[150374.123,482961.303],[150373.607,482960.412],[150373.088,482959.523],[150372.565,482958.636],[150372.038,482957.751],[150371.508,482956.868],[150370.975,482955.986],[150370.44,482955.107],[150369.902,482954.229],[150369.362,482953.352],[150368.861,482952.543],[150368.358,482951.735],[150367.854,482950.929],[150367.348,482950.123],[150366.838,482949.319],[150366.326,482948.517],[150365.811,482947.717],[150365.293,482946.92],[150364.771,482946.125],[150364.244,482945.332],[150363.714,482944.542],[150363.244,482943.849],[150362.771,482943.156],[150362.295,482942.467],[150361.815,482941.78],[150361.351,482941.124],[150360.885,482940.47],[150360.412,482939.82],[150359.93,482939.177],[150359.416,482938.505],[150358.896,482937.837],[150358.36,482937.182],[150357.8,482936.549],[150357.081,482935.81],[150356.333,482935.1],[150355.651,482934.497],[150354.947,482933.918],[150354.224,482933.365],[150353.48,482932.84],[150352.663,482932.299],[150351.828,482931.777],[150350.974,482931.289],[150350.097,482930.85],[150349.195,482930.474],[150348.268,482930.176],[150347.435,482929.985],[150346.592,482929.843],[150345.744,482929.735],[150344.793,482929.64],[150343.838,482929.586],[150342.883,482929.591],[150341.903,482929.661],[150340.928,482929.794],[150339.968,482929.999],[150339.165,482930.249],[150338.384,482930.563],[150337.619,482930.923],[150336.865,482931.309],[150336.117,482931.702],[150335.293,482932.155],[150334.485,482932.638],[150333.691,482933.144],[150332.908,482933.668],[150332.132,482934.203],[150331.36,482934.742],[150330.531,482935.331],[150329.709,482935.932],[150328.897,482936.545],[150328.094,482937.171],[150327.303,482937.811],[150326.523,482938.465],[150325.75,482939.142],[150324.992,482939.837],[150324.247,482940.546],[150323.512,482941.266],[150322.785,482941.994],[150322.063,482942.727],[150321.344,482943.462],[150320.721,482944.106],[150320.104,482944.756],[150319.492,482945.41],[150318.885,482946.069],[150318.28,482946.73],[150317.677,482947.393],[150317.075,482948.056],[150316.388,482948.816],[150315.705,482949.579],[150315.024,482950.344],[150314.347,482951.112],[150313.672,482951.883],[150312.332,482953.433],[150311.826,482954.019],[150310.945,482955.07],[150310.07,482956.126],[150309.201,482957.187],[150308.338,482958.253],[150307.48,482959.323],[150306.629,482960.398],[150305.783,482961.477],[150304.943,482962.561],[150303.992,482963.805],[150303.048,482965.054],[150302.112,482966.31],[150301.184,482967.571],[150300.264,482968.839],[150299.351,482970.112],[150297.551,482972.674],[150294.148,482977.461],[150290.602,482982.654],[150284.801,482991.583],[150280.782,482997.977],[150280.475,482998.456],[150280.172,482998.936],[150279.871,482999.419],[150279.574,482999.904],[150279.28,483000.391],[150278.99,483000.88],[150278.703,483001.371],[150278.419,483001.864],[150278.127,483002.378],[150277.839,483002.894],[150277.554,483003.412],[150277.273,483003.932],[150276.996,483004.455],[150276.724,483004.98],[150276.457,483005.507],[150276.188,483006.052],[150275.922,483006.6],[150275.662,483007.15],[150275.407,483007.703],[150275.158,483008.258],[150274.915,483008.816],[150274.686,483009.358],[150274.462,483009.902],[150274.243,483010.449],[150274.03,483010.997],[150273.62,483012.101],[150273.444,483012.624],[150273.112,483013.712],[150272.807,483014.809],[150272.531,483015.914],[150272.282,483017.025],[150272.063,483018.142],[150271.872,483019.264],[150271.707,483020.42],[150271.572,483021.58],[150271.468,483022.745],[150271.394,483023.913],[150271.351,483025.082],[150271.339,483026.251],[150271.357,483027.42],[150271.405,483028.587],[150271.479,483029.708],[150271.579,483030.827],[150271.707,483031.944],[150271.865,483033.058],[150272.054,483034.165],[150272.276,483035.266],[150272.567,483036.499],[150272.901,483037.722],[150273.274,483038.934],[150273.684,483040.135],[150274.129,483041.324],[150274.604,483042.5],[150275.108,483043.663],[150275.649,483044.826],[150276.223,483045.974],[150276.827,483047.106],[150277.46,483048.222],[150278.033,483049.168],[150278.633,483050.097],[150279.254,483051.013],[150279.891,483051.919],[150280.539,483052.817],[150281.193,483053.709]],[[150404.771,483002.146],[150404.442,483001.84],[150404.113,483001.533],[150403.785,483001.225],[150403.458,483000.917],[150403.131,483000.607],[150402.772,483000.266],[150402.412,482999.924],[150402.054,482999.581],[150401.697,482999.236],[150401.341,482998.891],[150400.987,482998.543],[150400.644,482998.203],[150400.303,482997.861],[150399.963,482997.518],[150399.624,482997.173],[150399.287,482996.827],[150398.951,482996.479],[150398.616,482996.13],[150398.283,482995.78],[150397.952,482995.428],[150397.622,482995.075],[150397.294,482994.721],[150396.967,482994.365],[150396.641,482994.008],[150395.995,482993.29],[150395.331,482992.564],[150394.998,482992.175],[150394.918,482992.094],[150394.827,482992.024],[150394.727,482991.968],[150394.62,482991.926],[150394.509,482991.9],[150394.395,482991.889],[150394.281,482991.894],[150394.168,482991.916],[150394.059,482991.952],[150393.957,482992.004],[150393.863,482992.069],[150393.779,482992.146],[150393.706,482992.235],[150393.647,482992.332],[150393.601,482992.438],[150393.571,482992.548],[150393.556,482992.662],[150393.558,482992.776],[150393.56,482992.798],[150393.565,482992.849],[150394.11,482997.843],[150394.213,482998.718],[150394.304,482999.596],[150394.381,483000.475],[150394.445,483001.355],[150394.495,483002.236],[150394.533,483003.117],[150394.558,483003.999],[150394.569,483004.881],[150394.567,483005.763],[150394.551,483006.733],[150394.523,483007.704],[150394.479,483008.674],[150394.418,483009.643],[150394.338,483010.61],[150394.235,483011.574],[150394.109,483012.536],[150393.983,483013.354],[150393.842,483014.17],[150393.685,483014.983],[150393.514,483015.794],[150393.126,483017.403],[150392.488,483019.666],[150392.471,483019.727],[150392.447,483019.842],[150392.439,483019.96],[150392.446,483020.078],[150392.47,483020.194],[150392.508,483020.305],[150392.562,483020.411],[150392.629,483020.508],[150392.709,483020.595],[150392.8,483020.671],[150392.9,483020.733],[150393.007,483020.782],[150393.121,483020.815],[150393.237,483020.833],[150393.355,483020.835],[150393.473,483020.822],[150393.587,483020.792],[150393.696,483020.747],[150393.792,483020.693],[150396.341,483019.014],[150397.097,483018.447],[150397.879,483017.914],[150398.686,483017.416],[150399.515,483016.953],[150400.363,483016.529],[150401.228,483016.143],[150402.107,483015.798],[150402.963,483015.508],[150403.832,483015.257],[150404.714,483015.044],[150405.604,483014.867],[150406.5,483014.725],[150407.4,483014.617],[150408.302,483014.54],[150409.198,483014.496],[150410.097,483014.486],[150410.996,483014.509],[150411.895,483014.566],[150412.79,483014.657],[150414.564,483014.937],[150416.135,483015.279],[150416.236,483015.301],[150416.338,483015.315],[150416.44,483015.313],[150416.541,483015.295],[150416.638,483015.262],[150416.728,483015.213],[150416.81,483015.152],[150416.881,483015.078],[150416.94,483014.995],[150416.986,483014.903],[150417.001,483014.859],[150417.219,483014.178],[150417.243,483014.078],[150417.251,483013.976],[150417.242,483013.874],[150417.218,483013.775],[150417.179,483013.681],[150417.125,483013.594],[150417.059,483013.516],[150417.048,483013.505],[150416.896,483013.361],[150415.756,483012.274],[150415.396,483011.924],[150415.036,483011.574],[150414.674,483011.226],[150414.311,483010.878],[150413.948,483010.532],[150413.583,483010.187],[150413.236,483009.862],[150412.888,483009.538],[150412.538,483009.216],[150412.189,483008.894],[150411.838,483008.572],[150411.487,483008.251],[150411.137,483007.93],[150410.763,483007.588],[150410.389,483007.246],[150410.015,483006.905],[150409.64,483006.564],[150409.266,483006.224],[150408.891,483005.883],[150408.516,483005.543],[150408.152,483005.214],[150407.789,483004.885],[150407.425,483004.557],[150407.061,483004.228],[150406.698,483003.9],[150406.335,483003.57],[150405.943,483003.215],[150405.551,483002.86],[150405.161,483002.503],[150404.771,483002.146]],[[150486.443,482935.644],[150485.576,482935.029],[150484.712,482934.412],[150483.85,482933.791],[150482.989,482933.169],[150482.131,482932.543],[150480.42,482931.284],[150462.604,482917.976],[150458.798,482915.105],[150441.888,482902.389],[150439.182,482900.402],[150438.404,482899.82],[150437.622,482899.243],[150436.836,482898.672],[150436.046,482898.107],[150435.377,482897.636],[150434.705,482897.171],[150434.032,482896.708],[150433.357,482896.246],[150432.553,482895.698],[150431.748,482895.151],[150430.942,482894.607],[150430.133,482894.066],[150429.323,482893.527],[150428.511,482892.991],[150427.697,482892.458],[150426.881,482891.928],[150426.063,482891.402],[150425.242,482890.88],[150424.419,482890.361],[150423.593,482889.842],[150422.766,482889.323],[150421.938,482888.807],[150421.108,482888.293],[150420.275,482887.785],[150419.438,482887.283],[150418.597,482886.789],[150417.75,482886.305],[150416.896,482885.832],[150416.113,482885.405],[150415.327,482884.981],[150414.537,482884.566],[150413.739,482884.166],[150412.932,482883.785],[150412.069,482883.404],[150411.196,482883.042],[150410.317,482882.698],[150409.43,482882.374],[150408.537,482882.068],[150407.585,482881.764],[150406.627,482881.478],[150405.662,482881.214],[150404.691,482880.972],[150403.715,482880.757],[150402.734,482880.568],[150401.748,482880.41],[150400.723,482880.277],[150399.693,482880.173],[150398.661,482880.098],[150397.628,482880.053],[150396.594,482880.036],[150395.581,482880.04],[150394.567,482880.065],[150393.554,482880.118],[150392.544,482880.205],[150391.54,482880.336],[150390.546,482880.516],[150389.652,482880.725],[150388.766,482880.972],[150387.89,482881.251],[150387.024,482881.559],[150386.166,482881.889],[150385.21,482882.291],[150384.266,482882.726],[150383.339,482883.193],[150381.535,482884.221],[150381.213,482884.414],[150380.397,482884.867],[150379.825,482885.208],[150379.256,482885.556],[150378.692,482885.91],[150378.132,482886.272],[150377.577,482886.64],[150377.099,482886.963],[150376.625,482887.29],[150376.154,482887.623],[150375.689,482887.962],[150375.229,482888.309],[150374.777,482888.666],[150374.33,482889.03],[150373.889,482889.401],[150373.453,482889.778],[150373.022,482890.16],[150372.533,482890.607],[150372.051,482891.061],[150371.575,482891.521],[150371.102,482891.984],[150370.761,482892.321],[150370.422,482892.66],[150370.085,482893],[150369.659,482893.43],[150369.236,482893.86],[150368.814,482894.293],[150368.394,482894.728],[150367.977,482895.165],[150367.537,482895.629],[150367.097,482896.094],[150366.659,482896.561],[150366.228,482897.033],[150365.804,482897.512],[150365.39,482897.999],[150364.975,482898.509],[150364.568,482899.026],[150364.17,482899.549],[150363.766,482900.094],[150363.373,482900.647],[150363.003,482901.194],[150362.644,482901.749],[150362.298,482902.312],[150361.966,482902.883],[150361.65,482903.462],[150361.381,482903.991],[150361.128,482904.527],[150360.888,482905.069],[150360.658,482905.617],[150360.436,482906.168],[150360.221,482906.721],[150360.009,482907.275],[150359.789,482907.867],[150359.578,482908.462],[150359.374,482909.06],[150359.177,482909.66],[150358.984,482910.261],[150358.775,482910.908],[150358.563,482911.555],[150358.356,482912.204],[150358.16,482912.856],[150357.983,482913.512],[150357.833,482914.173],[150357.717,482914.842],[150357.64,482915.453],[150357.587,482916.067],[150357.555,482916.684],[150357.543,482917.302],[150357.55,482917.92],[150357.575,482918.538],[150357.616,482919.156],[150357.673,482919.771],[150357.744,482920.383],[150357.826,482920.957],[150357.923,482921.529],[150358.035,482922.099],[150358.16,482922.666],[150358.297,482923.23],[150358.446,482923.791],[150358.637,482924.442],[150358.851,482925.086],[150359.082,482925.725],[150359.33,482926.358],[150359.588,482926.987],[150359.856,482927.613],[150360.128,482928.236],[150360.402,482928.858],[150360.67,482929.454],[150360.947,482930.047],[150361.232,482930.635],[150361.524,482931.22],[150361.822,482931.803],[150362.125,482932.383],[150362.432,482932.961],[150362.742,482933.536],[150363.055,482934.111],[150363.37,482934.684],[150363.684,482935.251],[150364.001,482935.815],[150364.322,482936.378],[150364.647,482936.938],[150364.975,482937.497],[150365.306,482938.053],[150365.641,482938.607],[150366.322,482939.71],[150370.413,482946.077],[150374.104,482951.934],[150382.076,482964.616],[150386.156,482971.004],[150388.127,482974.029],[150389.101,482975.525],[150389.591,482976.271],[150390.084,482977.016],[150390.579,482977.759],[150391.077,482978.5],[150391.576,482979.24],[150392.105,482980.023],[150392.633,482980.807],[150393.163,482981.591],[150393.696,482982.372],[150394.233,482983.149],[150394.778,482983.921],[150395.333,482984.686],[150395.898,482985.443],[150396.527,482986.262],[150397.164,482987.074],[150397.809,482987.88],[150398.465,482988.677],[150399.13,482989.467],[150399.805,482990.247],[150400.492,482991.018],[150401.154,482991.742],[150401.826,482992.458],[150402.507,482993.166],[150403.196,482993.865],[150403.894,482994.555],[150405.962,482996.557],[150409.271,482999.631],[150411.931,483002.068],[150415.557,483005.331],[150416.404,483006.112],[150416.826,483006.504],[150417.247,483006.897],[150417.667,483007.29],[150418.086,483007.684],[150418.505,483008.079],[150418.942,483008.491],[150419.376,483008.907],[150419.772,483009.299],[150420.162,483009.697],[150420.547,483010.1],[150420.929,483010.506],[150421.309,483010.914],[150421.7,483011.342],[150422.087,483011.773],[150422.47,483012.207],[150422.85,483012.645],[150423.227,483013.085],[150423.602,483013.527],[150423.975,483013.971],[150424.347,483014.416],[150424.747,483014.897],[150425.146,483015.38],[150425.542,483015.864],[150425.936,483016.35],[150426.328,483016.839],[150426.716,483017.33],[150427.1,483017.824],[150427.48,483018.321],[150427.856,483018.822],[150428.226,483019.326],[150428.577,483019.81],[150428.925,483020.296],[150429.269,483020.784],[150429.608,483021.276],[150429.941,483021.773],[150430.266,483022.274],[150430.581,483022.777],[150430.889,483023.285],[150431.191,483023.797],[150431.486,483024.312],[150431.774,483024.831],[150432.055,483025.354],[150433.488,483028.007],[150434.787,483030.428],[150435.425,483031.645],[150436.054,483032.866],[150436.675,483034.092],[150437.361,483035.471],[150438.037,483036.855],[150438.702,483038.245],[150439.356,483039.64],[150440,483041.04],[150440.633,483042.444],[150441.255,483043.853],[150441.868,483045.266],[150442.481,483046.718],[150443.083,483048.175],[150443.673,483049.636],[150444.256,483051.1],[150444.833,483052.567],[150445.396,483054.013],[150445.952,483055.463],[150446.501,483056.915],[150447.042,483058.37],[150447.577,483059.827],[150448.105,483061.287],[150448.625,483062.75],[150449.138,483064.215],[150449.644,483065.682],[150451.578,483071.381],[150451.9,483072.362],[150452.014,483072.698],[150452.143,483073.03],[150452.285,483073.357],[150452.441,483073.677],[150452.61,483073.992],[150452.792,483074.298],[150452.986,483074.596],[150453.191,483074.886],[150453.432,483075.193],[150453.686,483075.491],[150453.955,483075.777],[150454.237,483076.051],[150454.53,483076.312],[150454.835,483076.559],[150455.475,483077.008],[150457.352,483078.322],[150459.671,483079.797],[150459.988,483079.994],[150460.306,483080.191],[150460.625,483080.386],[150460.944,483080.58],[150461.265,483080.773],[150461.585,483080.965],[150461.907,483081.156],[150462.229,483081.345],[150462.552,483081.535],[150462.875,483081.727],[150463.197,483081.919],[150463.521,483082.109],[150463.846,483082.296],[150464.174,483082.478],[150464.505,483082.653],[150464.84,483082.82],[150465.215,483083],[150465.591,483083.178],[150465.97,483083.35],[150466.352,483083.513],[150466.739,483083.663],[150467.132,483083.796],[150467.53,483083.91],[150467.905,483084],[150468.284,483084.077],[150468.666,483084.141],[150469.049,483084.192],[150469.435,483084.228],[150469.821,483084.248],[150470.207,483084.253],[150470.592,483084.242],[150470.965,483084.213],[150471.337,483084.168],[150471.707,483084.106],[150472.075,483084.031],[150472.441,483083.944],[150472.805,483083.846],[150473.165,483083.739],[150473.522,483083.624],[150473.853,483083.507],[150474.18,483083.38],[150474.503,483083.244],[150474.825,483083.102],[150475.144,483082.955],[150475.462,483082.806],[150475.804,483082.641],[150476.144,483082.471],[150476.481,483082.296],[150476.815,483082.116],[150477.142,483081.93],[150477.465,483081.737],[150477.786,483081.539],[150478.105,483081.34],[150478.425,483081.142],[150478.748,483080.948],[150479.071,483080.757],[150479.391,483080.559],[150479.702,483080.348],[150479.972,483080.145],[150480.492,483079.715],[150481.298,483078.988],[150483.362,483076.913],[150488.753,483071.735],[150494.358,483066.161],[150498.184,483062.28],[150502.21,483058.094],[150510.139,483049.747],[150510.696,483049.162],[150511.251,483048.576],[150511.804,483047.988],[150512.354,483047.397],[150512.903,483046.805],[150513.449,483046.21],[150513.993,483045.614],[150514.535,483045.016],[150515.075,483044.415],[150515.613,483043.813],[150516.156,483043.2],[150516.697,483042.585],[150517.236,483041.968],[150517.772,483041.349],[150518.838,483040.105],[150519.075,483039.815],[150519.445,483039.396],[150519.814,483038.975],[150520.18,483038.552],[150520.545,483038.128],[150520.907,483037.702],[150521.268,483037.274],[150521.652,483036.812],[150522.034,483036.349],[150522.414,483035.883],[150522.791,483035.416],[150523.166,483034.947],[150523.539,483034.477],[150523.911,483034.005],[150524.292,483033.517],[150524.672,483033.026],[150525.049,483032.535],[150525.413,483032.059],[150525.775,483031.582],[150526.135,483031.104],[150526.494,483030.625],[150526.852,483030.145],[150527.208,483029.664],[150527.564,483029.182],[150527.93,483028.682],[150528.296,483028.181],[150528.66,483027.679],[150529.022,483027.176],[150529.383,483026.672],[150529.743,483026.167],[150530.101,483025.661],[150530.458,483025.154],[150531.168,483024.138],[150531.844,483023.172],[150532.155,483022.733],[150532.462,483022.291],[150532.765,483021.846],[150533.064,483021.398],[150533.359,483020.948],[150533.651,483020.495],[150533.938,483020.04],[150534.221,483019.582],[150534.5,483019.121],[150534.775,483018.659],[150535.046,483018.193],[150535.312,483017.726],[150535.566,483017.277],[150535.818,483016.828],[150536.067,483016.376],[150536.312,483015.922],[150536.55,483015.466],[150536.782,483015.005],[150537.004,483014.541],[150537.215,483014.071],[150537.405,483013.623],[150537.589,483013.172],[150537.764,483012.717],[150537.931,483012.26],[150538.075,483011.847],[150538.211,483011.432],[150538.465,483010.595],[150539.68,483005.925],[150539.963,483004.716],[150541.145,482999.51],[150541.272,482998.893],[150541.382,482998.244],[150541.479,482997.593],[150541.561,482996.94],[150541.639,482996.177],[150541.696,482995.413],[150541.722,482994.716],[150541.725,482994.019],[150541.713,482993.322],[150541.693,482992.624],[150541.663,482991.849],[150541.619,482991.075],[150541.563,482990.3],[150541.494,482989.526],[150541.412,482988.753],[150541.318,482987.982],[150541.211,482987.212],[150541.091,482986.443],[150540.958,482985.678],[150540.812,482984.915],[150540.654,482984.154],[150540.483,482983.397],[150540.3,482982.644],[150540.106,482981.903],[150539.9,482981.165],[150539.682,482980.43],[150539.452,482979.699],[150539.21,482978.972],[150538.955,482978.249],[150538.689,482977.53],[150538.122,482976.107],[150536.301,482972.518],[150536.046,482972.012],[150535.782,482971.51],[150535.508,482971.013],[150535.224,482970.521],[150534.932,482970.034],[150534.63,482969.553],[150534.319,482969.079],[150534,482968.61],[150533.638,482968.105],[150533.264,482967.61],[150532.879,482967.123],[150532.482,482966.644],[150532.076,482966.173],[150531.66,482965.709],[150531.237,482965.253],[150530.807,482964.803],[150530.371,482964.359],[150529.93,482963.92],[150529.485,482963.487],[150529.042,482963.065],[150528.594,482962.648],[150528.139,482962.238],[150527.679,482961.835],[150527.212,482961.44],[150526.738,482961.053],[150526.257,482960.676],[150525.813,482960.343],[150525.363,482960.017],[150524.909,482959.697],[150524.452,482959.381],[150524.006,482959.078],[150523.555,482958.78],[150523.101,482958.488],[150522.645,482958.198],[150522.188,482957.91],[150521.73,482957.623],[150521.273,482957.336],[150520.763,482957.015],[150520.252,482956.695],[150519.739,482956.378],[150519.3,482956.11],[150518.418,482955.582],[150514.021,482952.984],[150507.157,482948.973],[150506.352,482948.507],[150505.549,482948.037],[150504.747,482947.565],[150503.947,482947.09],[150503.149,482946.613],[150502.352,482946.132],[150501.472,482945.598],[150500.594,482945.061],[150499.717,482944.52],[150498.843,482943.976],[150497.972,482943.427],[150497.104,482942.874],[150496.326,482942.371],[150495.55,482941.864],[150494.777,482941.354],[150494.006,482940.84],[150493.236,482940.324],[150492.468,482939.806],[150491.701,482939.286],[150490.819,482938.686],[150489.94,482938.083],[150489.063,482937.478],[150488.188,482936.869],[150487.314,482936.258],[150486.443,482935.644]],[[150353.755,482924.553],[150353.417,482923.428],[150353.352,482923.213],[150353.323,482923.141],[150353.279,482923.078],[150353.223,482923.024],[150353.157,482922.983],[150353.084,482922.957],[150353.008,482922.946],[150352.931,482922.951],[150352.856,482922.971],[150352.787,482923.007],[150352.735,482923.049],[150350.647,482925.032],[150350.505,482925.167],[150350.45,482925.23],[150350.408,482925.302],[150350.381,482925.381],[150350.369,482925.464],[150350.373,482925.548],[150350.393,482925.629],[150350.428,482925.705],[150350.476,482925.773],[150350.537,482925.831],[150350.608,482925.876],[150350.614,482925.879],[150353.818,482927.45],[150353.889,482927.476],[150353.965,482927.487],[150354.04,482927.481],[150354.114,482927.46],[150354.181,482927.425],[150354.239,482927.376],[150354.281,482927.323],[150354.341,482927.235],[150354.388,482927.139],[150354.42,482927.037],[150354.436,482926.932],[150354.436,482926.825],[150354.421,482926.719],[150354.403,482926.656],[150354.113,482925.759],[150353.755,482924.553]],[[150444.114,483132.551],[150446.005,483130.46],[150449.033,483127.01],[150450.202,483125.634],[150450.75,483124.916],[150451.273,483124.18],[150451.77,483123.426],[150452.25,483122.641],[150452.705,483121.838],[150453.132,483121.02],[150453.527,483120.187],[150453.888,483119.339],[150454.214,483118.478],[150454.495,483117.613],[150454.736,483116.734],[150454.944,483115.846],[150455.121,483114.951],[150455.275,483114.051],[150455.409,483113.15],[150455.521,483112.269],[150455.608,483111.385],[150455.673,483110.499],[150455.714,483109.611],[150455.732,483108.723],[150455.727,483107.834],[150455.699,483106.947],[150455.637,483105.968],[150455.54,483104.991],[150455.419,483104.016],[150455.279,483103.043],[150455.131,483102.072],[150454.968,483101.088],[150454.786,483100.107],[150454.589,483099.129],[150454.38,483098.153],[150454.164,483097.179],[150453.942,483096.206],[150453.711,483095.219],[150453.472,483094.235],[150453.224,483093.252],[150452.967,483092.271],[150452.702,483091.293],[150452.429,483090.317],[150452.147,483089.343],[150451.857,483088.372],[150451.357,483086.634],[150449.407,483080.103],[150448.71,483077.931],[150448.358,483076.847],[150448.003,483075.763],[150447.645,483074.68],[150447.285,483073.598],[150446.922,483072.517],[150446.557,483071.436],[150446.189,483070.357],[150445.818,483069.278],[150445.449,483068.214],[150445.078,483067.151],[150444.704,483066.089],[150444.328,483065.028],[150443.949,483063.967],[150443.568,483062.908],[150443.184,483061.849],[150442.798,483060.791],[150442.41,483059.734],[150442.019,483058.678],[150441.625,483057.623],[150441.23,483056.569],[150440.859,483055.58],[150440.487,483054.591],[150440.114,483053.603],[150439.736,483052.617],[150439.352,483051.633],[150438.959,483050.652],[150438.565,483049.691],[150438.166,483048.732],[150437.76,483047.776],[150437.348,483046.822],[150436.928,483045.872],[150436.501,483044.925],[150436.028,483043.896],[150435.549,483042.869],[150435.062,483041.846],[150434.564,483040.828],[150434.054,483039.816],[150433.529,483038.812],[150433,483037.827],[150432.463,483036.845],[150431.916,483035.87],[150431.354,483034.903],[150430.776,483033.946],[150430.18,483033.001],[150429.561,483032.07],[150428.982,483031.226],[150428.395,483030.387],[150427.791,483029.561],[150427.159,483028.757],[150426.493,483027.982],[150425.875,483027.327],[150425.235,483026.693],[150424.576,483026.078],[150423.904,483025.478],[150423.179,483024.854],[150422.44,483024.246],[150421.684,483023.658],[150420.91,483023.097],[150420.115,483022.566],[150419.228,483022.014],[150418.322,483021.492],[150417.394,483021.015],[150416.438,483020.598],[150415.426,483020.235],[150414.394,483019.933],[150413.345,483019.698],[150412.361,483019.543],[150411.368,483019.445],[150410.371,483019.399],[150409.551,483019.397],[150408.732,483019.43],[150407.914,483019.497],[150407.099,483019.597],[150406.289,483019.731],[150405.486,483019.903],[150404.544,483020.169],[150403.623,483020.501],[150402.719,483020.888],[150401.834,483021.32],[150400.963,483021.787],[150400.108,483022.278],[150399.265,483022.784],[150398.316,483023.394],[150397.396,483024.048],[150396.501,483024.738],[150395.628,483025.458],[150394.773,483026.201],[150393.932,483026.959],[150393.102,483027.726],[150392.368,483028.423],[150391.647,483029.134],[150390.939,483029.858],[150390.245,483030.596],[150389.565,483031.346],[150388.9,483032.11],[150388.249,483032.885],[150386.035,483035.558],[150383.712,483038.575],[150380.596,483042.548],[150376.809,483047.485],[150353.728,483079.656],[150340.851,483097.863],[150337.519,483102.581],[150337.132,483103.246],[150336.972,483103.599],[150336.834,483103.962],[150336.72,483104.334],[150336.631,483104.711],[150336.568,483105.092],[150336.53,483105.473],[150336.52,483105.898],[150336.543,483106.325],[150336.598,483106.751],[150336.683,483107.173],[150336.796,483107.587],[150336.938,483107.991],[150337.107,483108.382],[150337.278,483108.714],[150337.47,483109.037],[150337.682,483109.348],[150337.913,483109.646],[150338.161,483109.929],[150338.426,483110.196],[150338.705,483110.444],[150345.834,483116.66],[150352.911,483122.777],[150354.592,483124.198],[150355.434,483124.907],[150356.276,483125.616],[150357.119,483126.324],[150358.016,483127.077],[150358.914,483127.829],[150359.812,483128.581],[150360.711,483129.332],[150361.61,483130.083],[150362.51,483130.832],[150363.412,483131.58],[150364.314,483132.326],[150365.218,483133.071],[150366.124,483133.814],[150366.921,483134.465],[150367.719,483135.116],[150368.517,483135.766],[150369.316,483136.414],[150370.117,483137.061],[150370.919,483137.707],[150371.722,483138.35],[150372.646,483139.09],[150373.57,483139.831],[150374.495,483140.57],[150375.423,483141.305],[150376.354,483142.036],[150377.29,483142.761],[150378.233,483143.477],[150379.181,483144.187],[150380.134,483144.891],[150381.091,483145.589],[150382.052,483146.281],[150383.018,483146.966],[150383.989,483147.644],[150384.927,483148.301],[150385.864,483148.961],[150386.804,483149.614],[150387.755,483150.252],[150388.721,483150.865],[150389.707,483151.444],[150390.689,483151.989],[150391.68,483152.525],[150392.683,483153.045],[150393.698,483153.54],[150394.727,483154.001],[150395.77,483154.42],[150396.827,483154.788],[150397.901,483155.097],[150398.992,483155.339],[150400.048,483155.506],[150401.111,483155.619],[150402.179,483155.688],[150403.25,483155.72],[150404.32,483155.724],[150405.331,483155.7],[150406.341,483155.644],[150407.35,483155.561],[150408.356,483155.458],[150409.363,483155.335],[150410.367,483155.189],[150411.203,483155.053],[150412.037,483154.899],[150412.864,483154.718],[150413.915,483154.434],[150414.953,483154.099],[150415.98,483153.729],[150416.997,483153.337],[150417.987,483152.927],[150418.963,483152.485],[150419.927,483152.017],[150420.882,483151.527],[150421.828,483151.02],[150422.768,483150.502],[150423.704,483149.978],[150424.604,483149.468],[150425.501,483148.951],[150426.392,483148.424],[150427.274,483147.882],[150428.145,483147.323],[150429.002,483146.744],[150429.842,483146.141],[150430.636,483145.534],[150431.413,483144.907],[150432.179,483144.264],[150432.936,483143.611],[150433.689,483142.953],[150434.458,483142.271],[150435.22,483141.58],[150435.974,483140.881],[150436.72,483140.173],[150437.458,483139.457],[150438.187,483138.732],[150439.11,483137.815],[150441.149,483135.753],[150444.114,483132.551]],[[150461.262,483090.853],[150462.156,483089.909],[150462.226,483089.824],[150462.283,483089.729],[150462.326,483089.627],[150462.353,483089.52],[150462.365,483089.41],[150462.361,483089.3],[150462.36,483089.295],[150462.355,483089.254],[150462.124,483087.277],[150462.118,483087.23],[150462.098,483087.125],[150462.062,483087.024],[150462.012,483086.929],[150461.948,483086.843],[150461.872,483086.767],[150461.785,483086.703],[150461.781,483086.701],[150458.404,483084.614],[150458.293,483084.545],[150458.197,483084.495],[150458.094,483084.459],[150457.987,483084.439],[150457.878,483084.435],[150457.77,483084.446],[150457.665,483084.474],[150457.565,483084.516],[150457.472,483084.573],[150457.388,483084.643],[150457.316,483084.724],[150457.256,483084.815],[150457.238,483084.849],[150456.551,483086.252],[150456.501,483086.354],[150456.456,483086.466],[150456.425,483086.582],[150456.411,483086.701],[150456.412,483086.821],[150456.429,483086.94],[150456.442,483086.992],[150457.808,483091.92],[150457.832,483092.006],[150457.869,483092.111],[150457.921,483092.21],[150457.987,483092.3],[150458.065,483092.38],[150458.153,483092.449],[150458.251,483092.503],[150458.355,483092.544],[150458.463,483092.569],[150458.575,483092.578],[150458.686,483092.571],[150458.795,483092.548],[150458.879,483092.519],[150459.508,483092.261],[150459.676,483092.193],[150459.858,483092.109],[150460.033,483092.011],[150460.2,483091.9],[150460.358,483091.776],[150460.479,483091.664],[150460.839,483091.314],[150461.262,483090.853]]]},"id":"b26c7fe5-d953-53f9-8263-d272d9279a1d"},{"type":"Feature","properties":{"bronhouder":"G0034","creation_date":"2023-12-17T23:00:00Z","eind_registratie":"2025-12-03T12:05:32Z","functie":"inrit","functie_codespace":"http://www.geostandaarden.nl/imgeo/def/2.1#FunctieWeg","fysiek_voorkomen":"half verhard","fysiek_voorkomen_codespace":"http://www.geostandaarden.nl/imgeo/def/2.1#FysiekVoorkomenWeg","in_onderzoek":null,"in_onderzoek_leeg":"geenWaarde","kruinlijn_leeg":"waardeOnbekend","lokaal_id":"G0034.5597aa55e1654527898d22b0cf5d6e38","lv_publicatiedatum":"2023-12-18T11:54:14Z","op_talud":"false","op_talud_leeg":null,"plus_functie":null,"plus_functie_codespace":"http://www.geostandaarden.nl/imgeo/def/2.1#VoidReasonValue","plus_functie_leeg":"waardeOnbekend","plus_fysiek_voorkomen":"grind","plus_fysiek_voorkomen_codespace":"http://www.geostandaarden.nl/imgeo/def/2.1#FysiekVoorkomenWegPlus","plus_fysiek_voorkomen_leeg":null,"plus_status":null,"plus_status_codespace":"http://www.geostandaarden.nl/imgeo/def/2.1#VoidReasonValue","plus_status_leeg":"geenWaarde","relatieve_hoogteligging":0,"status":"bestaand","status_codespace":"http://www.geostandaarden.nl/imgeo/def/2.1#Status","status_leeg":null,"termination_date":null,"termination_date_leeg":"geenWaarde","tijdstip_registratie":"2023-12-18T10:53:54Z","version":"75cb45fb-7c33-9055-390e-d50ead1c70f9"},"geometry":{"type":"Polygon","coordinates":[[[150433.357,482896.246],[150434.032,482896.708],[150434.705,482897.171],[150435.377,482897.636],[150436.046,482898.107],[150436.836,482898.672],[150437.622,482899.243],[150438.404,482899.82],[150439.182,482900.402],[150438.5,482901.466],[150437.757,482901.599],[150436.736,482902.442],[150431.901,482899.167],[150433.044,482897.667],[150433.357,482896.246]]]},"id":"69187d29-c4fb-589a-9313-d971ecd6cbda"},{"type":"Feature","properties":{"bronhouder":"G0034","creation_date":"2023-12-17T23:00:00Z","eind_registratie":null,"functie":"inrit","functie_codespace":"http://www.geostandaarden.nl/imgeo/def/2.1#FunctieWeg","fysiek_voorkomen":"half verhard","fysiek_voorkomen_codespace":"http://www.geostandaarden.nl/imgeo/def/2.1#FysiekVoorkomenWeg","in_onderzoek":null,"in_onderzoek_leeg":"geenWaarde","kruinlijn_leeg":"waardeOnbekend","lokaal_id":"G0034.5597aa55e1654527898d22b0cf5d6e38","lv_publicatiedatum":"2025-12-03T12:50:42Z","op_talud":"false","op_talud_leeg":null,"plus_functie":null,"plus_functie_codespace":"http://www.geostandaarden.nl/imgeo/def/2.1#VoidReasonValue","plus_functie_leeg":"waardeOnbekend","plus_fysiek_voorkomen":"grind","plus_fysiek_voorkomen_codespace":"http://www.geostandaarden.nl/imgeo/def/2.1#FysiekVoorkomenWegPlus","plus_fysiek_voorkomen_leeg":null,"plus_status":null,"plus_status_codespace":"http://www.geostandaarden.nl/imgeo/def/2.1#VoidReasonValue","plus_status_leeg":"geenWaarde","relatieve_hoogteligging":0,"status":"bestaand","status_codespace":"http://www.geostandaarden.nl/imgeo/def/2.1#Status","status_leeg":null,"termination_date":null,"termination_date_leeg":"geenWaarde","tijdstip_registratie":"2025-12-03T12:05:32Z","version":"d9517764-6f31-f073-9d2c-02e74e42e54f"},"geometry":{"type":"Polygon","coordinates":[[[150437.622,482899.243],[150438.404,482899.82],[150439.182,482900.402],[150438.686,482901.175],[150438.5,482901.466],[150437.757,482901.599],[150436.736,482902.442],[150431.901,482899.167],[150433.044,482897.667],[150433.357,482896.246],[150434.032,482896.708],[150434.705,482897.171],[150435.377,482897.636],[150436.046,482898.107],[150436.836,482898.672],[150437.622,482899.243]]]},"id":"71c21fd4-7b26-5155-9a1b-f29e8bdcb5d0"},{"type":"Feature","properties":{"bronhouder":"G0034","creation_date":"2023-12-17T23:00:00Z","eind_registratie":"2025-12-03T12:05:32Z","functie":"rijbaan lokale weg","functie_codespace":"http://www.geostandaarden.nl/imgeo/def/2.1#FunctieWeg","fysiek_voorkomen":"open verharding","fysiek_voorkomen_codespace":"http://www.geostandaarden.nl/imgeo/def/2.1#FysiekVoorkomenWeg","in_onderzoek":null,"in_onderzoek_leeg":"geenWaarde","kruinlijn_leeg":"waardeOnbekend","lokaal_id":"G0034.d51aab87c7b24796ada3d18aaa7da4c1","lv_publicatiedatum":"2025-01-15T15:53:29Z","op_talud":"false","op_talud_leeg":null,"plus_functie":null,"plus_functie_codespace":"http://www.geostandaarden.nl/imgeo/def/2.1#VoidReasonValue","plus_functie_leeg":"waardeOnbekend","plus_fysiek_voorkomen":"betonstraatstenen","plus_fysiek_voorkomen_codespace":"http://www.geostandaarden.nl/imgeo/def/2.1#FysiekVoorkomenWegPlus","plus_fysiek_voorkomen_leeg":null,"plus_status":null,"plus_status_codespace":"http://www.geostandaarden.nl/imgeo/def/2.1#VoidReasonValue","plus_status_leeg":"geenWaarde","relatieve_hoogteligging":0,"status":"bestaand","status_codespace":"http://www.geostandaarden.nl/imgeo/def/2.1#Status","status_leeg":null,"termination_date":null,"termination_date_leeg":"geenWaarde","tijdstip_registratie":"2025-01-15T15:41:20Z","version":"bb637ca5-12d1-6a88-daf5-5ed7a8528b6d"},"geometry":{"type":"Polygon","coordinates":[[[150541.953,483015.14],[150541.724,483015.678],[150541.482,483016.211],[150541.232,483016.74],[150540.974,483017.265],[150540.71,483017.788],[150540.444,483018.31],[150540.177,483018.831],[150539.93,483019.309],[150539.681,483019.786],[150539.425,483020.26],[150539.104,483020.829],[150538.77,483021.391],[150538.425,483021.947],[150538.072,483022.498],[150537.711,483023.044],[150537.346,483023.588],[150536.978,483024.13],[150536.608,483024.67],[150536.24,483025.211],[150535.874,483025.754],[150535.502,483026.307],[150535.13,483026.859],[150534.756,483027.411],[150534.38,483027.961],[150534.002,483028.51],[150533.623,483029.057],[150533.241,483029.603],[150532.856,483030.146],[150532.469,483030.688],[150532.078,483031.228],[150531.685,483031.765],[150531.333,483032.239],[150530.98,483032.71],[150530.624,483033.179],[150530.266,483033.648],[150529.907,483034.115],[150529.547,483034.582],[150529.187,483035.048],[150528.822,483035.522],[150528.457,483035.995],[150528.09,483036.467],[150527.723,483036.939],[150527.354,483037.41],[150526.984,483037.879],[150526.61,483038.346],[150526.234,483038.81],[150525.864,483039.262],[150525.491,483039.712],[150525.117,483040.16],[150524.74,483040.606],[150524.362,483041.051],[150523.982,483041.495],[150523.601,483041.937],[150523.243,483042.351],[150522.884,483042.764],[150522.524,483043.175],[150521.799,483043.995],[150520.677,483045.263],[150520.049,483045.949],[150519.421,483046.635],[150518.792,483047.32],[150518.163,483048.005],[150517.534,483048.69],[150516.904,483049.374],[150516.274,483050.058],[150515.644,483050.742],[150515.013,483051.425],[150514.381,483052.108],[150513.749,483052.79],[150513.117,483053.472],[150512.48,483054.159],[150511.843,483054.846],[150511.205,483055.533],[150510.566,483056.218],[150509.926,483056.902],[150509.431,483057.429],[150508.935,483057.955],[150508.439,483058.481],[150507.941,483059.005],[150507.416,483059.556],[150506.889,483060.106],[150506.361,483060.654],[150505.833,483061.203],[150505.306,483061.752],[150504.669,483062.416],[150504.033,483063.08],[150503.396,483063.743],[150502.763,483064.398],[150502.128,483065.052],[150501.493,483065.706],[150500.856,483066.358],[150500.219,483067.009],[150499.58,483067.659],[150498.941,483068.309],[150498.301,483068.958],[150497.661,483069.606],[150497.013,483070.261],[150496.365,483070.916],[150495.716,483071.57],[150495.066,483072.223],[150494.415,483072.875],[150493.763,483073.526],[150493.109,483074.175],[150492.454,483074.823],[150491.849,483075.417],[150491.243,483076.01],[150490.636,483076.602],[150490.028,483077.193],[150489.42,483077.785],[150488.923,483078.268],[150487.928,483079.233],[150487.441,483079.689],[150487.17,483079.947],[150486.899,483080.203],[150486.626,483080.458],[150486.352,483080.711],[150486.076,483080.963],[150485.8,483081.213],[150485.522,483081.462],[150485.244,483081.71],[150484.945,483081.975],[150484.647,483082.24],[150484.348,483082.504],[150484.048,483082.766],[150483.745,483083.026],[150483.441,483083.284],[150483.133,483083.537],[150482.822,483083.786],[150482.524,483084.02],[150482.225,483084.251],[150481.924,483084.481],[150481.621,483084.707],[150481.315,483084.929],[150481.005,483085.146],[150480.691,483085.357],[150480.373,483085.561],[150480.072,483085.746],[150479.769,483085.926],[150479.462,483086.102],[150479.153,483086.273],[150478.841,483086.438],[150478.525,483086.598],[150478.208,483086.751],[150477.866,483086.908],[150477.522,483087.059],[150477.175,483087.203],[150476.825,483087.341],[150476.473,483087.472],[150475.761,483087.714],[150473.771,483088.351],[150472.316,483088.78],[150471.961,483088.884],[150471.662,483088.981],[150471.369,483089.092],[150471.082,483089.218],[150471.003,483089.256],[150470.476,483089.513],[150469.892,483089.831],[150469.378,483090.163],[150469.125,483090.335],[150468.874,483090.511],[150468.619,483090.695],[150468.367,483090.883],[150468.118,483091.075],[150467.872,483091.27],[150467.629,483091.471],[150467.391,483091.675],[150467.185,483091.859],[150466.983,483092.047],[150466.783,483092.237],[150466.584,483092.429],[150466.334,483092.673],[150466.085,483092.919],[150465.838,483093.167],[150465.594,483093.418],[150465.354,483093.673],[150465.119,483093.932],[150464.889,483094.195],[150464.666,483094.463],[150464.449,483094.738],[150464.24,483095.015],[150464.036,483095.297],[150463.837,483095.582],[150463.645,483095.872],[150463.458,483096.166],[150463.279,483096.464],[150463.107,483096.766],[150462.943,483097.072],[150462.787,483097.383],[150462.638,483097.697],[150462.497,483098.014],[150462.363,483098.335],[150462.237,483098.66],[150462.118,483098.986],[150462.008,483099.316],[150460.951,483102.71],[150460.857,483103.273],[150460.829,483103.556],[150460.818,483103.809],[150460.819,483104.063],[150460.825,483104.316],[150460.828,483104.57],[150460.828,483104.868],[150460.828,483105.167],[150460.829,483105.466],[150460.83,483105.765],[150460.83,483106.064],[150460.829,483106.363],[150460.826,483106.661],[150460.82,483106.96],[150460.812,483107.259],[150460.801,483107.557],[150460.785,483107.871],[150460.767,483108.184],[150460.747,483108.498],[150460.724,483108.811],[150460.698,483109.124],[150460.671,483109.437],[150460.642,483109.75],[150460.612,483110.063],[150460.58,483110.375],[150460.547,483110.679],[150460.513,483110.982],[150460.477,483111.285],[150460.44,483111.588],[150460.4,483111.891],[150460.36,483112.193],[150460.317,483112.495],[150459.918,483114.971],[150459.596,483116.72],[150459.397,483117.588],[150459.174,483118.449],[150458.927,483119.303],[150458.69,483120.055],[150458.436,483120.803],[150458.162,483121.543],[150457.865,483122.274],[150457.542,483122.993],[150457.157,483123.763],[150456.743,483124.519],[150456.305,483125.261],[150455.85,483125.992],[150455.372,483126.712],[150454.869,483127.415],[150454.345,483128.104],[150453.806,483128.782],[150453.254,483129.45],[150452.695,483130.112],[150452.133,483130.77],[150451.615,483131.363],[150451.088,483131.948],[150450.556,483132.53],[150450.026,483133.113],[150449.472,483133.727],[150448.919,483134.341],[150448.365,483134.956],[150447.811,483135.569],[150447.255,483136.182],[150446.698,483136.792],[150446.138,483137.401],[150445.574,483138.006],[150445.007,483138.608],[150444.414,483139.23],[150443.818,483139.85],[150443.22,483140.467],[150442.619,483141.082],[150442.015,483141.694],[150441.408,483142.303],[150440.799,483142.91],[150440.187,483143.514],[150439.573,483144.115],[150438.956,483144.714],[150437.09,483146.404],[150435.494,483147.728],[150431.968,483150.428],[150430.573,483151.472],[150429.554,483152.16],[150429.039,483152.495],[150428.52,483152.825],[150427.997,483153.149],[150427.471,483153.467],[150426.941,483153.779],[150426.407,483154.084],[150425.871,483154.384],[150425.364,483154.66],[150424.854,483154.93],[150424.341,483155.195],[150423.825,483155.454],[150423.307,483155.708],[150422.786,483155.957],[150422.262,483156.2],[150419.137,483157.614],[150419.052,483157.654],[150418.854,483157.76],[150418.664,483157.879],[150418.484,483158.012],[150418.313,483158.157],[150418.153,483158.314],[150418.005,483158.482],[150417.869,483158.66],[150417.747,483158.847],[150417.638,483159.043],[150417.543,483159.246],[150417.462,483159.455],[150417.397,483159.669],[150417.348,483159.888],[150417.314,483160.109],[150417.296,483160.333],[150417.294,483160.557],[150417.308,483160.78],[150417.338,483161.002],[150417.384,483161.221],[150417.389,483161.244],[150420.299,483173.075],[150421.34,483177.31],[150417.656,483178.165],[150417.224,483178.28],[150416.211,483174.133],[150413.612,483163.677],[150413.296,483162.404],[150413.276,483162.326],[150413.254,483162.242],[150413.188,483162.034],[150413.106,483161.831],[150413.01,483161.635],[150412.9,483161.446],[150412.776,483161.266],[150412.639,483161.096],[150412.491,483160.936],[150412.331,483160.787],[150412.16,483160.651],[150411.98,483160.527],[150411.792,483160.417],[150411.596,483160.32],[150411.393,483160.239],[150411.185,483160.172],[150410.972,483160.121],[150410.757,483160.086],[150410.539,483160.066],[150410.321,483160.063],[150410.103,483160.075],[150405.104,483160.543],[150403.177,483160.69],[150402.21,483160.706],[150401.294,483160.69],[150400.379,483160.63],[150399.561,483160.519],[150398.75,483160.356],[150397.945,483160.154],[150397.148,483159.925],[150396.356,483159.681],[150395.433,483159.37],[150394.523,483159.024],[150393.621,483158.654],[150392.725,483158.271],[150391.843,483157.876],[150390.97,483157.46],[150390.107,483157.023],[150389.253,483156.569],[150388.406,483156.099],[150387.567,483155.615],[150386.735,483155.118],[150385.908,483154.611],[150385.086,483154.096],[150384.269,483153.574],[150383.456,483153.048],[150382.645,483152.519],[150381.912,483152.032],[150381.185,483151.536],[150380.463,483151.032],[150379.746,483150.522],[150379.033,483150.006],[150378.323,483149.485],[150377.615,483148.961],[150376.909,483148.434],[150376.205,483147.907],[150375.49,483147.368],[150374.778,483146.827],[150374.068,483146.281],[150373.361,483145.733],[150372.657,483145.18],[150371.955,483144.625],[150371.257,483144.066],[150370.561,483143.503],[150365.961,483139.792],[150360.947,483135.698],[150342.496,483120.036],[150337.899,483116.03],[150335.861,483114.203],[150335.222,483113.785],[150334.878,483113.613],[150334.522,483113.466],[150334.156,483113.346],[150333.784,483113.254],[150333.408,483113.192],[150333.02,483113.161],[150332.627,483113.162],[150332.232,483113.194],[150331.84,483113.256],[150331.453,483113.347],[150331.075,483113.465],[150330.708,483113.609],[150330.355,483113.777],[150330.036,483113.96],[150329.728,483114.165],[150329.434,483114.392],[150329.156,483114.639],[150328.895,483114.903],[150328.654,483115.184],[150328.434,483115.479],[150318.838,483129.169],[150315.657,483133.691],[150310.782,483140.641],[150307.155,483145.796],[150306.625,483146.76],[150306.426,483147.281],[150306.272,483147.818],[150306.166,483148.365],[150306.11,483148.915],[150306.105,483149.464],[150306.153,483149.996],[150306.252,483150.529],[150306.4,483151.056],[150306.594,483151.572],[150306.831,483152.071],[150307.108,483152.547],[150307.424,483152.994],[150307.774,483153.407],[150308.157,483153.781],[150308.525,483154.161],[150308.424,483154.313],[150294.964,483144.774],[150295.155,483144.544],[150296.143,483145.05],[150296.678,483145.233],[150297.231,483145.369],[150297.796,483145.456],[150298.364,483145.493],[150298.93,483145.479],[150299.485,483145.413],[150300.024,483145.294],[150300.584,483145.106],[150301.129,483144.859],[150301.651,483144.557],[150302.144,483144.207],[150302.599,483143.811],[150303.011,483143.377],[150303.371,483142.909],[150306.817,483138],[150311.567,483131.24],[150314.944,483126.485],[150325.109,483111.967],[150325.553,483111.259],[150325.74,483110.882],[150325.901,483110.493],[150326.036,483110.095],[150326.144,483109.69],[150326.223,483109.28],[150326.273,483108.87],[150326.295,483108.455],[150326.29,483108.038],[150326.257,483107.622],[150326.198,483107.21],[150326.111,483106.803],[150325.998,483106.406],[150325.861,483106.026],[150325.698,483105.653],[150325.511,483105.291],[150325.3,483104.94],[150325.067,483104.604],[150324.814,483104.284],[150324.542,483103.982],[150324.252,483103.701],[150312.314,483092.803],[150305.618,483086.664],[150303.609,483084.839],[150301.401,483082.743],[150298.561,483079.981],[150297.117,483078.539],[150296.502,483077.931],[150295.89,483077.321],[150295.279,483076.71],[150294.669,483076.097],[150294.062,483075.483],[150293.456,483074.867],[150292.852,483074.249],[150292.273,483073.654],[150291.697,483073.058],[150291.122,483072.46],[150290.548,483071.86],[150289.976,483071.26],[150289.405,483070.658],[150288.836,483070.054],[150288.305,483069.491],[150287.774,483068.927],[150287.244,483068.362],[150286.716,483067.796],[150286.19,483067.227],[150285.668,483066.656],[150285.149,483066.081],[150284.598,483065.462],[150284.05,483064.84],[150283.505,483064.216],[150282.964,483063.589],[150282.426,483062.958],[150281.892,483062.325],[150281.361,483061.688],[150280.834,483061.049],[150280.311,483060.406],[150279.792,483059.76],[150279.278,483059.11],[150278.767,483058.458],[150278.264,483057.81],[150277.76,483057.162],[150277.258,483056.512],[150276.761,483055.859],[150276.269,483055.201],[150275.785,483054.539],[150275.311,483053.869],[150274.849,483053.192],[150274.4,483052.506],[150273.928,483051.76],[150273.467,483051.008],[150273.02,483050.247],[150272.594,483049.475],[150272.285,483048.874],[150271.987,483048.268],[150271.694,483047.659],[150271.356,483046.943],[150271.026,483046.224],[150270.703,483045.502],[150270.394,483044.785],[150269.799,483043.341],[150269.051,483041.472],[150268.93,483041.251],[150268.787,483041.041],[150268.625,483040.842],[150268.445,483040.656],[150268.25,483040.487],[150268.043,483040.336],[150267.824,483040.204],[150267.597,483040.095],[150267.359,483040.008],[150267.111,483039.942],[150266.856,483039.899],[150266.597,483039.877],[150266.337,483039.878],[150266.08,483039.901],[150265.583,483040.015],[150264.095,483040.474],[150254.939,483043.296],[150245.844,483046.122],[150245.486,483044.947],[150244.515,483041.899],[150244.478,483041.806],[150247.032,483040.998],[150264.688,483035.561],[150264.935,483035.488],[150265.177,483035.389],[150265.412,483035.267],[150265.637,483035.123],[150265.849,483034.959],[150266.048,483034.777],[150266.228,483034.58],[150266.39,483034.37],[150266.529,483034.149],[150266.643,483033.918],[150266.726,483033.701],[150266.791,483033.476],[150266.837,483033.245],[150266.866,483033.012],[150266.864,483032.545],[150266.811,483031.348],[150266.782,483030.554],[150266.757,483029.761],[150266.737,483028.967],[150266.721,483028.173],[150266.709,483027.379],[150266.702,483026.585],[150266.694,483025.823],[150266.683,483025.06],[150266.675,483024.297],[150266.674,483023.534],[150266.685,483022.772],[150266.713,483022.01],[150266.763,483021.25],[150266.841,483020.412],[150266.937,483019.575],[150267.05,483018.74],[150267.182,483017.907],[150267.337,483017.079],[150267.517,483016.266],[150267.72,483015.459],[150267.934,483014.654],[150268.135,483013.928],[150268.346,483013.205],[150268.563,483012.484],[150268.781,483011.763],[150268.96,483011.166],[150269.141,483010.57],[150269.329,483009.975],[150269.597,483009.173],[150269.878,483008.375],[150270.178,483007.584],[150270.498,483006.809],[150270.838,483006.043],[150271.195,483005.284],[150271.564,483004.53],[150271.94,483003.781],[150272.291,483003.1],[150272.653,483002.425],[150273.024,483001.755],[150273.402,483001.089],[150273.786,483000.426],[150274.175,482999.766],[150274.566,482999.107],[150274.834,482998.664],[150275.1,482998.219],[150275.313,482997.844],[150275.525,482997.467],[150275.925,482996.774],[150276.332,482996.084],[150276.744,482995.398],[150277.162,482994.714],[150277.583,482994.033],[150278.006,482993.353],[150278.432,482992.675],[150278.858,482991.997],[150279.284,482991.319],[150279.724,482990.621],[150280.166,482989.924],[150280.611,482989.23],[150281.057,482988.536],[150281.506,482987.844],[150281.956,482987.153],[150282.408,482986.463],[150282.861,482985.773],[150283.316,482985.085],[150283.771,482984.397],[150284.227,482983.71],[150284.684,482983.023],[150285.141,482982.336],[150285.592,482981.659],[150286.044,482980.983],[150286.496,482980.307],[150286.95,482979.632],[150287.405,482978.958],[150287.86,482978.284],[150288.317,482977.611],[150288.774,482976.939],[150289.233,482976.267],[150289.693,482975.596],[150290.153,482974.926],[150290.615,482974.257],[150291.078,482973.588],[150291.543,482972.921],[150292.008,482972.254],[150292.475,482971.588],[150292.924,482970.95],[150293.373,482970.314],[150293.824,482969.678],[150294.276,482969.043],[150294.727,482968.408],[150295.196,482967.749],[150295.664,482967.089],[150296.132,482966.429],[150296.601,482965.771],[150297.072,482965.113],[150297.546,482964.457],[150298.022,482963.804],[150298.503,482963.153],[150298.977,482962.518],[150299.455,482961.885],[150299.935,482961.254],[150300.417,482960.624],[150300.901,482959.996],[150301.358,482959.403],[150301.817,482958.812],[150302.277,482958.222],[150302.739,482957.633],[150303.202,482957.046],[150303.706,482956.412],[150304.211,482955.779],[150304.718,482955.148],[150305.228,482954.519],[150306.252,482953.265],[150306.895,482952.479],[150307.386,482951.894],[150307.879,482951.31],[150308.373,482950.727],[150308.87,482950.146],[150309.369,482949.567],[150309.87,482948.989],[150310.372,482948.414],[150310.877,482947.839],[150311.383,482947.267],[150311.891,482946.696],[150312.402,482946.127],[150312.914,482945.559],[150313.428,482944.994],[150313.944,482944.43],[150314.461,482943.867],[150314.981,482943.307],[150315.502,482942.748],[150316.026,482942.191],[150316.575,482941.605],[150317.124,482941.017],[150317.671,482940.428],[150318.22,482939.839],[150318.77,482939.253],[150319.324,482938.67],[150319.882,482938.091],[150320.446,482937.519],[150321.017,482936.954],[150321.596,482936.397],[150322.185,482935.851],[150322.784,482935.316],[150323.365,482934.813],[150323.953,482934.317],[150324.546,482933.828],[150325.145,482933.345],[150325.749,482932.869],[150326.36,482932.401],[150326.976,482931.94],[150327.598,482931.487],[150328.226,482931.043],[150328.859,482930.606],[150329.498,482930.178],[150330.142,482929.759],[150330.792,482929.35],[150331.389,482928.982],[150331.989,482928.62],[150332.593,482928.264],[150333.202,482927.918],[150333.818,482927.583],[150334.44,482927.261],[150335.087,482926.936],[150335.737,482926.616],[150336.395,482926.311],[150337.062,482926.032],[150337.742,482925.787],[150338.502,482925.561],[150339.274,482925.372],[150340.052,482925.215],[150340.836,482925.087],[150341.339,482925.02],[150341.883,482924.948],[150342.306,482924.877],[150342.722,482924.778],[150343.221,482924.588],[150343.699,482924.35],[150344.679,482923.721],[150346.414,482922.382],[150347.738,482921.376],[150347.935,482921.214],[150348.13,482921.049],[150348.321,482920.879],[150348.508,482920.706],[150348.693,482920.53],[150348.874,482920.349],[150349.051,482920.166],[150349.225,482919.979],[150349.379,482919.806],[150349.529,482919.631],[150349.677,482919.453],[150349.822,482919.273],[150349.964,482919.09],[150350.103,482918.905],[150350.258,482918.693],[150350.41,482918.477],[150350.559,482918.259],[150350.703,482918.038],[150350.842,482917.814],[150350.976,482917.588],[150351.104,482917.358],[150351.227,482917.126],[150351.345,482916.891],[150351.46,482916.654],[150351.574,482916.418],[150351.68,482916.194],[150351.784,482915.97],[150351.886,482915.744],[150351.986,482915.518],[150352.084,482915.291],[150352.181,482915.063],[150352.275,482914.835],[150352.364,482914.616],[150352.45,482914.397],[150352.535,482914.177],[150352.618,482913.957],[150352.779,482913.514],[150354.848,482907.584],[150355.016,482907.048],[150355.192,482906.514],[150355.376,482905.983],[150355.568,482905.455],[150355.769,482904.93],[150355.978,482904.408],[150356.195,482903.89],[150356.42,482903.375],[150356.654,482902.865],[150356.892,482902.361],[150357.138,482901.861],[150357.391,482901.365],[150357.652,482900.872],[150357.92,482900.383],[150358.198,482899.9],[150358.483,482899.421],[150358.778,482898.949],[150359.082,482898.482],[150359.37,482898.059],[150359.665,482897.641],[150359.968,482897.228],[150360.277,482896.819],[150360.591,482896.415],[150360.91,482896.014],[150361.272,482895.573],[150361.642,482895.138],[150362.017,482894.708],[150362.397,482894.281],[150362.777,482893.856],[150363.111,482893.486],[150363.447,482893.118],[150363.785,482892.753],[150364.124,482892.389],[150364.465,482892.025],[150364.806,482891.663],[150365.207,482891.239],[150365.608,482890.817],[150366.012,482890.396],[150366.416,482889.977],[150366.822,482889.559],[150367.23,482889.143],[150367.604,482888.762],[150367.977,482888.381],[150368.352,482888.001],[150368.729,482887.624],[150369.11,482887.252],[150369.497,482886.885],[150369.898,482886.513],[150370.302,482886.145],[150370.712,482885.783],[150371.131,482885.431],[150371.572,482885.081],[150372.022,482884.743],[150372.479,482884.413],[150372.94,482884.09],[150373.404,482883.77],[150373.798,482883.505],[150374.195,482883.246],[150374.594,482882.989],[150374.995,482882.735],[150375.396,482882.482],[150375.806,482882.224],[150376.216,482881.968],[150376.628,482881.714],[150377.455,482881.211],[150379.136,482880.205],[150382.111,482878.532],[150382.775,482878.118],[150382.97,482878.008],[150383.159,482877.885],[150383.34,482877.75],[150383.513,482877.603],[150383.677,482877.445],[150383.829,482877.278],[150383.971,482877.102],[150384.099,482876.919],[150384.23,482876.701],[150384.345,482876.473],[150384.443,482876.235],[150384.525,482875.991],[150384.589,482875.741],[150384.635,482875.488],[150384.672,482874.981],[150384.665,482872.654],[150384.662,482872.369],[150384.663,482872.084],[150384.667,482871.8],[150384.674,482871.515],[150384.684,482871.231],[150384.698,482870.946],[150384.713,482870.658],[150384.729,482870.369],[150384.747,482870.08],[150384.77,482869.792],[150384.8,482869.504],[150384.837,482869.218],[150384.885,482868.933],[150384.948,482868.629],[150385.019,482868.326],[150385.099,482868.024],[150385.188,482867.726],[150385.285,482867.43],[150385.39,482867.137],[150385.504,482866.847],[150385.614,482866.586],[150385.732,482866.327],[150385.857,482866.072],[150385.988,482865.819],[150386.125,482865.57],[150386.42,482865.085],[150386.725,482864.622],[150387.515,482863.466],[150390.97,482858.581],[150391.765,482857.441],[150399.279,482846.71],[150403.191,482841.137],[150406.21,482836.844],[150406.47,482836.472],[150409.177,482833.484],[150414.053,482826.593],[150416.261,482828.187],[150411.412,482835.043],[150409.434,482839.692],[150403.211,482848.577],[150396.923,482857.598],[150390.706,482866.473],[150390.519,482866.734],[150390.34,482867.002],[150390.172,482867.277],[150390.014,482867.558],[150389.866,482867.845],[150389.73,482868.136],[150389.604,482868.433],[150389.49,482868.731],[150389.388,482869.034],[150389.296,482869.341],[150389.216,482869.652],[150389.147,482869.965],[150389.09,482870.28],[150389.045,482870.596],[150389.011,482870.882],[150388.982,482871.17],[150388.965,482871.458],[150388.965,482871.746],[150388.989,482872.032],[150389.031,482872.303],[150389.09,482872.573],[150389.166,482872.839],[150389.26,482873.099],[150389.373,482873.351],[150389.505,482873.591],[150389.678,482873.852],[150389.874,482874.098],[150390.09,482874.327],[150390.324,482874.536],[150390.575,482874.722],[150390.839,482874.883],[150391.118,482875.021],[150391.411,482875.135],[150391.712,482875.224],[150392.019,482875.288],[150392.638,482875.333],[150395.702,482875.243],[150396.873,482875.239],[150398.044,482875.268],[150399.216,482875.329],[150400.385,482875.423],[150401.553,482875.549],[150402.716,482875.707],[150403.873,482875.897],[150405.024,482876.119],[150406.166,482876.373],[150407.33,482876.669],[150408.483,482877.003],[150409.628,482877.371],[150410.762,482877.769],[150411.888,482878.195],[150413.003,482878.644],[150414.109,482879.112],[150415.184,482879.597],[150416.246,482880.11],[150417.297,482880.646],[150418.339,482881.201],[150419.374,482881.768],[150420.404,482882.343],[150421.293,482882.851],[150422.174,482883.372],[150423.05,482883.902],[150423.922,482884.439],[150424.791,482884.981],[150425.658,482885.524],[150426.512,482886.064],[150427.362,482886.61],[150428.21,482887.159],[150429.056,482887.711],[150429.903,482888.262],[150430.813,482888.853],[150431.723,482889.444],[150432.631,482890.037],[150433.537,482890.633],[150434.439,482891.236],[150435.298,482891.818],[150436.154,482892.404],[150437.007,482892.994],[150437.857,482893.588],[150438.706,482894.185],[150439.57,482894.798],[150440.432,482895.414],[150441.291,482896.034],[150442.148,482896.657],[150443.855,482897.914],[150455.978,482907.023],[150460.758,482910.64],[150479.913,482924.993],[150480.579,482925.495],[150481.247,482925.994],[150481.917,482926.492],[150482.588,482926.987],[150483.261,482927.48],[150483.884,482927.932],[150484.509,482928.382],[150485.135,482928.83],[150485.761,482929.278],[150486.387,482929.726],[150487.019,482930.18],[150487.65,482930.635],[150488.282,482931.09],[150488.914,482931.544],[150489.547,482931.997],[150490.182,482932.448],[150490.827,482932.902],[150491.473,482933.356],[150492.119,482933.808],[150492.767,482934.258],[150493.417,482934.706],[150494.068,482935.152],[150494.792,482935.646],[150495.519,482936.138],[150496.246,482936.627],[150496.976,482937.114],[150497.707,482937.598],[150498.441,482938.078],[150499.177,482938.555],[150499.84,482938.979],[150500.505,482939.399],[150501.172,482939.817],[150501.84,482940.233],[150502.509,482940.646],[150503.179,482941.058],[150503.85,482941.47],[150504.56,482941.903],[150505.272,482942.335],[150505.986,482942.764],[150506.7,482943.192],[150507.414,482943.619],[150508.13,482944.045],[150508.845,482944.47],[150509.534,482944.879],[150510.223,482945.286],[150510.913,482945.692],[150511.604,482946.097],[150512.295,482946.502],[150512.986,482946.906],[150513.677,482947.31],[150514.369,482947.713],[150515.061,482948.116],[150515.803,482948.546],[150516.546,482948.973],[150517.29,482949.399],[150518.033,482949.825],[150518.775,482950.254],[150519.515,482950.687],[150520.252,482951.125],[150520.99,482951.571],[150521.727,482952.021],[150522.462,482952.473],[150523.195,482952.929],[150523.925,482953.389],[150524.653,482953.853],[150525.378,482954.321],[150526.106,482954.79],[150526.833,482955.26],[150527.554,482955.739],[150528.261,482956.238],[150528.93,482956.737],[150529.587,482957.25],[150530.234,482957.776],[150530.741,482958.206],[150531.733,482959.089],[150533.408,482960.684],[150534.173,482961.439],[150534.562,482961.799],[150534.943,482962.169],[150535.316,482962.546],[150535.681,482962.932],[150536.037,482963.326],[150536.384,482963.728],[150536.722,482964.136],[150537.074,482964.587],[150537.412,482965.048],[150537.739,482965.518],[150538.057,482965.994],[150538.366,482966.476],[150538.67,482966.961],[150538.971,482967.449],[150539.261,482967.929],[150539.545,482968.413],[150539.823,482968.9],[150540.095,482969.392],[150540.361,482969.887],[150540.62,482970.385],[150541.118,482971.39],[150542.63,482974.384],[150542.79,482974.656],[150542.971,482974.917],[150543.172,482975.162],[150543.392,482975.391],[150543.627,482975.601],[150543.919,482975.818],[150544.233,482976.007],[150544.563,482976.169],[150544.907,482976.301],[150545.259,482976.405],[150545.616,482976.478],[150545.998,482976.514],[150546.384,482976.51],[150546.77,482976.483],[150547.155,482976.45],[150547.52,482976.415],[150547.883,482976.368],[150548.246,482976.311],[150548.607,482976.243],[150548.966,482976.165],[150549.323,482976.077],[150549.677,482975.979],[150550.028,482975.871],[150550.376,482975.755],[150550.72,482975.63],[150551.084,482975.49],[150551.445,482975.341],[150551.802,482975.182],[150552.153,482975.011],[150552.495,482974.825],[150552.826,482974.621],[150553.1,482974.432],[150553.365,482974.231],[150553.623,482974.021],[150553.876,482973.804],[150554.125,482973.584],[150554.403,482973.328],[150554.675,482973.065],[150554.941,482972.796],[150555.2,482972.52],[150555.451,482972.237],[150555.932,482971.654],[150557.707,482969.354],[150560.394,482965.829],[150564.321,482960.646],[150568.279,482955.315],[150571.656,482957.894],[150560.703,482972.533],[150560.511,482972.792],[150560.316,482973.049],[150560.119,482973.305],[150559.919,482973.559],[150559.717,482973.81],[150559.513,482974.06],[150559.306,482974.308],[150559.097,482974.554],[150558.905,482974.776],[150558.712,482974.996],[150558.516,482975.215],[150558.318,482975.431],[150558.118,482975.646],[150557.925,482975.848],[150557.729,482976.048],[150557.532,482976.247],[150557.332,482976.442],[150557.129,482976.635],[150556.912,482976.836],[150556.694,482977.035],[150556.473,482977.232],[150556.249,482977.426],[150556.021,482977.615],[150555.789,482977.798],[150555.552,482977.974],[150555.31,482978.142],[150555.03,482978.321],[150554.745,482978.489],[150554.454,482978.648],[150554.159,482978.801],[150553.861,482978.947],[150553.561,482979.09],[150553.26,482979.231],[150552.985,482979.355],[150552.707,482979.474],[150552.427,482979.588],[150552.146,482979.698],[150551.863,482979.806],[150551.58,482979.911],[150551.296,482980.015],[150551.012,482980.119],[150550.728,482980.224],[150550.416,482980.339],[150550.103,482980.453],[150549.79,482980.565],[150549.476,482980.676],[150549.161,482980.785],[150548.846,482980.891],[150548.602,482980.965],[150548.356,482981.035],[150548.113,482981.111],[150547.875,482981.202],[150547.607,482981.325],[150547.344,482981.461],[150547.091,482981.613],[150546.853,482981.786],[150546.634,482981.98],[150546.43,482982.207],[150546.248,482982.455],[150546.089,482982.719],[150545.952,482982.995],[150545.837,482983.278],[150545.746,482983.572],[150545.681,482983.873],[150545.638,482984.18],[150545.616,482984.489],[150545.611,482984.798],[150545.624,482985.124],[150545.657,482985.449],[150545.788,482986.089],[150545.963,482987.383],[150546.046,482988.005],[150546.126,482988.627],[150546.204,482989.249],[150546.279,482989.872],[150546.342,482990.397],[150546.402,482990.922],[150546.456,482991.448],[150546.515,482992.103],[150546.567,482992.76],[150546.607,482993.417],[150546.627,482994.074],[150546.622,482994.731],[150546.591,482995.396],[150546.539,482996.059],[150546.463,482996.72],[150546.389,482997.198],[150546.303,482997.673],[150546.214,482998.149],[150546.092,482998.784],[150545.965,482999.418],[150545.834,483000.051],[150545.703,483000.684],[150545.58,483001.279],[150545.457,483001.874],[150545.332,483002.469],[150545.207,483003.064],[150545.08,483003.658],[150544.952,483004.252],[150544.821,483004.846],[150544.689,483005.439],[150544.553,483006.031],[150544.415,483006.623],[150544.272,483007.229],[150544.128,483007.834],[150543.982,483008.439],[150543.833,483009.044],[150543.68,483009.647],[150543.523,483010.249],[150543.361,483010.85],[150543.191,483011.478],[150543.018,483012.105],[150542.836,483012.729],[150542.637,483013.348],[150542.422,483013.95],[150542.193,483014.547],[150541.953,483015.14]],[[150281.193,483053.709],[150281.971,483054.749],[150282.765,483055.777],[150283.572,483056.795],[150284.387,483057.806],[150285.201,483058.798],[150286.024,483059.782],[150286.855,483060.758],[150287.694,483061.729],[150288.484,483062.628],[150289.282,483063.519],[150290.087,483064.405],[150290.897,483065.287],[150291.71,483066.165],[150292.526,483067.04],[150293.363,483067.934],[150294.204,483068.825],[150295.048,483069.712],[150295.896,483070.595],[150296.748,483071.474],[150297.604,483072.35],[150298.465,483073.221],[150299.33,483074.088],[150300.232,483074.982],[150301.139,483075.873],[150302.049,483076.759],[150302.965,483077.64],[150304.808,483079.389],[150305.001,483079.551],[150310.896,483085.032],[150317.859,483091.409],[150326.947,483099.695],[150327.23,483099.922],[150327.532,483100.128],[150327.849,483100.313],[150328.178,483100.474],[150328.518,483100.61],[150328.864,483100.72],[150329.28,483100.812],[150329.706,483100.865],[150330.139,483100.88],[150330.574,483100.858],[150331.006,483100.802],[150331.432,483100.713],[150331.847,483100.592],[150332.247,483100.442],[150332.596,483100.279],[150332.935,483100.09],[150333.261,483099.876],[150333.573,483099.639],[150333.867,483099.381],[150334.143,483099.105],[150334.626,483098.502],[150345.2,483083.495],[150352.632,483072.921],[150355.983,483068.165],[150364.899,483055.365],[150369.269,483049.004],[150373.458,483042.868],[150380.022,483033.193],[150381.525,483031.002],[150382.244,483029.884],[150382.941,483028.752],[150383.616,483027.608],[150384.258,483026.484],[150384.887,483025.352],[150385.494,483024.208],[150386.071,483023.049],[150386.608,483021.873],[150387.097,483020.677],[150387.549,483019.429],[150387.955,483018.164],[150388.318,483016.885],[150388.639,483015.594],[150388.919,483014.293],[150389.158,483012.985],[150389.359,483011.673],[150389.513,483010.403],[150389.627,483009.128],[150389.707,483007.851],[150389.757,483006.572],[150389.78,483005.197],[150389.769,483003.819],[150389.722,483002.442],[150389.638,483001.067],[150389.517,482999.695],[150389.356,482998.327],[150389.156,482996.967],[150388.913,482995.632],[150388.627,482994.305],[150388.304,482992.986],[150387.951,482991.674],[150387.573,482990.369],[150387.178,482989.07],[150386.779,482987.821],[150386.358,482986.579],[150385.914,482985.344],[150385.448,482984.117],[150384.961,482982.898],[150384.452,482981.688],[150383.922,482980.487],[150383.372,482979.297],[150382.8,482978.117],[150382.068,482976.555],[150381.648,482975.656],[150381.223,482974.759],[150380.793,482973.864],[150380.359,482972.972],[150379.919,482972.082],[150379.475,482971.194],[150379.026,482970.309],[150378.573,482969.426],[150378.115,482968.546],[150377.701,482967.761],[150377.282,482966.979],[150376.86,482966.198],[150376.435,482965.42],[150376.006,482964.643],[150375.575,482963.867],[150375.141,482963.093],[150374.634,482962.197],[150374.123,482961.303],[150373.607,482960.412],[150373.088,482959.523],[150372.565,482958.636],[150372.038,482957.751],[150371.508,482956.868],[150370.975,482955.986],[150370.44,482955.107],[150369.902,482954.229],[150369.362,482953.352],[150368.861,482952.543],[150368.358,482951.735],[150367.854,482950.929],[150367.348,482950.123],[150366.838,482949.319],[150366.326,482948.517],[150365.811,482947.717],[150365.293,482946.92],[150364.771,482946.125],[150364.244,482945.332],[150363.714,482944.542],[150363.244,482943.849],[150362.771,482943.156],[150362.295,482942.467],[150361.815,482941.78],[150361.351,482941.124],[150360.885,482940.47],[150360.412,482939.82],[150359.93,482939.177],[150359.416,482938.505],[150358.896,482937.837],[150358.36,482937.182],[150357.8,482936.549],[150357.081,482935.81],[150356.333,482935.1],[150355.651,482934.497],[150354.947,482933.918],[150354.224,482933.365],[150353.48,482932.84],[150352.663,482932.299],[150351.828,482931.777],[150350.974,482931.289],[150350.097,482930.85],[150349.195,482930.474],[150348.268,482930.176],[150347.435,482929.985],[150346.592,482929.843],[150345.744,482929.735],[150344.793,482929.64],[150343.838,482929.586],[150342.883,482929.591],[150341.903,482929.661],[150340.928,482929.794],[150339.968,482929.999],[150339.165,482930.249],[150338.384,482930.563],[150337.619,482930.923],[150336.865,482931.309],[150336.117,482931.702],[150335.293,482932.155],[150334.485,482932.638],[150333.691,482933.144],[150332.908,482933.668],[150332.132,482934.203],[150331.36,482934.742],[150330.531,482935.331],[150329.709,482935.932],[150328.897,482936.545],[150328.094,482937.171],[150327.303,482937.811],[150326.523,482938.465],[150325.75,482939.142],[150324.992,482939.837],[150324.247,482940.546],[150323.512,482941.266],[150322.785,482941.994],[150322.063,482942.727],[150321.344,482943.462],[150320.721,482944.106],[150320.104,482944.756],[150319.492,482945.41],[150318.885,482946.069],[150318.28,482946.73],[150317.677,482947.393],[150317.075,482948.056],[150316.388,482948.816],[150315.705,482949.579],[150315.024,482950.344],[150314.347,482951.112],[150313.672,482951.883],[150312.332,482953.433],[150311.826,482954.019],[150310.945,482955.07],[150310.07,482956.126],[150309.201,482957.187],[150308.338,482958.253],[150307.48,482959.323],[150306.629,482960.398],[150305.783,482961.477],[150304.943,482962.561],[150303.992,482963.805],[150303.048,482965.054],[150302.112,482966.31],[150301.184,482967.571],[150300.264,482968.839],[150299.351,482970.112],[150297.551,482972.674],[150294.148,482977.461],[150290.602,482982.654],[150284.801,482991.583],[150280.782,482997.977],[150280.475,482998.456],[150280.172,482998.936],[150279.871,482999.419],[150279.574,482999.904],[150279.28,483000.391],[150278.99,483000.88],[150278.703,483001.371],[150278.419,483001.864],[150278.127,483002.378],[150277.839,483002.894],[150277.554,483003.412],[150277.273,483003.932],[150276.996,483004.455],[150276.724,483004.98],[150276.457,483005.507],[150276.188,483006.052],[150275.922,483006.6],[150275.662,483007.15],[150275.407,483007.703],[150275.158,483008.258],[150274.915,483008.816],[150274.686,483009.358],[150274.462,483009.902],[150274.243,483010.449],[150274.03,483010.997],[150273.62,483012.101],[150273.444,483012.624],[150273.112,483013.712],[150272.807,483014.809],[150272.531,483015.914],[150272.282,483017.025],[150272.063,483018.142],[150271.872,483019.264],[150271.707,483020.42],[150271.572,483021.58],[150271.468,483022.745],[150271.394,483023.913],[150271.351,483025.082],[150271.339,483026.251],[150271.357,483027.42],[150271.405,483028.587],[150271.479,483029.708],[150271.579,483030.827],[150271.707,483031.944],[150271.865,483033.058],[150272.054,483034.165],[150272.276,483035.266],[150272.567,483036.499],[150272.901,483037.722],[150273.274,483038.934],[150273.684,483040.135],[150274.129,483041.324],[150274.604,483042.5],[150275.108,483043.663],[150275.649,483044.826],[150276.223,483045.974],[150276.827,483047.106],[150277.46,483048.222],[150278.033,483049.168],[150278.633,483050.097],[150279.254,483051.013],[150279.891,483051.919],[150280.539,483052.817],[150281.193,483053.709]],[[150404.771,483002.146],[150404.442,483001.84],[150404.113,483001.533],[150403.785,483001.225],[150403.458,483000.917],[150403.131,483000.607],[150402.772,483000.266],[150402.412,482999.924],[150402.054,482999.581],[150401.697,482999.236],[150401.341,482998.891],[150400.987,482998.543],[150400.644,482998.203],[150400.303,482997.861],[150399.963,482997.518],[150399.624,482997.173],[150399.287,482996.827],[150398.951,482996.479],[150398.616,482996.13],[150398.283,482995.78],[150397.952,482995.428],[150397.622,482995.075],[150397.294,482994.721],[150396.967,482994.365],[150396.641,482994.008],[150395.995,482993.29],[150395.331,482992.564],[150394.998,482992.175],[150394.918,482992.094],[150394.827,482992.024],[150394.727,482991.968],[150394.62,482991.926],[150394.509,482991.9],[150394.395,482991.889],[150394.281,482991.894],[150394.168,482991.916],[150394.059,482991.952],[150393.957,482992.004],[150393.863,482992.069],[150393.779,482992.146],[150393.706,482992.235],[150393.647,482992.332],[150393.601,482992.438],[150393.571,482992.548],[150393.556,482992.662],[150393.558,482992.776],[150393.56,482992.798],[150393.565,482992.849],[150394.11,482997.843],[150394.213,482998.718],[150394.304,482999.596],[150394.381,483000.475],[150394.445,483001.355],[150394.495,483002.236],[150394.533,483003.117],[150394.558,483003.999],[150394.569,483004.881],[150394.567,483005.763],[150394.551,483006.733],[150394.523,483007.704],[150394.479,483008.674],[150394.418,483009.643],[150394.338,483010.61],[150394.235,483011.574],[150394.109,483012.536],[150393.983,483013.354],[150393.842,483014.17],[150393.685,483014.983],[150393.514,483015.794],[150393.126,483017.403],[150392.488,483019.666],[150392.471,483019.727],[150392.447,483019.842],[150392.439,483019.96],[150392.446,483020.078],[150392.47,483020.194],[150392.508,483020.305],[150392.562,483020.411],[150392.629,483020.508],[150392.709,483020.595],[150392.8,483020.671],[150392.9,483020.733],[150393.007,483020.782],[150393.121,483020.815],[150393.237,483020.833],[150393.355,483020.835],[150393.473,483020.822],[150393.587,483020.792],[150393.696,483020.747],[150393.792,483020.693],[150396.341,483019.014],[150397.097,483018.447],[150397.879,483017.914],[150398.686,483017.416],[150399.515,483016.953],[150400.363,483016.529],[150401.228,483016.143],[150402.107,483015.798],[150402.963,483015.508],[150403.832,483015.257],[150404.714,483015.044],[150405.604,483014.867],[150406.5,483014.725],[150407.4,483014.617],[150408.302,483014.54],[150409.198,483014.496],[150410.097,483014.486],[150410.996,483014.509],[150411.895,483014.566],[150412.79,483014.657],[150414.564,483014.937],[150416.135,483015.279],[150416.236,483015.301],[150416.338,483015.315],[150416.44,483015.313],[150416.541,483015.295],[150416.638,483015.262],[150416.728,483015.213],[150416.81,483015.152],[150416.881,483015.078],[150416.94,483014.995],[150416.986,483014.903],[150417.001,483014.859],[150417.219,483014.178],[150417.243,483014.078],[150417.251,483013.976],[150417.242,483013.874],[150417.218,483013.775],[150417.179,483013.681],[150417.125,483013.594],[150417.059,483013.516],[150417.048,483013.505],[150416.896,483013.361],[150415.756,483012.274],[150415.396,483011.924],[150415.036,483011.574],[150414.674,483011.226],[150414.311,483010.878],[150413.948,483010.532],[150413.583,483010.187],[150413.236,483009.862],[150412.888,483009.538],[150412.538,483009.216],[150412.189,483008.894],[150411.838,483008.572],[150411.487,483008.251],[150411.137,483007.93],[150410.763,483007.588],[150410.389,483007.246],[150410.015,483006.905],[150409.64,483006.564],[150409.266,483006.224],[150408.891,483005.883],[150408.516,483005.543],[150408.152,483005.214],[150407.789,483004.885],[150407.425,483004.557],[150407.061,483004.228],[150406.698,483003.9],[150406.335,483003.57],[150405.943,483003.215],[150405.551,483002.86],[150405.161,483002.503],[150404.771,483002.146]],[[150486.443,482935.644],[150485.576,482935.029],[150484.712,482934.412],[150483.85,482933.791],[150482.989,482933.169],[150482.131,482932.543],[150480.42,482931.284],[150462.604,482917.976],[150458.798,482915.105],[150441.888,482902.389],[150439.182,482900.402],[150438.404,482899.82],[150437.622,482899.243],[150436.836,482898.672],[150436.046,482898.107],[150435.377,482897.636],[150434.705,482897.171],[150434.032,482896.708],[150433.357,482896.246],[150432.553,482895.698],[150431.748,482895.151],[150430.942,482894.607],[150430.133,482894.066],[150429.323,482893.527],[150428.511,482892.991],[150427.697,482892.458],[150426.881,482891.928],[150426.063,482891.402],[150425.242,482890.88],[150424.419,482890.361],[150423.593,482889.842],[150422.766,482889.323],[150421.938,482888.807],[150421.108,482888.293],[150420.275,482887.785],[150419.438,482887.283],[150418.597,482886.789],[150417.75,482886.305],[150416.896,482885.832],[150416.113,482885.405],[150415.327,482884.981],[150414.537,482884.566],[150413.739,482884.166],[150412.932,482883.785],[150412.069,482883.404],[150411.196,482883.042],[150410.317,482882.698],[150409.43,482882.374],[150408.537,482882.068],[150407.585,482881.764],[150406.627,482881.478],[150405.662,482881.214],[150404.691,482880.972],[150403.715,482880.757],[150402.734,482880.568],[150401.748,482880.41],[150400.723,482880.277],[150399.693,482880.173],[150398.661,482880.098],[150397.628,482880.053],[150396.594,482880.036],[150395.581,482880.04],[150394.567,482880.065],[150393.554,482880.118],[150392.544,482880.205],[150391.54,482880.336],[150390.546,482880.516],[150389.652,482880.725],[150388.766,482880.972],[150387.89,482881.251],[150387.024,482881.559],[150386.166,482881.889],[150385.21,482882.291],[150384.266,482882.726],[150383.339,482883.193],[150381.535,482884.221],[150381.213,482884.414],[150380.397,482884.867],[150379.825,482885.208],[150379.256,482885.556],[150378.692,482885.91],[150378.132,482886.272],[150377.577,482886.64],[150377.099,482886.963],[150376.625,482887.29],[150376.154,482887.623],[150375.689,482887.962],[150375.229,482888.309],[150374.777,482888.666],[150374.33,482889.03],[150373.889,482889.401],[150373.453,482889.778],[150373.022,482890.16],[150372.533,482890.607],[150372.051,482891.061],[150371.575,482891.521],[150371.102,482891.984],[150370.761,482892.321],[150370.422,482892.66],[150370.085,482893],[150369.659,482893.43],[150369.236,482893.86],[150368.814,482894.293],[150368.394,482894.728],[150367.977,482895.165],[150367.537,482895.629],[150367.097,482896.094],[150366.659,482896.561],[150366.228,482897.033],[150365.804,482897.512],[150365.39,482897.999],[150364.975,482898.509],[150364.568,482899.026],[150364.17,482899.549],[150363.766,482900.094],[150363.373,482900.647],[150363.003,482901.194],[150362.644,482901.749],[150362.298,482902.312],[150361.966,482902.883],[150361.65,482903.462],[150361.381,482903.991],[150361.128,482904.527],[150360.888,482905.069],[150360.658,482905.617],[150360.436,482906.168],[150360.221,482906.721],[150360.009,482907.275],[150359.789,482907.867],[150359.578,482908.462],[150359.374,482909.06],[150359.177,482909.66],[150358.984,482910.261],[150358.775,482910.908],[150358.563,482911.555],[150358.356,482912.204],[150358.16,482912.856],[150357.983,482913.512],[150357.833,482914.173],[150357.717,482914.842],[150357.64,482915.453],[150357.587,482916.067],[150357.555,482916.684],[150357.543,482917.302],[150357.55,482917.92],[150357.575,482918.538],[150357.616,482919.156],[150357.673,482919.771],[150357.744,482920.383],[150357.826,482920.957],[150357.923,482921.529],[150358.035,482922.099],[150358.16,482922.666],[150358.297,482923.23],[150358.446,482923.791],[150358.637,482924.442],[150358.851,482925.086],[150359.082,482925.725],[150359.33,482926.358],[150359.588,482926.987],[150359.856,482927.613],[150360.128,482928.236],[150360.402,482928.858],[150360.67,482929.454],[150360.947,482930.047],[150361.232,482930.635],[150361.524,482931.22],[150361.822,482931.803],[150362.125,482932.383],[150362.432,482932.961],[150362.742,482933.536],[150363.055,482934.111],[150363.37,482934.684],[150363.684,482935.251],[150364.001,482935.815],[150364.322,482936.378],[150364.647,482936.938],[150364.975,482937.497],[150365.306,482938.053],[150365.641,482938.607],[150366.322,482939.71],[150370.413,482946.077],[150374.104,482951.934],[150382.076,482964.616],[150386.156,482971.004],[150388.127,482974.029],[150389.101,482975.525],[150389.591,482976.271],[150390.084,482977.016],[150390.579,482977.759],[150391.077,482978.5],[150391.576,482979.24],[150392.105,482980.023],[150392.633,482980.807],[150393.163,482981.591],[150393.696,482982.372],[150394.233,482983.149],[150394.778,482983.921],[150395.333,482984.686],[150395.898,482985.443],[150396.527,482986.262],[150397.164,482987.074],[150397.809,482987.88],[150398.465,482988.677],[150399.13,482989.467],[150399.805,482990.247],[150400.492,482991.018],[150401.154,482991.742],[150401.826,482992.458],[150402.507,482993.166],[150403.196,482993.865],[150403.894,482994.555],[150405.962,482996.557],[150409.271,482999.631],[150411.931,483002.068],[150415.557,483005.331],[150416.404,483006.112],[150416.826,483006.504],[150417.247,483006.897],[150417.667,483007.29],[150418.086,483007.684],[150418.505,483008.079],[150418.942,483008.491],[150419.376,483008.907],[150419.772,483009.299],[150420.162,483009.697],[150420.547,483010.1],[150420.929,483010.506],[150421.309,483010.914],[150421.7,483011.342],[150422.087,483011.773],[150422.47,483012.207],[150422.85,483012.645],[150423.227,483013.085],[150423.602,483013.527],[150423.975,483013.971],[150424.347,483014.416],[150424.747,483014.897],[150425.146,483015.38],[150425.542,483015.864],[150425.936,483016.35],[150426.328,483016.839],[150426.716,483017.33],[150427.1,483017.824],[150427.48,483018.321],[150427.856,483018.822],[150428.226,483019.326],[150428.577,483019.81],[150428.925,483020.296],[150429.269,483020.784],[150429.608,483021.276],[150429.941,483021.773],[150430.266,483022.274],[150430.581,483022.777],[150430.889,483023.285],[150431.191,483023.797],[150431.486,483024.312],[150431.774,483024.831],[150432.055,483025.354],[150433.488,483028.007],[150434.787,483030.428],[150435.425,483031.645],[150436.054,483032.866],[150436.675,483034.092],[150437.361,483035.471],[150438.037,483036.855],[150438.702,483038.245],[150439.356,483039.64],[150440,483041.04],[150440.633,483042.444],[150441.255,483043.853],[150441.868,483045.266],[150442.481,483046.718],[150443.083,483048.175],[150443.673,483049.636],[150444.256,483051.1],[150444.833,483052.567],[150445.396,483054.013],[150445.952,483055.463],[150446.501,483056.915],[150447.042,483058.37],[150447.577,483059.827],[150448.105,483061.287],[150448.625,483062.75],[150449.138,483064.215],[150449.644,483065.682],[150451.578,483071.381],[150451.9,483072.362],[150452.014,483072.698],[150452.143,483073.03],[150452.285,483073.357],[150452.441,483073.677],[150452.61,483073.992],[150452.792,483074.298],[150452.986,483074.596],[150453.191,483074.886],[150453.432,483075.193],[150453.686,483075.491],[150453.955,483075.777],[150454.237,483076.051],[150454.53,483076.312],[150454.835,483076.559],[150455.475,483077.008],[150457.352,483078.322],[150459.671,483079.797],[150459.988,483079.994],[150460.306,483080.191],[150460.625,483080.386],[150460.944,483080.58],[150461.265,483080.773],[150461.585,483080.965],[150461.907,483081.156],[150462.229,483081.345],[150462.552,483081.535],[150462.875,483081.727],[150463.197,483081.919],[150463.521,483082.109],[150463.846,483082.296],[150464.174,483082.478],[150464.505,483082.653],[150464.84,483082.82],[150465.215,483083],[150465.591,483083.178],[150465.97,483083.35],[150466.352,483083.513],[150466.739,483083.663],[150467.132,483083.796],[150467.53,483083.91],[150467.905,483084],[150468.284,483084.077],[150468.666,483084.141],[150469.049,483084.192],[150469.435,483084.228],[150469.821,483084.248],[150470.207,483084.253],[150470.592,483084.242],[150470.965,483084.213],[150471.337,483084.168],[150471.707,483084.106],[150472.075,483084.031],[150472.441,483083.944],[150472.805,483083.846],[150473.165,483083.739],[150473.522,483083.624],[150473.853,483083.507],[150474.18,483083.38],[150474.503,483083.244],[150474.825,483083.102],[150475.144,483082.955],[150475.462,483082.806],[150475.804,483082.641],[150476.144,483082.471],[150476.481,483082.296],[150476.815,483082.116],[150477.142,483081.93],[150477.465,483081.737],[150477.786,483081.539],[150478.105,483081.34],[150478.425,483081.142],[150478.748,483080.948],[150479.071,483080.757],[150479.391,483080.559],[150479.702,483080.348],[150479.972,483080.145],[150480.492,483079.715],[150481.298,483078.988],[150483.362,483076.913],[150488.753,483071.735],[150494.358,483066.161],[150498.184,483062.28],[150502.21,483058.094],[150510.139,483049.747],[150510.696,483049.162],[150511.251,483048.576],[150511.804,483047.988],[150512.354,483047.397],[150512.903,483046.805],[150513.449,483046.21],[150513.993,483045.614],[150514.535,483045.016],[150515.075,483044.415],[150515.613,483043.813],[150516.156,483043.2],[150516.697,483042.585],[150517.236,483041.968],[150517.772,483041.349],[150518.838,483040.105],[150519.075,483039.815],[150519.445,483039.396],[150519.814,483038.975],[150520.18,483038.552],[150520.545,483038.128],[150520.907,483037.702],[150521.268,483037.274],[150521.652,483036.812],[150522.034,483036.349],[150522.414,483035.883],[150522.791,483035.416],[150523.166,483034.947],[150523.539,483034.477],[150523.911,483034.005],[150524.292,483033.517],[150524.672,483033.026],[150525.049,483032.535],[150525.413,483032.059],[150525.775,483031.582],[150526.135,483031.104],[150526.494,483030.625],[150526.852,483030.145],[150527.208,483029.664],[150527.564,483029.182],[150527.93,483028.682],[150528.296,483028.181],[150528.66,483027.679],[150529.022,483027.176],[150529.383,483026.672],[150529.743,483026.167],[150530.101,483025.661],[150530.458,483025.154],[150531.168,483024.138],[150531.844,483023.172],[150532.155,483022.733],[150532.462,483022.291],[150532.765,483021.846],[150533.064,483021.398],[150533.359,483020.948],[150533.651,483020.495],[150533.938,483020.04],[150534.221,483019.582],[150534.5,483019.121],[150534.775,483018.659],[150535.046,483018.193],[150535.312,483017.726],[150535.566,483017.277],[150535.818,483016.828],[150536.067,483016.376],[150536.312,483015.922],[150536.55,483015.466],[150536.782,483015.005],[150537.004,483014.541],[150537.215,483014.071],[150537.405,483013.623],[150537.589,483013.172],[150537.764,483012.717],[150537.931,483012.26],[150538.075,483011.847],[150538.211,483011.432],[150538.465,483010.595],[150539.68,483005.925],[150539.963,483004.716],[150541.145,482999.51],[150541.272,482998.893],[150541.382,482998.244],[150541.479,482997.593],[150541.561,482996.94],[150541.639,482996.177],[150541.696,482995.413],[150541.722,482994.716],[150541.725,482994.019],[150541.713,482993.322],[150541.693,482992.624],[150541.663,482991.849],[150541.619,482991.075],[150541.563,482990.3],[150541.494,482989.526],[150541.412,482988.753],[150541.318,482987.982],[150541.211,482987.212],[150541.091,482986.443],[150540.958,482985.678],[150540.812,482984.915],[150540.654,482984.154],[150540.483,482983.397],[150540.3,482982.644],[150540.106,482981.903],[150539.9,482981.165],[150539.682,482980.43],[150539.452,482979.699],[150539.21,482978.972],[150538.955,482978.249],[150538.689,482977.53],[150538.122,482976.107],[150536.301,482972.518],[150536.046,482972.012],[150535.782,482971.51],[150535.508,482971.013],[150535.224,482970.521],[150534.932,482970.034],[150534.63,482969.553],[150534.319,482969.079],[150534,482968.61],[150533.638,482968.105],[150533.264,482967.61],[150532.879,482967.123],[150532.482,482966.644],[150532.076,482966.173],[150531.66,482965.709],[150531.237,482965.253],[150530.807,482964.803],[150530.371,482964.359],[150529.93,482963.92],[150529.485,482963.487],[150529.042,482963.065],[150528.594,482962.648],[150528.139,482962.238],[150527.679,482961.835],[150527.212,482961.44],[150526.738,482961.053],[150526.257,482960.676],[150525.813,482960.343],[150525.363,482960.017],[150524.909,482959.697],[150524.452,482959.381],[150524.006,482959.078],[150523.555,482958.78],[150523.101,482958.488],[150522.645,482958.198],[150522.188,482957.91],[150521.73,482957.623],[150521.273,482957.336],[150520.763,482957.015],[150520.252,482956.695],[150519.739,482956.378],[150519.3,482956.11],[150518.418,482955.582],[150514.021,482952.984],[150507.157,482948.973],[150506.352,482948.507],[150505.549,482948.037],[150504.747,482947.565],[150503.947,482947.09],[150503.149,482946.613],[150502.352,482946.132],[150501.472,482945.598],[150500.594,482945.061],[150499.717,482944.52],[150498.843,482943.976],[150497.972,482943.427],[150497.104,482942.874],[150496.326,482942.371],[150495.55,482941.864],[150494.777,482941.354],[150494.006,482940.84],[150493.236,482940.324],[150492.468,482939.806],[150491.701,482939.286],[150490.819,482938.686],[150489.94,482938.083],[150489.063,482937.478],[150488.188,482936.869],[150487.314,482936.258],[150486.443,482935.644]],[[150353.755,482924.553],[150353.417,482923.428],[150353.352,482923.213],[150353.323,482923.141],[150353.279,482923.078],[150353.223,482923.024],[150353.157,482922.983],[150353.084,482922.957],[150353.008,482922.946],[150352.931,482922.951],[150352.856,482922.971],[150352.787,482923.007],[150352.735,482923.049],[150350.647,482925.032],[150350.505,482925.167],[150350.45,482925.23],[150350.408,482925.302],[150350.381,482925.381],[150350.369,482925.464],[150350.373,482925.548],[150350.393,482925.629],[150350.428,482925.705],[150350.476,482925.773],[150350.537,482925.831],[150350.608,482925.876],[150350.614,482925.879],[150353.818,482927.45],[150353.889,482927.476],[150353.965,482927.487],[150354.04,482927.481],[150354.114,482927.46],[150354.181,482927.425],[150354.239,482927.376],[150354.281,482927.323],[150354.341,482927.235],[150354.388,482927.139],[150354.42,482927.037],[150354.436,482926.932],[150354.436,482926.825],[150354.421,482926.719],[150354.403,482926.656],[150354.113,482925.759],[150353.755,482924.553]],[[150444.114,483132.551],[150446.005,483130.46],[150449.033,483127.01],[150450.202,483125.634],[150450.75,483124.916],[150451.273,483124.18],[150451.77,483123.426],[150452.25,483122.641],[150452.705,483121.838],[150453.132,483121.02],[150453.527,483120.187],[150453.888,483119.339],[150454.214,483118.478],[150454.495,483117.613],[150454.736,483116.734],[150454.944,483115.846],[150455.121,483114.951],[150455.275,483114.051],[150455.409,483113.15],[150455.521,483112.269],[150455.608,483111.385],[150455.673,483110.499],[150455.714,483109.611],[150455.732,483108.723],[150455.727,483107.834],[150455.699,483106.947],[150455.637,483105.968],[150455.54,483104.991],[150455.419,483104.016],[150455.279,483103.043],[150455.131,483102.072],[150454.968,483101.088],[150454.786,483100.107],[150454.589,483099.129],[150454.38,483098.153],[150454.164,483097.179],[150453.942,483096.206],[150453.711,483095.219],[150453.472,483094.235],[150453.224,483093.252],[150452.967,483092.271],[150452.702,483091.293],[150452.429,483090.317],[150452.147,483089.343],[150451.857,483088.372],[150451.357,483086.634],[150449.407,483080.103],[150448.71,483077.931],[150448.358,483076.847],[150448.003,483075.763],[150447.645,483074.68],[150447.285,483073.598],[150446.922,483072.517],[150446.557,483071.436],[150446.189,483070.357],[150445.818,483069.278],[150445.449,483068.214],[150445.078,483067.151],[150444.704,483066.089],[150444.328,483065.028],[150443.949,483063.967],[150443.568,483062.908],[150443.184,483061.849],[150442.798,483060.791],[150442.41,483059.734],[150442.019,483058.678],[150441.625,483057.623],[150441.23,483056.569],[150440.859,483055.58],[150440.487,483054.591],[150440.114,483053.603],[150439.736,483052.617],[150439.352,483051.633],[150438.959,483050.652],[150438.565,483049.691],[150438.166,483048.732],[150437.76,483047.776],[150437.348,483046.822],[150436.928,483045.872],[150436.501,483044.925],[150436.028,483043.896],[150435.549,483042.869],[150435.062,483041.846],[150434.564,483040.828],[150434.054,483039.816],[150433.529,483038.812],[150433,483037.827],[150432.463,483036.845],[150431.916,483035.87],[150431.354,483034.903],[150430.776,483033.946],[150430.18,483033.001],[150429.561,483032.07],[150428.982,483031.226],[150428.395,483030.387],[150427.791,483029.561],[150427.159,483028.757],[150426.493,483027.982],[150425.875,483027.327],[150425.235,483026.693],[150424.576,483026.078],[150423.904,483025.478],[150423.179,483024.854],[150422.44,483024.246],[150421.684,483023.658],[150420.91,483023.097],[150420.115,483022.566],[150419.228,483022.014],[150418.322,483021.492],[150417.394,483021.015],[150416.438,483020.598],[150415.426,483020.235],[150414.394,483019.933],[150413.345,483019.698],[150412.361,483019.543],[150411.368,483019.445],[150410.371,483019.399],[150409.551,483019.397],[150408.732,483019.43],[150407.914,483019.497],[150407.099,483019.597],[150406.289,483019.731],[150405.486,483019.903],[150404.544,483020.169],[150403.623,483020.501],[150402.719,483020.888],[150401.834,483021.32],[150400.963,483021.787],[150400.108,483022.278],[150399.265,483022.784],[150398.316,483023.394],[150397.396,483024.048],[150396.501,483024.738],[150395.628,483025.458],[150394.773,483026.201],[150393.932,483026.959],[150393.102,483027.726],[150392.368,483028.423],[150391.647,483029.134],[150390.939,483029.858],[150390.245,483030.596],[150389.565,483031.346],[150388.9,483032.11],[150388.249,483032.885],[150386.035,483035.558],[150383.712,483038.575],[150380.596,483042.548],[150376.809,483047.485],[150353.728,483079.656],[150340.851,483097.863],[150337.519,483102.581],[150337.132,483103.246],[150336.972,483103.599],[150336.834,483103.962],[150336.72,483104.334],[150336.631,483104.711],[150336.568,483105.092],[150336.53,483105.473],[150336.52,483105.898],[150336.543,483106.325],[150336.598,483106.751],[150336.683,483107.173],[150336.796,483107.587],[150336.938,483107.991],[150337.107,483108.382],[150337.278,483108.714],[150337.47,483109.037],[150337.682,483109.348],[150337.913,483109.646],[150338.161,483109.929],[150338.426,483110.196],[150338.705,483110.444],[150345.834,483116.66],[150352.911,483122.777],[150354.592,483124.198],[150355.434,483124.907],[150356.276,483125.616],[150357.119,483126.324],[150358.016,483127.077],[150358.914,483127.829],[150359.812,483128.581],[150360.711,483129.332],[150361.61,483130.083],[150362.51,483130.832],[150363.412,483131.58],[150364.314,483132.326],[150365.218,483133.071],[150366.124,483133.814],[150366.921,483134.465],[150367.719,483135.116],[150368.517,483135.766],[150369.316,483136.414],[150370.117,483137.061],[150370.919,483137.707],[150371.722,483138.35],[150372.646,483139.09],[150373.57,483139.831],[150374.495,483140.57],[150375.423,483141.305],[150376.354,483142.036],[150377.29,483142.761],[150378.233,483143.477],[150379.181,483144.187],[150380.134,483144.891],[150381.091,483145.589],[150382.052,483146.281],[150383.018,483146.966],[150383.989,483147.644],[150384.927,483148.301],[150385.864,483148.961],[150386.804,483149.614],[150387.755,483150.252],[150388.721,483150.865],[150389.707,483151.444],[150390.689,483151.989],[150391.68,483152.525],[150392.683,483153.045],[150393.698,483153.54],[150394.727,483154.001],[150395.77,483154.42],[150396.827,483154.788],[150397.901,483155.097],[150398.992,483155.339],[150400.048,483155.506],[150401.111,483155.619],[150402.179,483155.688],[150403.25,483155.72],[150404.32,483155.724],[150405.331,483155.7],[150406.341,483155.644],[150407.35,483155.561],[150408.356,483155.458],[150409.363,483155.335],[150410.367,483155.189],[150411.203,483155.053],[150412.037,483154.899],[150412.864,483154.718],[150413.915,483154.434],[150414.953,483154.099],[150415.98,483153.729],[150416.997,483153.337],[150417.987,483152.927],[150418.963,483152.485],[150419.927,483152.017],[150420.882,483151.527],[150421.828,483151.02],[150422.768,483150.502],[150423.704,483149.978],[150424.604,483149.468],[150425.501,483148.951],[150426.392,483148.424],[150427.274,483147.882],[150428.145,483147.323],[150429.002,483146.744],[150429.842,483146.141],[150430.636,483145.534],[150431.413,483144.907],[150432.179,483144.264],[150432.936,483143.611],[150433.689,483142.953],[150434.458,483142.271],[150435.22,483141.58],[150435.974,483140.881],[150436.72,483140.173],[150437.458,483139.457],[150438.187,483138.732],[150439.11,483137.815],[150441.149,483135.753],[150444.114,483132.551]],[[150461.262,483090.853],[150462.156,483089.909],[150462.226,483089.824],[150462.283,483089.729],[150462.326,483089.627],[150462.353,483089.52],[150462.365,483089.41],[150462.361,483089.3],[150462.36,483089.295],[150462.355,483089.254],[150462.124,483087.277],[150462.118,483087.23],[150462.098,483087.125],[150462.062,483087.024],[150462.012,483086.929],[150461.948,483086.843],[150461.872,483086.767],[150461.785,483086.703],[150461.781,483086.701],[150458.404,483084.614],[150458.293,483084.545],[150458.197,483084.495],[150458.094,483084.459],[150457.987,483084.439],[150457.878,483084.435],[150457.77,483084.446],[150457.665,483084.474],[150457.565,483084.516],[150457.472,483084.573],[150457.388,483084.643],[150457.316,483084.724],[150457.256,483084.815],[150457.238,483084.849],[150456.551,483086.252],[150456.501,483086.354],[150456.456,483086.466],[150456.425,483086.582],[150456.411,483086.701],[150456.412,483086.821],[150456.429,483086.94],[150456.442,483086.992],[150457.808,483091.92],[150457.832,483092.006],[150457.869,483092.111],[150457.921,483092.21],[150457.987,483092.3],[150458.065,483092.38],[150458.153,483092.449],[150458.251,483092.503],[150458.355,483092.544],[150458.463,483092.569],[150458.575,483092.578],[150458.686,483092.571],[150458.795,483092.548],[150458.879,483092.519],[150459.508,483092.261],[150459.676,483092.193],[150459.858,483092.109],[150460.033,483092.011],[150460.2,483091.9],[150460.358,483091.776],[150460.479,483091.664],[150460.839,483091.314],[150461.262,483090.853]]]},"id":"f9a0d0eb-91e0-51b7-bcf0-a6ad6bf58a3a"},{"type":"Feature","properties":{"bronhouder":"G0034","creation_date":"2023-12-17T23:00:00Z","eind_registratie":null,"functie":"rijbaan lokale weg","functie_codespace":"http://www.geostandaarden.nl/imgeo/def/2.1#FunctieWeg","fysiek_voorkomen":"open verharding","fysiek_voorkomen_codespace":"http://www.geostandaarden.nl/imgeo/def/2.1#FysiekVoorkomenWeg","in_onderzoek":null,"in_onderzoek_leeg":"geenWaarde","kruinlijn_leeg":"waardeOnbekend","lokaal_id":"G0034.d51aab87c7b24796ada3d18aaa7da4c1","lv_publicatiedatum":"2025-12-03T12:50:42Z","op_talud":"false","op_talud_leeg":null,"plus_functie":null,"plus_functie_codespace":"http://www.geostandaarden.nl/imgeo/def/2.1#VoidReasonValue","plus_functie_leeg":"waardeOnbekend","plus_fysiek_voorkomen":"betonstraatstenen","plus_fysiek_voorkomen_codespace":"http://www.geostandaarden.nl/imgeo/def/2.1#FysiekVoorkomenWegPlus","plus_fysiek_voorkomen_leeg":null,"plus_status":null,"plus_status_codespace":"http://www.geostandaarden.nl/imgeo/def/2.1#VoidReasonValue","plus_status_leeg":"geenWaarde","relatieve_hoogteligging":0,"status":"bestaand","status_codespace":"http://www.geostandaarden.nl/imgeo/def/2.1#Status","status_leeg":null,"termination_date":null,"termination_date_leeg":"geenWaarde","tijdstip_registratie":"2025-12-03T12:05:32Z","version":"d6b0d9af-9b58-93ce-7965-7f9585c3d507"},"geometry":{"type":"Polygon","coordinates":[[[150540.444,483018.31],[150540.177,483018.831],[150539.93,483019.309],[150539.681,483019.786],[150539.425,483020.26],[150539.104,483020.829],[150538.77,483021.391],[150538.425,483021.947],[150538.072,483022.498],[150537.711,483023.044],[150537.346,483023.588],[150536.978,483024.13],[150536.608,483024.67],[150536.24,483025.211],[150535.874,483025.754],[150535.502,483026.307],[150535.13,483026.859],[150534.756,483027.411],[150534.38,483027.961],[150534.002,483028.51],[150533.623,483029.057],[150533.241,483029.603],[150532.856,483030.146],[150532.469,483030.688],[150532.078,483031.228],[150531.685,483031.765],[150531.333,483032.239],[150530.98,483032.71],[150530.624,483033.179],[150530.266,483033.648],[150529.907,483034.115],[150529.547,483034.582],[150529.187,483035.048],[150528.822,483035.522],[150528.457,483035.995],[150528.09,483036.467],[150527.723,483036.939],[150527.354,483037.41],[150526.984,483037.879],[150526.61,483038.346],[150526.234,483038.81],[150525.864,483039.262],[150525.491,483039.712],[150525.117,483040.16],[150524.74,483040.606],[150524.362,483041.051],[150523.982,483041.495],[150523.601,483041.937],[150523.243,483042.351],[150522.884,483042.764],[150522.524,483043.175],[150521.799,483043.995],[150520.677,483045.263],[150520.049,483045.949],[150519.421,483046.635],[150518.792,483047.32],[150518.163,483048.005],[150517.534,483048.69],[150516.904,483049.374],[150516.274,483050.058],[150515.644,483050.742],[150515.013,483051.425],[150514.381,483052.108],[150513.749,483052.79],[150513.117,483053.472],[150512.48,483054.159],[150511.843,483054.846],[150511.205,483055.533],[150510.566,483056.218],[150509.926,483056.902],[150509.431,483057.429],[150508.935,483057.955],[150508.439,483058.481],[150507.941,483059.005],[150507.416,483059.556],[150506.889,483060.106],[150506.361,483060.654],[150505.833,483061.203],[150505.306,483061.752],[150504.669,483062.416],[150504.033,483063.08],[150503.396,483063.743],[150502.763,483064.398],[150502.128,483065.052],[150501.493,483065.706],[150500.856,483066.358],[150500.219,483067.009],[150499.58,483067.659],[150498.941,483068.309],[150498.301,483068.958],[150497.661,483069.606],[150497.013,483070.261],[150496.365,483070.916],[150495.716,483071.57],[150495.066,483072.223],[150494.415,483072.875],[150493.763,483073.526],[150493.109,483074.175],[150492.454,483074.823],[150491.849,483075.417],[150491.243,483076.01],[150490.636,483076.602],[150490.028,483077.193],[150489.42,483077.785],[150488.923,483078.268],[150487.928,483079.233],[150487.441,483079.689],[150487.17,483079.947],[150486.899,483080.203],[150486.626,483080.458],[150486.352,483080.711],[150486.076,483080.963],[150485.8,483081.213],[150485.522,483081.462],[150485.244,483081.71],[150484.945,483081.975],[150484.647,483082.24],[150484.348,483082.504],[150484.048,483082.766],[150483.745,483083.026],[150483.441,483083.284],[150483.133,483083.537],[150482.822,483083.786],[150482.524,483084.02],[150482.225,483084.251],[150481.924,483084.481],[150481.621,483084.707],[150481.315,483084.929],[150481.005,483085.146],[150480.691,483085.357],[150480.373,483085.561],[150480.072,483085.746],[150479.769,483085.926],[150479.462,483086.102],[150479.153,483086.273],[150478.841,483086.438],[150478.525,483086.598],[150478.208,483086.751],[150477.866,483086.908],[150477.522,483087.059],[150477.175,483087.203],[150476.825,483087.341],[150476.473,483087.472],[150475.761,483087.714],[150473.771,483088.351],[150472.316,483088.78],[150471.961,483088.884],[150471.662,483088.981],[150471.369,483089.092],[150471.082,483089.218],[150471.003,483089.256],[150470.476,483089.513],[150469.892,483089.831],[150469.378,483090.163],[150469.125,483090.335],[150468.874,483090.511],[150468.619,483090.695],[150468.367,483090.883],[150468.118,483091.075],[150467.872,483091.27],[150467.629,483091.471],[150467.391,483091.675],[150467.185,483091.859],[150466.983,483092.047],[150466.783,483092.237],[150466.584,483092.429],[150466.334,483092.673],[150466.085,483092.919],[150465.838,483093.167],[150465.594,483093.418],[150465.354,483093.673],[150465.119,483093.932],[150464.889,483094.195],[150464.666,483094.463],[150464.449,483094.738],[150464.24,483095.015],[150464.036,483095.297],[150463.837,483095.582],[150463.645,483095.872],[150463.458,483096.166],[150463.279,483096.464],[150463.107,483096.766],[150462.943,483097.072],[150462.787,483097.383],[150462.638,483097.697],[150462.497,483098.014],[150462.363,483098.335],[150462.237,483098.66],[150462.118,483098.986],[150462.008,483099.316],[150460.951,483102.71],[150460.857,483103.273],[150460.829,483103.556],[150460.818,483103.809],[150460.819,483104.063],[150460.825,483104.316],[150460.828,483104.57],[150460.828,483104.868],[150460.828,483105.167],[150460.829,483105.466],[150460.83,483105.765],[150460.83,483106.064],[150460.829,483106.363],[150460.826,483106.661],[150460.82,483106.96],[150460.812,483107.259],[150460.801,483107.557],[150460.785,483107.871],[150460.767,483108.184],[150460.747,483108.498],[150460.724,483108.811],[150460.698,483109.124],[150460.671,483109.437],[150460.642,483109.75],[150460.612,483110.063],[150460.58,483110.375],[150460.547,483110.679],[150460.513,483110.982],[150460.477,483111.285],[150460.44,483111.588],[150460.4,483111.891],[150460.36,483112.193],[150460.317,483112.495],[150459.918,483114.971],[150459.596,483116.72],[150459.397,483117.588],[150459.174,483118.449],[150458.927,483119.303],[150458.69,483120.055],[150458.436,483120.803],[150458.162,483121.543],[150457.865,483122.274],[150457.542,483122.993],[150457.157,483123.763],[150456.743,483124.519],[150456.305,483125.261],[150455.85,483125.992],[150455.372,483126.712],[150454.869,483127.415],[150454.345,483128.104],[150453.806,483128.782],[150453.254,483129.45],[150452.695,483130.112],[150452.133,483130.77],[150451.615,483131.363],[150451.088,483131.948],[150450.556,483132.53],[150450.026,483133.113],[150449.472,483133.727],[150448.919,483134.341],[150448.365,483134.956],[150447.811,483135.569],[150447.255,483136.182],[150446.698,483136.792],[150446.138,483137.401],[150445.574,483138.006],[150445.007,483138.608],[150444.414,483139.23],[150443.818,483139.85],[150443.22,483140.467],[150442.619,483141.082],[150442.015,483141.694],[150441.408,483142.303],[150440.799,483142.91],[150440.187,483143.514],[150439.573,483144.115],[150438.956,483144.714],[150437.09,483146.404],[150435.494,483147.728],[150431.968,483150.428],[150430.573,483151.472],[150429.554,483152.16],[150429.039,483152.495],[150428.52,483152.825],[150427.997,483153.149],[150427.471,483153.467],[150426.941,483153.779],[150426.407,483154.084],[150425.871,483154.384],[150425.364,483154.66],[150424.854,483154.93],[150424.341,483155.195],[150423.825,483155.454],[150423.307,483155.708],[150422.786,483155.957],[150422.262,483156.2],[150419.137,483157.614],[150419.052,483157.654],[150418.854,483157.76],[150418.664,483157.879],[150418.484,483158.012],[150418.313,483158.157],[150418.153,483158.314],[150418.005,483158.482],[150417.869,483158.66],[150417.747,483158.847],[150417.638,483159.043],[150417.543,483159.246],[150417.462,483159.455],[150417.397,483159.669],[150417.348,483159.888],[150417.314,483160.109],[150417.296,483160.333],[150417.294,483160.557],[150417.308,483160.78],[150417.338,483161.002],[150417.384,483161.221],[150417.389,483161.244],[150420.299,483173.075],[150421.34,483177.31],[150417.656,483178.165],[150417.224,483178.28],[150416.211,483174.133],[150413.612,483163.677],[150413.296,483162.404],[150413.276,483162.326],[150413.254,483162.242],[150413.188,483162.034],[150413.106,483161.831],[150413.01,483161.635],[150412.9,483161.446],[150412.776,483161.266],[150412.639,483161.096],[150412.491,483160.936],[150412.331,483160.787],[150412.16,483160.651],[150411.98,483160.527],[150411.792,483160.417],[150411.596,483160.32],[150411.393,483160.239],[150411.185,483160.172],[150410.972,483160.121],[150410.757,483160.086],[150410.539,483160.066],[150410.321,483160.063],[150410.103,483160.075],[150405.104,483160.543],[150403.177,483160.69],[150402.21,483160.706],[150401.294,483160.69],[150400.379,483160.63],[150399.561,483160.519],[150398.75,483160.356],[150397.945,483160.154],[150397.148,483159.925],[150396.356,483159.681],[150395.433,483159.37],[150394.523,483159.024],[150393.621,483158.654],[150392.725,483158.271],[150391.843,483157.876],[150390.97,483157.46],[150390.107,483157.023],[150389.253,483156.569],[150388.406,483156.099],[150387.567,483155.615],[150386.735,483155.118],[150385.908,483154.611],[150385.086,483154.096],[150384.269,483153.574],[150383.456,483153.048],[150382.645,483152.519],[150381.912,483152.032],[150381.185,483151.536],[150380.463,483151.032],[150379.746,483150.522],[150379.033,483150.006],[150378.323,483149.485],[150377.615,483148.961],[150376.909,483148.434],[150376.205,483147.907],[150375.49,483147.368],[150374.778,483146.827],[150374.068,483146.281],[150373.361,483145.733],[150372.657,483145.18],[150371.955,483144.625],[150371.257,483144.066],[150370.561,483143.503],[150365.961,483139.792],[150360.947,483135.698],[150342.496,483120.036],[150337.899,483116.03],[150335.861,483114.203],[150335.222,483113.785],[150334.878,483113.613],[150334.522,483113.466],[150334.156,483113.346],[150333.784,483113.254],[150333.408,483113.192],[150333.02,483113.161],[150332.627,483113.162],[150332.232,483113.194],[150331.84,483113.256],[150331.453,483113.347],[150331.075,483113.465],[150330.708,483113.609],[150330.355,483113.777],[150330.036,483113.96],[150329.728,483114.165],[150329.434,483114.392],[150329.156,483114.639],[150328.895,483114.903],[150328.654,483115.184],[150328.434,483115.479],[150318.838,483129.169],[150315.657,483133.691],[150310.782,483140.641],[150307.155,483145.796],[150306.625,483146.76],[150306.426,483147.281],[150306.272,483147.818],[150306.166,483148.365],[150306.11,483148.915],[150306.105,483149.464],[150306.153,483149.996],[150306.252,483150.529],[150306.4,483151.056],[150306.594,483151.572],[150306.831,483152.071],[150307.108,483152.547],[150307.424,483152.994],[150307.774,483153.407],[150308.157,483153.781],[150308.525,483154.161],[150308.424,483154.313],[150294.964,483144.774],[150295.155,483144.544],[150296.143,483145.05],[150296.678,483145.233],[150297.231,483145.369],[150297.796,483145.456],[150298.364,483145.493],[150298.93,483145.479],[150299.485,483145.413],[150300.024,483145.294],[150300.584,483145.106],[150301.129,483144.859],[150301.651,483144.557],[150302.144,483144.207],[150302.599,483143.811],[150303.011,483143.377],[150303.371,483142.909],[150306.817,483138],[150311.567,483131.24],[150314.944,483126.485],[150325.109,483111.967],[150325.553,483111.259],[150325.74,483110.882],[150325.901,483110.493],[150326.036,483110.095],[150326.144,483109.69],[150326.223,483109.28],[150326.273,483108.87],[150326.295,483108.455],[150326.29,483108.038],[150326.257,483107.622],[150326.198,483107.21],[150326.111,483106.803],[150325.998,483106.406],[150325.861,483106.026],[150325.698,483105.653],[150325.511,483105.291],[150325.3,483104.94],[150325.067,483104.604],[150324.814,483104.284],[150324.542,483103.982],[150324.252,483103.701],[150312.314,483092.803],[150305.618,483086.664],[150303.609,483084.839],[150301.401,483082.743],[150298.561,483079.981],[150297.117,483078.539],[150296.502,483077.931],[150295.89,483077.321],[150295.279,483076.71],[150294.669,483076.097],[150294.062,483075.483],[150293.456,483074.867],[150292.852,483074.249],[150292.273,483073.654],[150291.697,483073.058],[150291.122,483072.46],[150290.548,483071.86],[150289.976,483071.26],[150289.405,483070.658],[150288.836,483070.054],[150288.305,483069.491],[150287.774,483068.927],[150287.244,483068.362],[150286.716,483067.796],[150286.19,483067.227],[150285.668,483066.656],[150285.149,483066.081],[150284.598,483065.462],[150284.05,483064.84],[150283.505,483064.216],[150282.964,483063.589],[150282.426,483062.958],[150281.892,483062.325],[150281.361,483061.688],[150280.834,483061.049],[150280.311,483060.406],[150279.792,483059.76],[150279.278,483059.11],[150278.767,483058.458],[150278.264,483057.81],[150277.76,483057.162],[150277.258,483056.512],[150276.761,483055.859],[150276.269,483055.201],[150275.785,483054.539],[150275.311,483053.869],[150274.849,483053.192],[150274.4,483052.506],[150273.928,483051.76],[150273.467,483051.008],[150273.02,483050.247],[150272.594,483049.475],[150272.285,483048.874],[150271.987,483048.268],[150271.694,483047.659],[150271.356,483046.943],[150271.026,483046.224],[150270.703,483045.502],[150270.394,483044.785],[150269.799,483043.341],[150269.051,483041.472],[150268.93,483041.251],[150268.787,483041.041],[150268.625,483040.842],[150268.445,483040.656],[150268.25,483040.487],[150268.043,483040.336],[150267.824,483040.204],[150267.597,483040.095],[150267.359,483040.008],[150267.111,483039.942],[150266.856,483039.899],[150266.597,483039.877],[150266.337,483039.878],[150266.08,483039.901],[150265.583,483040.015],[150264.095,483040.474],[150254.939,483043.296],[150245.844,483046.122],[150245.486,483044.947],[150244.515,483041.899],[150244.478,483041.806],[150247.032,483040.998],[150264.688,483035.561],[150264.935,483035.488],[150265.177,483035.389],[150265.412,483035.267],[150265.637,483035.123],[150265.849,483034.959],[150266.048,483034.777],[150266.228,483034.58],[150266.39,483034.37],[150266.529,483034.149],[150266.643,483033.918],[150266.726,483033.701],[150266.791,483033.476],[150266.837,483033.245],[150266.866,483033.012],[150266.864,483032.545],[150266.811,483031.348],[150266.782,483030.554],[150266.757,483029.761],[150266.737,483028.967],[150266.721,483028.173],[150266.709,483027.379],[150266.702,483026.585],[150266.694,483025.823],[150266.683,483025.06],[150266.675,483024.297],[150266.674,483023.534],[150266.685,483022.772],[150266.713,483022.01],[150266.763,483021.25],[150266.841,483020.412],[150266.937,483019.575],[150267.05,483018.74],[150267.182,483017.907],[150267.337,483017.079],[150267.517,483016.266],[150267.72,483015.459],[150267.934,483014.654],[150268.135,483013.928],[150268.346,483013.205],[150268.563,483012.484],[150268.781,483011.763],[150268.96,483011.166],[150269.141,483010.57],[150269.329,483009.975],[150269.597,483009.173],[150269.878,483008.375],[150270.178,483007.584],[150270.498,483006.809],[150270.838,483006.043],[150271.195,483005.284],[150271.564,483004.53],[150271.94,483003.781],[150272.291,483003.1],[150272.653,483002.425],[150273.024,483001.755],[150273.402,483001.089],[150273.786,483000.426],[150274.175,482999.766],[150274.566,482999.107],[150274.834,482998.664],[150275.1,482998.219],[150275.313,482997.844],[150275.525,482997.467],[150275.925,482996.774],[150276.332,482996.084],[150276.744,482995.398],[150277.162,482994.714],[150277.583,482994.033],[150278.006,482993.353],[150278.432,482992.675],[150278.858,482991.997],[150279.284,482991.319],[150279.724,482990.621],[150280.166,482989.924],[150280.611,482989.23],[150281.057,482988.536],[150281.506,482987.844],[150281.956,482987.153],[150282.408,482986.463],[150282.861,482985.773],[150283.316,482985.085],[150283.771,482984.397],[150284.227,482983.71],[150284.684,482983.023],[150285.141,482982.336],[150285.592,482981.659],[150286.044,482980.983],[150286.496,482980.307],[150286.95,482979.632],[150287.405,482978.958],[150287.86,482978.284],[150288.317,482977.611],[150288.774,482976.939],[150289.233,482976.267],[150289.693,482975.596],[150290.153,482974.926],[150290.615,482974.257],[150291.078,482973.588],[150291.543,482972.921],[150292.008,482972.254],[150292.475,482971.588],[150292.924,482970.95],[150293.373,482970.314],[150293.824,482969.678],[150294.276,482969.043],[150294.727,482968.408],[150295.196,482967.749],[150295.664,482967.089],[150296.132,482966.429],[150296.601,482965.771],[150297.072,482965.113],[150297.546,482964.457],[150298.022,482963.804],[150298.503,482963.153],[150298.977,482962.518],[150299.455,482961.885],[150299.935,482961.254],[150300.417,482960.624],[150300.901,482959.996],[150301.358,482959.403],[150301.817,482958.812],[150302.277,482958.222],[150302.739,482957.633],[150303.202,482957.046],[150303.706,482956.412],[150304.211,482955.779],[150304.718,482955.148],[150305.228,482954.519],[150306.252,482953.265],[150306.895,482952.479],[150307.386,482951.894],[150307.879,482951.31],[150308.373,482950.727],[150308.87,482950.146],[150309.369,482949.567],[150309.87,482948.989],[150310.372,482948.414],[150310.877,482947.839],[150311.383,482947.267],[150311.891,482946.696],[150312.402,482946.127],[150312.914,482945.559],[150313.428,482944.994],[150313.944,482944.43],[150314.461,482943.867],[150314.981,482943.307],[150315.502,482942.748],[150316.026,482942.191],[150316.575,482941.605],[150317.124,482941.017],[150317.671,482940.428],[150318.22,482939.839],[150318.77,482939.253],[150319.324,482938.67],[150319.882,482938.091],[150320.446,482937.519],[150321.017,482936.954],[150321.596,482936.397],[150322.185,482935.851],[150322.784,482935.316],[150323.365,482934.813],[150323.953,482934.317],[150324.546,482933.828],[150325.145,482933.345],[150325.749,482932.869],[150326.36,482932.401],[150326.976,482931.94],[150327.598,482931.487],[150328.226,482931.043],[150328.859,482930.606],[150329.498,482930.178],[150330.142,482929.759],[150330.792,482929.35],[150331.389,482928.982],[150331.989,482928.62],[150332.593,482928.264],[150333.202,482927.918],[150333.818,482927.583],[150334.44,482927.261],[150335.087,482926.936],[150335.737,482926.616],[150336.395,482926.311],[150337.062,482926.032],[150337.742,482925.787],[150338.502,482925.561],[150339.274,482925.372],[150340.052,482925.215],[150340.836,482925.087],[150341.339,482925.02],[150341.883,482924.948],[150342.306,482924.877],[150342.722,482924.778],[150343.221,482924.588],[150343.699,482924.35],[150344.679,482923.721],[150346.414,482922.382],[150347.738,482921.376],[150347.935,482921.214],[150348.13,482921.049],[150348.321,482920.879],[150348.508,482920.706],[150348.693,482920.53],[150348.874,482920.349],[150349.051,482920.166],[150349.225,482919.979],[150349.379,482919.806],[150349.529,482919.631],[150349.677,482919.453],[150349.822,482919.273],[150349.964,482919.09],[150350.103,482918.905],[150350.258,482918.693],[150350.41,482918.477],[150350.559,482918.259],[150350.703,482918.038],[150350.842,482917.814],[150350.976,482917.588],[150351.104,482917.358],[150351.227,482917.126],[150351.345,482916.891],[150351.46,482916.654],[150351.574,482916.418],[150351.68,482916.194],[150351.784,482915.97],[150351.886,482915.744],[150351.986,482915.518],[150352.084,482915.291],[150352.181,482915.063],[150352.275,482914.835],[150352.364,482914.616],[150352.45,482914.397],[150352.535,482914.177],[150352.618,482913.957],[150352.779,482913.514],[150354.848,482907.584],[150355.016,482907.048],[150355.192,482906.514],[150355.376,482905.983],[150355.568,482905.455],[150355.769,482904.93],[150355.978,482904.408],[150356.195,482903.89],[150356.42,482903.375],[150356.654,482902.865],[150356.892,482902.361],[150357.138,482901.861],[150357.391,482901.365],[150357.652,482900.872],[150357.92,482900.383],[150358.198,482899.9],[150358.483,482899.421],[150358.778,482898.949],[150359.082,482898.482],[150359.37,482898.059],[150359.665,482897.641],[150359.968,482897.228],[150360.277,482896.819],[150360.591,482896.415],[150360.91,482896.014],[150361.272,482895.573],[150361.642,482895.138],[150362.017,482894.708],[150362.397,482894.281],[150362.777,482893.856],[150363.111,482893.486],[150363.447,482893.118],[150363.785,482892.753],[150364.124,482892.389],[150364.465,482892.025],[150364.806,482891.663],[150365.207,482891.239],[150365.608,482890.817],[150366.012,482890.396],[150366.416,482889.977],[150366.822,482889.559],[150367.23,482889.143],[150367.604,482888.762],[150367.977,482888.381],[150368.352,482888.001],[150368.729,482887.624],[150369.11,482887.252],[150369.497,482886.885],[150369.898,482886.513],[150370.302,482886.145],[150370.712,482885.783],[150371.131,482885.431],[150371.572,482885.081],[150372.022,482884.743],[150372.479,482884.413],[150372.94,482884.09],[150373.404,482883.77],[150373.798,482883.505],[150374.195,482883.246],[150374.594,482882.989],[150374.995,482882.735],[150375.396,482882.482],[150375.806,482882.224],[150376.216,482881.968],[150376.628,482881.714],[150377.455,482881.211],[150379.136,482880.205],[150382.111,482878.532],[150382.775,482878.118],[150382.97,482878.008],[150383.159,482877.885],[150383.34,482877.75],[150383.513,482877.603],[150383.677,482877.445],[150383.829,482877.278],[150383.971,482877.102],[150384.099,482876.919],[150384.23,482876.701],[150384.345,482876.473],[150384.443,482876.235],[150384.525,482875.991],[150384.589,482875.741],[150384.635,482875.488],[150384.672,482874.981],[150384.665,482872.654],[150384.662,482872.369],[150384.663,482872.084],[150384.667,482871.8],[150384.674,482871.515],[150384.684,482871.231],[150384.698,482870.946],[150384.713,482870.658],[150384.729,482870.369],[150384.747,482870.08],[150384.77,482869.792],[150384.8,482869.504],[150384.837,482869.218],[150384.885,482868.933],[150384.948,482868.629],[150385.019,482868.326],[150385.099,482868.024],[150385.188,482867.726],[150385.285,482867.43],[150385.39,482867.137],[150385.504,482866.847],[150385.614,482866.586],[150385.732,482866.327],[150385.857,482866.072],[150385.988,482865.819],[150386.125,482865.57],[150386.42,482865.085],[150386.725,482864.622],[150387.515,482863.466],[150390.97,482858.581],[150391.765,482857.441],[150399.279,482846.71],[150403.191,482841.137],[150406.21,482836.844],[150406.47,482836.472],[150409.177,482833.484],[150414.053,482826.593],[150416.261,482828.187],[150412.049,482834.143],[150411.412,482835.043],[150409.434,482839.692],[150403.211,482848.577],[150396.923,482857.598],[150390.706,482866.473],[150390.519,482866.734],[150390.34,482867.002],[150390.172,482867.277],[150390.014,482867.558],[150389.866,482867.845],[150389.73,482868.136],[150389.604,482868.433],[150389.49,482868.731],[150389.388,482869.034],[150389.296,482869.341],[150389.216,482869.652],[150389.147,482869.965],[150389.09,482870.28],[150389.045,482870.596],[150389.011,482870.882],[150388.982,482871.17],[150388.965,482871.458],[150388.965,482871.746],[150388.989,482872.032],[150389.031,482872.303],[150389.09,482872.573],[150389.166,482872.839],[150389.26,482873.099],[150389.373,482873.351],[150389.505,482873.591],[150389.678,482873.852],[150389.874,482874.098],[150390.09,482874.327],[150390.324,482874.536],[150390.575,482874.722],[150390.839,482874.883],[150391.118,482875.021],[150391.411,482875.135],[150391.712,482875.224],[150392.019,482875.288],[150392.638,482875.333],[150395.702,482875.243],[150396.873,482875.239],[150398.044,482875.268],[150399.216,482875.329],[150400.385,482875.423],[150401.553,482875.549],[150402.716,482875.707],[150403.873,482875.897],[150405.024,482876.119],[150406.166,482876.373],[150407.33,482876.669],[150408.483,482877.003],[150409.628,482877.371],[150410.762,482877.769],[150411.888,482878.195],[150413.003,482878.644],[150414.109,482879.112],[150415.184,482879.597],[150416.246,482880.11],[150417.297,482880.646],[150418.339,482881.201],[150419.374,482881.768],[150420.404,482882.343],[150421.293,482882.851],[150422.174,482883.372],[150423.05,482883.902],[150423.922,482884.439],[150424.791,482884.981],[150425.658,482885.524],[150426.512,482886.064],[150427.362,482886.61],[150428.21,482887.159],[150429.056,482887.711],[150429.903,482888.262],[150430.813,482888.853],[150431.723,482889.444],[150432.631,482890.037],[150433.537,482890.633],[150434.439,482891.236],[150435.298,482891.818],[150436.154,482892.404],[150437.007,482892.994],[150437.857,482893.588],[150438.706,482894.185],[150439.57,482894.798],[150440.432,482895.414],[150441.291,482896.034],[150442.148,482896.657],[150443.855,482897.914],[150455.978,482907.023],[150460.758,482910.64],[150479.913,482924.993],[150480.579,482925.495],[150481.247,482925.994],[150481.917,482926.492],[150482.588,482926.987],[150483.261,482927.48],[150483.884,482927.932],[150484.509,482928.382],[150485.135,482928.83],[150485.761,482929.278],[150486.387,482929.726],[150487.019,482930.18],[150487.65,482930.635],[150488.282,482931.09],[150488.914,482931.544],[150489.547,482931.997],[150490.182,482932.448],[150490.827,482932.902],[150491.473,482933.356],[150492.119,482933.808],[150492.767,482934.258],[150493.417,482934.706],[150494.068,482935.152],[150494.792,482935.646],[150495.519,482936.138],[150496.246,482936.627],[150496.976,482937.114],[150497.707,482937.598],[150498.441,482938.078],[150499.177,482938.555],[150499.84,482938.979],[150500.505,482939.399],[150501.172,482939.817],[150501.84,482940.233],[150502.509,482940.646],[150503.179,482941.058],[150503.85,482941.47],[150504.56,482941.903],[150505.272,482942.335],[150505.986,482942.764],[150506.7,482943.192],[150507.414,482943.619],[150508.13,482944.045],[150508.845,482944.47],[150509.534,482944.879],[150510.223,482945.286],[150510.913,482945.692],[150511.604,482946.097],[150512.295,482946.502],[150512.986,482946.906],[150513.677,482947.31],[150514.369,482947.713],[150515.061,482948.116],[150515.803,482948.546],[150516.546,482948.973],[150517.29,482949.399],[150518.033,482949.825],[150518.775,482950.254],[150519.515,482950.687],[150520.252,482951.125],[150520.99,482951.571],[150521.727,482952.021],[150522.462,482952.473],[150523.195,482952.929],[150523.925,482953.389],[150524.653,482953.853],[150525.378,482954.321],[150526.106,482954.79],[150526.833,482955.26],[150527.554,482955.739],[150528.261,482956.238],[150528.93,482956.737],[150529.587,482957.25],[150530.234,482957.776],[150530.741,482958.206],[150531.733,482959.089],[150533.408,482960.684],[150534.173,482961.439],[150534.562,482961.799],[150534.943,482962.169],[150535.316,482962.546],[150535.681,482962.932],[150536.037,482963.326],[150536.384,482963.728],[150536.722,482964.136],[150537.074,482964.587],[150537.412,482965.048],[150537.739,482965.518],[150538.057,482965.994],[150538.366,482966.476],[150538.67,482966.961],[150538.971,482967.449],[150539.261,482967.929],[150539.545,482968.413],[150539.823,482968.9],[150540.095,482969.392],[150540.361,482969.887],[150540.62,482970.385],[150541.118,482971.39],[150542.63,482974.384],[150542.79,482974.656],[150542.971,482974.917],[150543.172,482975.162],[150543.392,482975.391],[150543.627,482975.601],[150543.919,482975.818],[150544.233,482976.007],[150544.563,482976.169],[150544.907,482976.301],[150545.259,482976.405],[150545.616,482976.478],[150545.998,482976.514],[150546.384,482976.51],[150546.77,482976.483],[150547.155,482976.45],[150547.52,482976.415],[150547.883,482976.368],[150548.246,482976.311],[150548.607,482976.243],[150548.966,482976.165],[150549.323,482976.077],[150549.677,482975.979],[150550.028,482975.871],[150550.376,482975.755],[150550.72,482975.63],[150551.084,482975.49],[150551.445,482975.341],[150551.802,482975.182],[150552.153,482975.011],[150552.495,482974.825],[150552.826,482974.621],[150553.1,482974.432],[150553.365,482974.231],[150553.623,482974.021],[150553.876,482973.804],[150554.125,482973.584],[150554.403,482973.328],[150554.675,482973.065],[150554.941,482972.796],[150555.2,482972.52],[150555.451,482972.237],[150555.932,482971.654],[150557.707,482969.354],[150560.394,482965.829],[150564.321,482960.646],[150568.279,482955.315],[150571.656,482957.894],[150560.703,482972.533],[150560.511,482972.792],[150560.316,482973.049],[150560.119,482973.305],[150559.919,482973.559],[150559.717,482973.81],[150559.513,482974.06],[150559.306,482974.308],[150559.097,482974.554],[150558.905,482974.776],[150558.712,482974.996],[150558.516,482975.215],[150558.318,482975.431],[150558.118,482975.646],[150557.925,482975.848],[150557.729,482976.048],[150557.532,482976.247],[150557.332,482976.442],[150557.129,482976.635],[150556.912,482976.836],[150556.694,482977.035],[150556.473,482977.232],[150556.249,482977.426],[150556.021,482977.615],[150555.789,482977.798],[150555.552,482977.974],[150555.31,482978.142],[150555.03,482978.321],[150554.745,482978.489],[150554.454,482978.648],[150554.159,482978.801],[150553.861,482978.947],[150553.561,482979.09],[150553.26,482979.231],[150552.985,482979.355],[150552.707,482979.474],[150552.427,482979.588],[150552.146,482979.698],[150551.863,482979.806],[150551.58,482979.911],[150551.296,482980.015],[150551.012,482980.119],[150550.728,482980.224],[150550.416,482980.339],[150550.103,482980.453],[150549.79,482980.565],[150549.476,482980.676],[150549.161,482980.785],[150548.846,482980.891],[150548.602,482980.965],[150548.356,482981.035],[150548.113,482981.111],[150547.875,482981.202],[150547.607,482981.325],[150547.344,482981.461],[150547.091,482981.613],[150546.853,482981.786],[150546.634,482981.98],[150546.43,482982.207],[150546.248,482982.455],[150546.089,482982.719],[150545.952,482982.995],[150545.837,482983.278],[150545.746,482983.572],[150545.681,482983.873],[150545.638,482984.18],[150545.616,482984.489],[150545.611,482984.798],[150545.624,482985.124],[150545.657,482985.449],[150545.788,482986.089],[150545.963,482987.383],[150546.046,482988.005],[150546.126,482988.627],[150546.204,482989.249],[150546.279,482989.872],[150546.342,482990.397],[150546.402,482990.922],[150546.456,482991.448],[150546.515,482992.103],[150546.567,482992.76],[150546.607,482993.417],[150546.627,482994.074],[150546.622,482994.731],[150546.591,482995.396],[150546.539,482996.059],[150546.463,482996.72],[150546.389,482997.198],[150546.303,482997.673],[150546.214,482998.149],[150546.092,482998.784],[150545.965,482999.418],[150545.834,483000.051],[150545.703,483000.684],[150545.58,483001.279],[150545.457,483001.874],[150545.332,483002.469],[150545.207,483003.064],[150545.08,483003.658],[150544.952,483004.252],[150544.821,483004.846],[150544.689,483005.439],[150544.553,483006.031],[150544.415,483006.623],[150544.272,483007.229],[150544.128,483007.834],[150543.982,483008.439],[150543.833,483009.044],[150543.68,483009.647],[150543.523,483010.249],[150543.361,483010.85],[150543.191,483011.478],[150543.018,483012.105],[150542.836,483012.729],[150542.637,483013.348],[150542.422,483013.95],[150542.193,483014.547],[150541.953,483015.14],[150541.724,483015.678],[150541.482,483016.211],[150541.232,483016.74],[150540.974,483017.265],[150540.71,483017.788],[150540.444,483018.31]],[[150456.501,483086.354],[150456.456,483086.466],[150456.425,483086.582],[150456.411,483086.701],[150456.412,483086.821],[150456.429,483086.94],[150456.442,483086.992],[150457.808,483091.92],[150457.832,483092.006],[150457.869,483092.111],[150457.921,483092.21],[150457.987,483092.3],[150458.065,483092.38],[150458.153,483092.449],[150458.251,483092.503],[150458.355,483092.544],[150458.463,483092.569],[150458.575,483092.578],[150458.686,483092.571],[150458.795,483092.548],[150458.879,483092.519],[150459.508,483092.261],[150459.676,483092.193],[150459.858,483092.109],[150460.033,483092.011],[150460.2,483091.9],[150460.358,483091.776],[150460.479,483091.664],[150460.839,483091.314],[150461.262,483090.853],[150462.156,483089.909],[150462.226,483089.824],[150462.283,483089.729],[150462.326,483089.627],[150462.353,483089.52],[150462.365,483089.41],[150462.361,483089.3],[150462.36,483089.295],[150462.355,483089.254],[150462.124,483087.277],[150462.118,483087.23],[150462.098,483087.125],[150462.062,483087.024],[150462.012,483086.929],[150461.948,483086.843],[150461.872,483086.767],[150461.785,483086.703],[150461.781,483086.701],[150458.404,483084.614],[150458.293,483084.545],[150458.197,483084.495],[150458.094,483084.459],[150457.987,483084.439],[150457.878,483084.435],[150457.77,483084.446],[150457.665,483084.474],[150457.565,483084.516],[150457.472,483084.573],[150457.388,483084.643],[150457.316,483084.724],[150457.256,483084.815],[150457.238,483084.849],[150456.551,483086.252],[150456.501,483086.354]],[[150353.755,482924.553],[150353.417,482923.428],[150353.352,482923.213],[150353.323,482923.141],[150353.279,482923.078],[150353.223,482923.024],[150353.157,482922.983],[150353.084,482922.957],[150353.008,482922.946],[150352.931,482922.951],[150352.856,482922.971],[150352.787,482923.007],[150352.735,482923.049],[150350.647,482925.032],[150350.505,482925.167],[150350.45,482925.23],[150350.408,482925.302],[150350.381,482925.381],[150350.369,482925.464],[150350.373,482925.548],[150350.393,482925.629],[150350.428,482925.705],[150350.476,482925.773],[150350.537,482925.831],[150350.608,482925.876],[150350.614,482925.879],[150353.818,482927.45],[150353.889,482927.476],[150353.965,482927.487],[150354.04,482927.481],[150354.114,482927.46],[150354.181,482927.425],[150354.239,482927.376],[150354.281,482927.323],[150354.341,482927.235],[150354.388,482927.139],[150354.42,482927.037],[150354.436,482926.932],[150354.436,482926.825],[150354.421,482926.719],[150354.403,482926.656],[150354.113,482925.759],[150353.755,482924.553]],[[150353.728,483079.656],[150340.851,483097.863],[150337.519,483102.581],[150337.132,483103.246],[150336.972,483103.599],[150336.834,483103.962],[150336.72,483104.334],[150336.631,483104.711],[150336.568,483105.092],[150336.53,483105.473],[150336.52,483105.898],[150336.543,483106.325],[150336.598,483106.751],[150336.683,483107.173],[150336.796,483107.587],[150336.938,483107.991],[150337.107,483108.382],[150337.278,483108.714],[150337.47,483109.037],[150337.682,483109.348],[150337.913,483109.646],[150338.161,483109.929],[150338.426,483110.196],[150338.705,483110.444],[150345.834,483116.66],[150352.911,483122.777],[150354.592,483124.198],[150355.434,483124.907],[150356.276,483125.616],[150357.119,483126.324],[150358.016,483127.077],[150358.914,483127.829],[150359.812,483128.581],[150360.711,483129.332],[150361.61,483130.083],[150362.51,483130.832],[150363.412,483131.58],[150364.314,483132.326],[150365.218,483133.071],[150366.124,483133.814],[150366.921,483134.465],[150367.719,483135.116],[150368.517,483135.766],[150369.316,483136.414],[150370.117,483137.061],[150370.919,483137.707],[150371.722,483138.35],[150372.646,483139.09],[150373.57,483139.831],[150374.495,483140.57],[150375.423,483141.305],[150376.354,483142.036],[150377.29,483142.761],[150378.233,483143.477],[150379.181,483144.187],[150380.134,483144.891],[150381.091,483145.589],[150382.052,483146.281],[150383.018,483146.966],[150383.989,483147.644],[150384.927,483148.301],[150385.864,483148.961],[150386.804,483149.614],[150387.755,483150.252],[150388.721,483150.865],[150389.707,483151.444],[150390.689,483151.989],[150391.68,483152.525],[150392.683,483153.045],[150393.698,483153.54],[150394.727,483154.001],[150395.77,483154.42],[150396.827,483154.788],[150397.901,483155.097],[150398.992,483155.339],[150400.048,483155.506],[150401.111,483155.619],[150402.179,483155.688],[150403.25,483155.72],[150404.32,483155.724],[150405.331,483155.7],[150406.341,483155.644],[150407.35,483155.561],[150408.356,483155.458],[150409.363,483155.335],[150410.367,483155.189],[150411.203,483155.053],[150412.037,483154.899],[150412.864,483154.718],[150413.915,483154.434],[150414.953,483154.099],[150415.98,483153.729],[150416.997,483153.337],[150417.987,483152.927],[150418.963,483152.485],[150419.927,483152.017],[150420.882,483151.527],[150421.828,483151.02],[150422.768,483150.502],[150423.704,483149.978],[150424.604,483149.468],[150425.501,483148.951],[150426.392,483148.424],[150427.274,483147.882],[150428.145,483147.323],[150429.002,483146.744],[150429.842,483146.141],[150430.636,483145.534],[150431.413,483144.907],[150432.179,483144.264],[150432.936,483143.611],[150433.689,483142.953],[150434.458,483142.271],[150435.22,483141.58],[150435.974,483140.881],[150436.72,483140.173],[150437.458,483139.457],[150438.187,483138.732],[150439.11,483137.815],[150441.149,483135.753],[150444.114,483132.551],[150446.005,483130.46],[150449.033,483127.01],[150450.202,483125.634],[150450.75,483124.916],[150451.273,483124.18],[150451.77,483123.426],[150452.25,483122.641],[150452.705,483121.838],[150453.132,483121.02],[150453.527,483120.187],[150453.888,483119.339],[150454.214,483118.478],[150454.495,483117.613],[150454.736,483116.734],[150454.944,483115.846],[150455.121,483114.951],[150455.275,483114.051],[150455.409,483113.15],[150455.521,483112.269],[150455.608,483111.385],[150455.673,483110.499],[150455.714,483109.611],[150455.732,483108.723],[150455.727,483107.834],[150455.699,483106.947],[150455.637,483105.968],[150455.54,483104.991],[150455.419,483104.016],[150455.279,483103.043],[150455.131,483102.072],[150454.968,483101.088],[150454.786,483100.107],[150454.589,483099.129],[150454.38,483098.153],[150454.164,483097.179],[150453.942,483096.206],[150453.711,483095.219],[150453.472,483094.235],[150453.224,483093.252],[150452.967,483092.271],[150452.702,483091.293],[150452.429,483090.317],[150452.147,483089.343],[150451.857,483088.372],[150451.357,483086.634],[150449.407,483080.103],[150448.71,483077.931],[150448.358,483076.847],[150448.003,483075.763],[150447.645,483074.68],[150447.285,483073.598],[150446.922,483072.517],[150446.557,483071.436],[150446.189,483070.357],[150445.818,483069.278],[150445.449,483068.214],[150445.078,483067.151],[150444.704,483066.089],[150444.328,483065.028],[150443.949,483063.967],[150443.568,483062.908],[150443.184,483061.849],[150442.798,483060.791],[150442.41,483059.734],[150442.019,483058.678],[150441.625,483057.623],[150441.23,483056.569],[150440.859,483055.58],[150440.487,483054.591],[150440.114,483053.603],[150439.736,483052.617],[150439.352,483051.633],[150438.959,483050.652],[150438.565,483049.691],[150438.166,483048.732],[150437.76,483047.776],[150437.348,483046.822],[150436.928,483045.872],[150436.501,483044.925],[150436.028,483043.896],[150435.549,483042.869],[150435.062,483041.846],[150434.564,483040.828],[150434.054,483039.816],[150433.529,483038.812],[150433,483037.827],[150432.463,483036.845],[150431.916,483035.87],[150431.354,483034.903],[150430.776,483033.946],[150430.18,483033.001],[150429.561,483032.07],[150428.982,483031.226],[150428.395,483030.387],[150427.791,483029.561],[150427.159,483028.757],[150426.493,483027.982],[150425.875,483027.327],[150425.235,483026.693],[150424.576,483026.078],[150423.904,483025.478],[150423.179,483024.854],[150422.44,483024.246],[150421.684,483023.658],[150420.91,483023.097],[150420.115,483022.566],[150419.228,483022.014],[150418.322,483021.492],[150417.394,483021.015],[150416.438,483020.598],[150415.426,483020.235],[150414.394,483019.933],[150413.345,483019.698],[150412.361,483019.543],[150411.368,483019.445],[150410.371,483019.399],[150409.551,483019.397],[150408.732,483019.43],[150407.914,483019.497],[150407.099,483019.597],[150406.289,483019.731],[150405.486,483019.903],[150404.544,483020.169],[150403.623,483020.501],[150402.719,483020.888],[150401.834,483021.32],[150400.963,483021.787],[150400.108,483022.278],[150399.265,483022.784],[150398.316,483023.394],[150397.396,483024.048],[150396.501,483024.738],[150395.628,483025.458],[150394.773,483026.201],[150393.932,483026.959],[150393.102,483027.726],[150392.368,483028.423],[150391.647,483029.134],[150390.939,483029.858],[150390.245,483030.596],[150389.565,483031.346],[150388.9,483032.11],[150388.249,483032.885],[150386.035,483035.558],[150383.712,483038.575],[150380.596,483042.548],[150376.809,483047.485],[150353.728,483079.656]],[[150415.557,483005.331],[150416.404,483006.112],[150416.826,483006.504],[150417.247,483006.897],[150417.667,483007.29],[150418.086,483007.684],[150418.505,483008.079],[150418.942,483008.491],[150419.376,483008.907],[150419.772,483009.299],[150420.162,483009.697],[150420.547,483010.1],[150420.929,483010.506],[150421.309,483010.914],[150421.7,483011.342],[150422.087,483011.773],[150422.47,483012.207],[150422.85,483012.645],[150423.227,483013.085],[150423.602,483013.527],[150423.975,483013.971],[150424.347,483014.416],[150424.747,483014.897],[150425.146,483015.38],[150425.542,483015.864],[150425.936,483016.35],[150426.328,483016.839],[150426.716,483017.33],[150427.1,483017.824],[150427.48,483018.321],[150427.856,483018.822],[150428.226,483019.326],[150428.577,483019.81],[150428.925,483020.296],[150429.269,483020.784],[150429.608,483021.276],[150429.941,483021.773],[150430.266,483022.274],[150430.581,483022.777],[150430.889,483023.285],[150431.191,483023.797],[150431.486,483024.312],[150431.774,483024.831],[150432.055,483025.354],[150433.488,483028.007],[150434.787,483030.428],[150435.425,483031.645],[150436.054,483032.866],[150436.675,483034.092],[150437.361,483035.471],[150438.037,483036.855],[150438.702,483038.245],[150439.356,483039.64],[150440,483041.04],[150440.633,483042.444],[150441.255,483043.853],[150441.868,483045.266],[150442.481,483046.718],[150443.083,483048.175],[150443.673,483049.636],[150444.256,483051.1],[150444.833,483052.567],[150445.396,483054.013],[150445.952,483055.463],[150446.501,483056.915],[150447.042,483058.37],[150447.577,483059.827],[150448.105,483061.287],[150448.625,483062.75],[150449.138,483064.215],[150449.644,483065.682],[150451.578,483071.381],[150451.9,483072.362],[150452.014,483072.698],[150452.143,483073.03],[150452.285,483073.357],[150452.441,483073.677],[150452.61,483073.992],[150452.792,483074.298],[150452.986,483074.596],[150453.191,483074.886],[150453.432,483075.193],[150453.686,483075.491],[150453.955,483075.777],[150454.237,483076.051],[150454.53,483076.312],[150454.835,483076.559],[150455.475,483077.008],[150457.352,483078.322],[150459.671,483079.797],[150459.988,483079.994],[150460.306,483080.191],[150460.625,483080.386],[150460.944,483080.58],[150461.265,483080.773],[150461.585,483080.965],[150461.907,483081.156],[150462.229,483081.345],[150462.552,483081.535],[150462.875,483081.727],[150463.197,483081.919],[150463.521,483082.109],[150463.846,483082.296],[150464.174,483082.478],[150464.505,483082.653],[150464.84,483082.82],[150465.215,483083],[150465.591,483083.178],[150465.97,483083.35],[150466.352,483083.513],[150466.739,483083.663],[150467.132,483083.796],[150467.53,483083.91],[150467.905,483084],[150468.284,483084.077],[150468.666,483084.141],[150469.049,483084.192],[150469.435,483084.228],[150469.821,483084.248],[150470.207,483084.253],[150470.592,483084.242],[150470.965,483084.213],[150471.337,483084.168],[150471.707,483084.106],[150472.075,483084.031],[150472.441,483083.944],[150472.805,483083.846],[150473.165,483083.739],[150473.522,483083.624],[150473.853,483083.507],[150474.18,483083.38],[150474.503,483083.244],[150474.825,483083.102],[150475.144,483082.955],[150475.462,483082.806],[150475.804,483082.641],[150476.144,483082.471],[150476.481,483082.296],[150476.815,483082.116],[150477.142,483081.93],[150477.465,483081.737],[150477.786,483081.539],[150478.105,483081.34],[150478.425,483081.142],[150478.748,483080.948],[150479.071,483080.757],[150479.391,483080.559],[150479.702,483080.348],[150479.972,483080.145],[150480.492,483079.715],[150481.298,483078.988],[150483.362,483076.913],[150488.753,483071.735],[150494.358,483066.161],[150498.184,483062.28],[150502.21,483058.094],[150510.139,483049.747],[150510.696,483049.162],[150511.251,483048.576],[150511.804,483047.988],[150512.354,483047.397],[150512.903,483046.805],[150513.449,483046.21],[150513.993,483045.614],[150514.535,483045.016],[150515.075,483044.415],[150515.613,483043.813],[150516.156,483043.2],[150516.697,483042.585],[150517.236,483041.968],[150517.772,483041.349],[150518.838,483040.105],[150519.075,483039.815],[150519.445,483039.396],[150519.814,483038.975],[150520.18,483038.552],[150520.545,483038.128],[150520.907,483037.702],[150521.268,483037.274],[150521.652,483036.812],[150522.034,483036.349],[150522.414,483035.883],[150522.791,483035.416],[150523.166,483034.947],[150523.539,483034.477],[150523.911,483034.005],[150524.292,483033.517],[150524.672,483033.026],[150525.049,483032.535],[150525.413,483032.059],[150525.775,483031.582],[150526.135,483031.104],[150526.494,483030.625],[150526.852,483030.145],[150527.208,483029.664],[150527.564,483029.182],[150527.93,483028.682],[150528.296,483028.181],[150528.66,483027.679],[150529.022,483027.176],[150529.383,483026.672],[150529.743,483026.167],[150530.101,483025.661],[150530.458,483025.154],[150531.168,483024.138],[150531.844,483023.172],[150532.155,483022.733],[150532.462,483022.291],[150532.765,483021.846],[150533.064,483021.398],[150533.359,483020.948],[150533.651,483020.495],[150533.938,483020.04],[150534.221,483019.582],[150534.5,483019.121],[150534.775,483018.659],[150535.046,483018.193],[150535.312,483017.726],[150535.566,483017.277],[150535.818,483016.828],[150536.067,483016.376],[150536.312,483015.922],[150536.55,483015.466],[150536.782,483015.005],[150537.004,483014.541],[150537.215,483014.071],[150537.405,483013.623],[150537.589,483013.172],[150537.764,483012.717],[150537.931,483012.26],[150538.075,483011.847],[150538.211,483011.432],[150538.465,483010.595],[150539.68,483005.925],[150539.963,483004.716],[150541.145,482999.51],[150541.272,482998.893],[150541.382,482998.244],[150541.479,482997.593],[150541.561,482996.94],[150541.639,482996.177],[150541.696,482995.413],[150541.722,482994.716],[150541.725,482994.019],[150541.713,482993.322],[150541.693,482992.624],[150541.663,482991.849],[150541.619,482991.075],[150541.563,482990.3],[150541.494,482989.526],[150541.412,482988.753],[150541.318,482987.982],[150541.211,482987.212],[150541.091,482986.443],[150540.958,482985.678],[150540.812,482984.915],[150540.654,482984.154],[150540.483,482983.397],[150540.3,482982.644],[150540.106,482981.903],[150539.9,482981.165],[150539.682,482980.43],[150539.452,482979.699],[150539.21,482978.972],[150538.955,482978.249],[150538.689,482977.53],[150538.122,482976.107],[150536.301,482972.518],[150536.046,482972.012],[150535.782,482971.51],[150535.508,482971.013],[150535.224,482970.521],[150534.932,482970.034],[150534.63,482969.553],[150534.319,482969.079],[150534,482968.61],[150533.638,482968.105],[150533.264,482967.61],[150532.879,482967.123],[150532.482,482966.644],[150532.076,482966.173],[150531.66,482965.709],[150531.237,482965.253],[150530.807,482964.803],[150530.371,482964.359],[150529.93,482963.92],[150529.485,482963.487],[150529.042,482963.065],[150528.594,482962.648],[150528.139,482962.238],[150527.679,482961.835],[150527.212,482961.44],[150526.738,482961.053],[150526.257,482960.676],[150525.813,482960.343],[150525.363,482960.017],[150524.909,482959.697],[150524.452,482959.381],[150524.006,482959.078],[150523.555,482958.78],[150523.101,482958.488],[150522.645,482958.198],[150522.188,482957.91],[150521.73,482957.623],[150521.273,482957.336],[150520.763,482957.015],[150520.252,482956.695],[150519.739,482956.378],[150519.3,482956.11],[150518.418,482955.582],[150514.021,482952.984],[150507.157,482948.973],[150506.352,482948.507],[150505.549,482948.037],[150504.747,482947.565],[150503.947,482947.09],[150503.149,482946.613],[150502.352,482946.132],[150501.472,482945.598],[150500.594,482945.061],[150499.717,482944.52],[150498.843,482943.976],[150497.972,482943.427],[150497.104,482942.874],[150496.326,482942.371],[150495.55,482941.864],[150494.777,482941.354],[150494.006,482940.84],[150493.236,482940.324],[150492.468,482939.806],[150491.701,482939.286],[150490.819,482938.686],[150489.94,482938.083],[150489.063,482937.478],[150488.188,482936.869],[150487.314,482936.258],[150486.443,482935.644],[150485.576,482935.029],[150484.712,482934.412],[150483.85,482933.791],[150482.989,482933.169],[150482.131,482932.543],[150480.42,482931.284],[150462.604,482917.976],[150458.798,482915.105],[150458.319,482914.745],[150441.888,482902.389],[150439.182,482900.402],[150438.404,482899.82],[150437.622,482899.243],[150436.836,482898.672],[150436.046,482898.107],[150435.377,482897.636],[150434.705,482897.171],[150434.032,482896.708],[150433.357,482896.246],[150432.553,482895.698],[150431.748,482895.151],[150430.942,482894.607],[150430.133,482894.066],[150429.323,482893.527],[150428.511,482892.991],[150427.697,482892.458],[150426.881,482891.928],[150426.063,482891.402],[150425.242,482890.88],[150424.419,482890.361],[150423.593,482889.842],[150422.766,482889.323],[150421.938,482888.807],[150421.108,482888.293],[150420.275,482887.785],[150419.438,482887.283],[150418.597,482886.789],[150417.75,482886.305],[150416.896,482885.832],[150416.113,482885.405],[150415.327,482884.981],[150414.537,482884.566],[150413.739,482884.166],[150412.932,482883.785],[150412.069,482883.404],[150411.196,482883.042],[150410.317,482882.698],[150409.43,482882.374],[150408.537,482882.068],[150407.585,482881.764],[150406.627,482881.478],[150405.662,482881.214],[150404.691,482880.972],[150403.715,482880.757],[150402.734,482880.568],[150401.748,482880.41],[150400.723,482880.277],[150399.693,482880.173],[150398.661,482880.098],[150397.628,482880.053],[150396.594,482880.036],[150395.581,482880.04],[150394.567,482880.065],[150393.554,482880.118],[150392.544,482880.205],[150391.54,482880.336],[150390.546,482880.516],[150389.652,482880.725],[150388.766,482880.972],[150387.89,482881.251],[150387.024,482881.559],[150386.166,482881.889],[150385.21,482882.291],[150384.266,482882.726],[150383.339,482883.193],[150381.535,482884.221],[150381.213,482884.414],[150380.397,482884.867],[150379.825,482885.208],[150379.256,482885.556],[150378.692,482885.91],[150378.132,482886.272],[150377.577,482886.64],[150377.099,482886.963],[150376.625,482887.29],[150376.154,482887.623],[150375.689,482887.962],[150375.229,482888.309],[150374.777,482888.666],[150374.33,482889.03],[150373.889,482889.401],[150373.453,482889.778],[150373.022,482890.16],[150372.533,482890.607],[150372.051,482891.061],[150371.575,482891.521],[150371.102,482891.984],[150370.761,482892.321],[150370.422,482892.66],[150370.085,482893],[150369.659,482893.43],[150369.236,482893.86],[150368.814,482894.293],[150368.394,482894.728],[150367.977,482895.165],[150367.537,482895.629],[150367.097,482896.094],[150366.659,482896.561],[150366.228,482897.033],[150365.804,482897.512],[150365.39,482897.999],[150364.975,482898.509],[150364.568,482899.026],[150364.17,482899.549],[150363.766,482900.094],[150363.373,482900.647],[150363.003,482901.194],[150362.644,482901.749],[150362.298,482902.312],[150361.966,482902.883],[150361.65,482903.462],[150361.381,482903.991],[150361.128,482904.527],[150360.888,482905.069],[150360.658,482905.617],[150360.436,482906.168],[150360.221,482906.721],[150360.009,482907.275],[150359.789,482907.867],[150359.578,482908.462],[150359.374,482909.06],[150359.177,482909.66],[150358.984,482910.261],[150358.775,482910.908],[150358.563,482911.555],[150358.356,482912.204],[150358.16,482912.856],[150357.983,482913.512],[150357.833,482914.173],[150357.717,482914.842],[150357.64,482915.453],[150357.587,482916.067],[150357.555,482916.684],[150357.543,482917.302],[150357.55,482917.92],[150357.575,482918.538],[150357.616,482919.156],[150357.673,482919.771],[150357.744,482920.383],[150357.826,482920.957],[150357.923,482921.529],[150358.035,482922.099],[150358.16,482922.666],[150358.297,482923.23],[150358.446,482923.791],[150358.637,482924.442],[150358.851,482925.086],[150359.082,482925.725],[150359.33,482926.358],[150359.588,482926.987],[150359.856,482927.613],[150360.128,482928.236],[150360.402,482928.858],[150360.67,482929.454],[150360.947,482930.047],[150361.232,482930.635],[150361.524,482931.22],[150361.822,482931.803],[150362.125,482932.383],[150362.432,482932.961],[150362.742,482933.536],[150363.055,482934.111],[150363.37,482934.684],[150363.684,482935.251],[150364.001,482935.815],[150364.322,482936.378],[150364.647,482936.938],[150364.975,482937.497],[150365.306,482938.053],[150365.641,482938.607],[150366.322,482939.71],[150370.413,482946.077],[150374.104,482951.934],[150382.076,482964.616],[150386.156,482971.004],[150388.127,482974.029],[150389.101,482975.525],[150389.591,482976.271],[150390.084,482977.016],[150390.579,482977.759],[150391.077,482978.5],[150391.576,482979.24],[150392.105,482980.023],[150392.633,482980.807],[150393.163,482981.591],[150393.696,482982.372],[150394.233,482983.149],[150394.778,482983.921],[150395.333,482984.686],[150395.898,482985.443],[150396.527,482986.262],[150397.164,482987.074],[150397.809,482987.88],[150398.465,482988.677],[150399.13,482989.467],[150399.805,482990.247],[150400.492,482991.018],[150401.154,482991.742],[150401.826,482992.458],[150402.507,482993.166],[150403.196,482993.865],[150403.894,482994.555],[150405.962,482996.557],[150409.271,482999.631],[150411.931,483002.068],[150415.557,483005.331]],[[150393.842,483014.17],[150393.685,483014.983],[150393.514,483015.794],[150393.126,483017.403],[150392.488,483019.666],[150392.471,483019.727],[150392.447,483019.842],[150392.439,483019.96],[150392.446,483020.078],[150392.47,483020.194],[150392.508,483020.305],[150392.562,483020.411],[150392.629,483020.508],[150392.709,483020.595],[150392.8,483020.671],[150392.9,483020.733],[150393.007,483020.782],[150393.121,483020.815],[150393.237,483020.833],[150393.355,483020.835],[150393.473,483020.822],[150393.587,483020.792],[150393.696,483020.747],[150393.792,483020.693],[150396.341,483019.014],[150397.097,483018.447],[150397.879,483017.914],[150398.686,483017.416],[150399.515,483016.953],[150400.363,483016.529],[150401.228,483016.143],[150402.107,483015.798],[150402.963,483015.508],[150403.832,483015.257],[150404.714,483015.044],[150405.604,483014.867],[150406.5,483014.725],[150407.4,483014.617],[150408.302,483014.54],[150409.198,483014.496],[150410.097,483014.486],[150410.996,483014.509],[150411.895,483014.566],[150412.79,483014.657],[150414.564,483014.937],[150416.135,483015.279],[150416.236,483015.301],[150416.338,483015.315],[150416.44,483015.313],[150416.541,483015.295],[150416.638,483015.262],[150416.728,483015.213],[150416.81,483015.152],[150416.881,483015.078],[150416.94,483014.995],[150416.986,483014.903],[150417.001,483014.859],[150417.219,483014.178],[150417.243,483014.078],[150417.251,483013.976],[150417.242,483013.874],[150417.218,483013.775],[150417.179,483013.681],[150417.125,483013.594],[150417.059,483013.516],[150417.048,483013.505],[150416.896,483013.361],[150415.756,483012.274],[150415.396,483011.924],[150415.036,483011.574],[150414.674,483011.226],[150414.311,483010.878],[150413.948,483010.532],[150413.583,483010.187],[150413.236,483009.862],[150412.888,483009.538],[150412.538,483009.216],[150412.189,483008.894],[150411.838,483008.572],[150411.487,483008.251],[150411.137,483007.93],[150410.763,483007.588],[150410.389,483007.246],[150410.015,483006.905],[150409.64,483006.564],[150409.266,483006.224],[150408.891,483005.883],[150408.516,483005.543],[150408.152,483005.214],[150407.789,483004.885],[150407.425,483004.557],[150407.061,483004.228],[150406.698,483003.9],[150406.335,483003.57],[150405.943,483003.215],[150405.551,483002.86],[150405.161,483002.503],[150404.771,483002.146],[150404.442,483001.84],[150404.113,483001.533],[150403.785,483001.225],[150403.458,483000.917],[150403.131,483000.607],[150402.772,483000.266],[150402.412,482999.924],[150402.054,482999.581],[150401.697,482999.236],[150401.341,482998.891],[150400.987,482998.543],[150400.644,482998.203],[150400.303,482997.861],[150399.963,482997.518],[150399.624,482997.173],[150399.287,482996.827],[150398.951,482996.479],[150398.616,482996.13],[150398.283,482995.78],[150397.952,482995.428],[150397.622,482995.075],[150397.294,482994.721],[150396.967,482994.365],[150396.641,482994.008],[150395.995,482993.29],[150395.331,482992.564],[150394.998,482992.175],[150394.918,482992.094],[150394.827,482992.024],[150394.727,482991.968],[150394.62,482991.926],[150394.509,482991.9],[150394.395,482991.889],[150394.281,482991.894],[150394.168,482991.916],[150394.059,482991.952],[150393.957,482992.004],[150393.863,482992.069],[150393.779,482992.146],[150393.706,482992.235],[150393.647,482992.332],[150393.601,482992.438],[150393.571,482992.548],[150393.556,482992.662],[150393.558,482992.776],[150393.56,482992.798],[150393.565,482992.849],[150394.11,482997.843],[150394.213,482998.718],[150394.304,482999.596],[150394.381,483000.475],[150394.445,483001.355],[150394.495,483002.236],[150394.533,483003.117],[150394.558,483003.999],[150394.569,483004.881],[150394.567,483005.763],[150394.551,483006.733],[150394.523,483007.704],[150394.479,483008.674],[150394.418,483009.643],[150394.338,483010.61],[150394.235,483011.574],[150394.109,483012.536],[150393.983,483013.354],[150393.842,483014.17]],[[150388.639,483015.594],[150388.919,483014.293],[150389.158,483012.985],[150389.359,483011.673],[150389.513,483010.403],[150389.627,483009.128],[150389.707,483007.851],[150389.757,483006.572],[150389.78,483005.197],[150389.769,483003.819],[150389.722,483002.442],[150389.638,483001.067],[150389.517,482999.695],[150389.356,482998.327],[150389.156,482996.967],[150388.913,482995.632],[150388.627,482994.305],[150388.304,482992.986],[150387.951,482991.674],[150387.573,482990.369],[150387.178,482989.07],[150386.779,482987.821],[150386.358,482986.579],[150385.914,482985.344],[150385.448,482984.117],[150384.961,482982.898],[150384.452,482981.688],[150383.922,482980.487],[150383.372,482979.297],[150382.8,482978.117],[150382.068,482976.555],[150381.648,482975.656],[150381.223,482974.759],[150380.793,482973.864],[150380.359,482972.972],[150379.919,482972.082],[150379.475,482971.194],[150379.026,482970.309],[150378.573,482969.426],[150378.115,482968.546],[150377.701,482967.761],[150377.282,482966.979],[150376.86,482966.198],[150376.435,482965.42],[150376.006,482964.643],[150375.575,482963.867],[150375.141,482963.093],[150374.634,482962.197],[150374.123,482961.303],[150373.607,482960.412],[150373.088,482959.523],[150372.565,482958.636],[150372.038,482957.751],[150371.508,482956.868],[150370.975,482955.986],[150370.44,482955.107],[150369.902,482954.229],[150369.362,482953.352],[150368.861,482952.543],[150368.358,482951.735],[150367.854,482950.929],[150367.348,482950.123],[150366.838,482949.319],[150366.326,482948.517],[150365.811,482947.717],[150365.293,482946.92],[150364.771,482946.125],[150364.244,482945.332],[150363.714,482944.542],[150363.244,482943.849],[150362.771,482943.156],[150362.295,482942.467],[150361.815,482941.78],[150361.351,482941.124],[150360.885,482940.47],[150360.412,482939.82],[150359.93,482939.177],[150359.416,482938.505],[150358.896,482937.837],[150358.36,482937.182],[150357.8,482936.549],[150357.081,482935.81],[150356.333,482935.1],[150355.651,482934.497],[150354.947,482933.918],[150354.224,482933.365],[150353.48,482932.84],[150352.663,482932.299],[150351.828,482931.777],[150350.974,482931.289],[150350.097,482930.85],[150349.195,482930.474],[150348.268,482930.176],[150347.435,482929.985],[150346.592,482929.843],[150345.744,482929.735],[150344.793,482929.64],[150343.838,482929.586],[150342.883,482929.591],[150341.903,482929.661],[150340.928,482929.794],[150339.968,482929.999],[150339.165,482930.249],[150338.384,482930.563],[150337.619,482930.923],[150336.865,482931.309],[150336.117,482931.702],[150335.293,482932.155],[150334.485,482932.638],[150333.691,482933.144],[150332.908,482933.668],[150332.132,482934.203],[150331.36,482934.742],[150330.531,482935.331],[150329.709,482935.932],[150328.897,482936.545],[150328.094,482937.171],[150327.303,482937.811],[150326.523,482938.465],[150325.75,482939.142],[150324.992,482939.837],[150324.247,482940.546],[150323.512,482941.266],[150322.785,482941.994],[150322.063,482942.727],[150321.344,482943.462],[150320.721,482944.106],[150320.104,482944.756],[150319.492,482945.41],[150318.885,482946.069],[150318.28,482946.73],[150317.677,482947.393],[150317.075,482948.056],[150316.388,482948.816],[150315.705,482949.579],[150315.024,482950.344],[150314.347,482951.112],[150313.672,482951.883],[150312.332,482953.433],[150311.826,482954.019],[150310.945,482955.07],[150310.07,482956.126],[150309.201,482957.187],[150308.338,482958.253],[150307.48,482959.323],[150306.629,482960.398],[150305.783,482961.477],[150304.943,482962.561],[150303.992,482963.805],[150303.048,482965.054],[150302.112,482966.31],[150301.184,482967.571],[150300.264,482968.839],[150299.351,482970.112],[150297.551,482972.674],[150294.148,482977.461],[150290.602,482982.654],[150284.801,482991.583],[150280.782,482997.977],[150280.475,482998.456],[150280.172,482998.936],[150279.871,482999.419],[150279.574,482999.904],[150279.28,483000.391],[150278.99,483000.88],[150278.703,483001.371],[150278.419,483001.864],[150278.127,483002.378],[150277.839,483002.894],[150277.554,483003.412],[150277.273,483003.932],[150276.996,483004.455],[150276.724,483004.98],[150276.457,483005.507],[150276.188,483006.052],[150275.922,483006.6],[150275.662,483007.15],[150275.407,483007.703],[150275.158,483008.258],[150274.915,483008.816],[150274.686,483009.358],[150274.462,483009.902],[150274.243,483010.449],[150274.03,483010.997],[150273.62,483012.101],[150273.444,483012.624],[150273.112,483013.712],[150272.807,483014.809],[150272.531,483015.914],[150272.282,483017.025],[150272.063,483018.142],[150271.872,483019.264],[150271.707,483020.42],[150271.572,483021.58],[150271.468,483022.745],[150271.394,483023.913],[150271.351,483025.082],[150271.339,483026.251],[150271.357,483027.42],[150271.405,483028.587],[150271.479,483029.708],[150271.579,483030.827],[150271.707,483031.944],[150271.865,483033.058],[150272.054,483034.165],[150272.276,483035.266],[150272.567,483036.499],[150272.901,483037.722],[150273.274,483038.934],[150273.684,483040.135],[150274.129,483041.324],[150274.604,483042.5],[150275.108,483043.663],[150275.649,483044.826],[150276.223,483045.974],[150276.827,483047.106],[150277.46,483048.222],[150278.033,483049.168],[150278.633,483050.097],[150279.254,483051.013],[150279.891,483051.919],[150280.539,483052.817],[150281.193,483053.709],[150281.971,483054.749],[150282.765,483055.777],[150283.572,483056.795],[150284.387,483057.806],[150285.201,483058.798],[150286.024,483059.782],[150286.855,483060.758],[150287.694,483061.729],[150288.484,483062.628],[150289.282,483063.519],[150290.087,483064.405],[150290.897,483065.287],[150291.71,483066.165],[150292.526,483067.04],[150293.363,483067.934],[150294.204,483068.825],[150295.048,483069.712],[150295.896,483070.595],[150296.748,483071.474],[150297.604,483072.35],[150298.465,483073.221],[150299.33,483074.088],[150300.232,483074.982],[150301.139,483075.873],[150302.049,483076.759],[150302.965,483077.64],[150304.808,483079.389],[150305.001,483079.551],[150310.896,483085.032],[150317.859,483091.409],[150326.947,483099.695],[150327.23,483099.922],[150327.532,483100.128],[150327.849,483100.313],[150328.178,483100.474],[150328.518,483100.61],[150328.864,483100.72],[150329.28,483100.812],[150329.706,483100.865],[150330.139,483100.88],[150330.574,483100.858],[150331.006,483100.802],[150331.432,483100.713],[150331.847,483100.592],[150332.247,483100.442],[150332.596,483100.279],[150332.935,483100.09],[150333.261,483099.876],[150333.573,483099.639],[150333.867,483099.381],[150334.143,483099.105],[150334.626,483098.502],[150345.2,483083.495],[150352.632,483072.921],[150355.983,483068.165],[150364.899,483055.365],[150369.269,483049.004],[150373.458,483042.868],[150380.022,483033.193],[150381.525,483031.002],[150382.244,483029.884],[150382.941,483028.752],[150383.616,483027.608],[150384.258,483026.484],[150384.887,483025.352],[150385.494,483024.208],[150386.071,483023.049],[150386.608,483021.873],[150387.097,483020.677],[150387.549,483019.429],[150387.955,483018.164],[150388.318,483016.885],[150388.639,483015.594]]]},"id":"6a82a8b3-fca5-5c81-8bc9-f07e76f7be83"},{"type":"Feature","properties":{"bronhouder":"G0034","creation_date":"2024-01-10T23:00:00Z","eind_registratie":"2026-08-04T13:49:12Z","functie":"rijbaan lokale weg","functie_codespace":"http://www.geostandaarden.nl/imgeo/def/2.1#FunctieWeg","fysiek_voorkomen":"open verharding","fysiek_voorkomen_codespace":"http://www.geostandaarden.nl/imgeo/def/2.1#FysiekVoorkomenWeg","in_onderzoek":null,"in_onderzoek_leeg":"geenWaarde","kruinlijn_leeg":"waardeOnbekend","lokaal_id":"G0034.669a756b54384c27a9fc4ba02aa454bf","lv_publicatiedatum":"2024-01-11T13:57:33Z","op_talud":"false","op_talud_leeg":null,"plus_functie":null,"plus_functie_codespace":"http://www.geostandaarden.nl/imgeo/def/2.1#VoidReasonValue","plus_functie_leeg":"waardeOnbekend","plus_fysiek_voorkomen":null,"plus_fysiek_voorkomen_codespace":"http://www.geostandaarden.nl/imgeo/def/2.1#VoidReasonValue","plus_fysiek_voorkomen_leeg":"waardeOnbekend","plus_status":null,"plus_status_codespace":"http://www.geostandaarden.nl/imgeo/def/2.1#VoidReasonValue","plus_status_leeg":"geenWaarde","relatieve_hoogteligging":0,"status":"bestaand","status_codespace":"http://www.geostandaarden.nl/imgeo/def/2.1#Status","status_leeg":null,"termination_date":null,"termination_date_leeg":"geenWaarde","tijdstip_registratie":"2024-01-11T13:53:36Z","version":"280ec2bc-f364-27d3-29a7-1c6303ff683f"},"geometry":{"type":"Polygon","coordinates":[[[150174.644,483060.095],[150174.953,483060.125],[150175.265,483060.141],[150175.578,483060.141],[150175.891,483060.127],[150176.203,483060.099],[150176.513,483060.056],[150176.82,483059.998],[150177.123,483059.926],[150177.431,483059.835],[150177.733,483059.725],[150178.03,483059.599],[150178.321,483059.459],[150178.607,483059.307],[150178.888,483059.145],[150179.164,483058.975],[150179.435,483058.801],[150179.681,483058.632],[150179.923,483058.457],[150180.16,483058.274],[150180.391,483058.084],[150180.835,483057.684],[150182.122,483056.011],[150191.319,483043.013],[150213.795,483011.149],[150222.756,482998.481],[150229.923,482988.385],[150247.097,482964.013],[150251.618,482957.563],[150251.658,482957.504],[150251.75,482957.348],[150251.827,482957.185],[150251.89,482957.015],[150251.938,482956.841],[150251.977,482956.668],[150252.532,482954.22],[150252.542,482954.179],[150252.557,482954.117],[150252.609,482953.951],[150252.675,482953.791],[150252.757,482953.637],[150252.852,482953.492],[150255.342,482950.038],[150255.682,482949.567],[150255.729,482949.508],[150255.807,482949.433],[150255.895,482949.37],[150255.991,482949.321],[150257.679,482948.609],[150257.708,482948.596],[150257.815,482948.538],[150257.915,482948.466],[150258.004,482948.381],[150258.081,482948.286],[150258.295,482947.984],[150268.057,482934.22],[150275.348,482923.869],[150286.528,482907.992],[150294.945,482895.967],[150298.806,482890.548],[150303.564,482883.568],[150304.277,482880.35],[150305.718,482877.873],[150307.403,482876.113],[150309.699,482875.03],[150313.764,482869.295],[150324.268,482854.401],[150332.266,482843.065],[150335.275,482838.749],[150336.187,482837.51],[150341.211,482830.333],[150343.454,482827.219],[150344.702,482825.428],[150351.33,482815.976],[150354.166,482812.003],[150356.845,482808.207],[150365.307,482796.045],[150366.111,482794.878],[150368.174,482791.945],[150370.056,482789.166],[150370.356,482788.523],[150370.497,482788.197],[150370.632,482787.869],[150370.761,482787.538],[150370.884,482787.204],[150371.001,482786.869],[150371.111,482786.532],[150371.201,482786.244],[150371.288,482785.955],[150371.368,482785.664],[150371.44,482785.371],[150371.52,482785.026],[150371.6,482784.677],[150371.674,482784.326],[150371.739,482783.973],[150371.787,482783.619],[150371.815,482783.266],[150371.816,482782.915],[150371.787,482782.568],[150371.721,482782.225],[150371.619,482781.878],[150371.49,482781.537],[150371.335,482781.206],[150371.156,482780.888],[150370.955,482780.585],[150370.732,482780.299],[150358.945,482771.665],[150360.807,482768.914],[150369.812,482775.174],[150376.916,482780.301],[150377.02,482780.376],[150383.092,482784.576],[150387.347,482787.471],[150387.286,482787.551],[150386.765,482788.239],[150385.316,482790.234],[150381.291,482787.456],[150380.648,482787.09],[150380.306,482786.944],[150379.954,482786.822],[150379.594,482786.728],[150379.231,482786.662],[150378.885,482786.624],[150378.534,482786.61],[150378.18,482786.62],[150377.827,482786.654],[150377.479,482786.715],[150377.138,482786.801],[150376.808,482786.915],[150376.491,482787.057],[150376.177,482787.232],[150375.877,482787.436],[150375.594,482787.664],[150375.329,482787.915],[150375.085,482788.186],[150374.866,482788.475],[150374.674,482788.778],[150370.054,482795.336],[150344.29,482831.847],[150289.815,482909.173],[150233.718,482988.812],[150183.723,483059.675],[150183.527,483059.971],[150183.348,483060.28],[150183.187,483060.6],[150183.044,483060.929],[150182.92,483061.266],[150182.816,483061.609],[150182.732,483061.956],[150182.67,483062.306],[150182.629,483062.658],[150182.609,483063.013],[150182.609,483063.371],[150182.63,483063.728],[150182.672,483064.084],[150182.734,483064.436],[150182.917,483065.122],[150183.663,483066.429],[150174.644,483060.095]]]},"id":"f986febd-b9ab-59cb-8a90-7e482ee2092b"},{"type":"Feature","properties":{"bronhouder":"G0034","creation_date":"2024-01-10T23:00:00Z","eind_registratie":null,"functie":"rijbaan lokale weg","functie_codespace":"http://www.geostandaarden.nl/imgeo/def/2.1#FunctieWeg","fysiek_voorkomen":"open verharding","fysiek_voorkomen_codespace":"http://www.geostandaarden.nl/imgeo/def/2.1#FysiekVoorkomenWeg","in_onderzoek":null,"in_onderzoek_leeg":"geenWaarde","kruinlijn_leeg":"waardeOnbekend","lokaal_id":"G0034.669a756b54384c27a9fc4ba02aa454bf","lv_publicatiedatum":"2026-08-04T13:54:14Z","op_talud":"false","op_talud_leeg":null,"plus_functie":null,"plus_functie_codespace":"http://www.geostandaarden.nl/imgeo/def/2.1#VoidReasonValue","plus_functie_leeg":"waardeOnbekend","plus_fysiek_voorkomen":null,"plus_fysiek_voorkomen_codespace":"http://www.geostandaarden.nl/imgeo/def/2.1#VoidReasonValue","plus_fysiek_voorkomen_leeg":"waardeOnbekend","plus_status":null,"plus_status_codespace":"http://www.geostandaarden.nl/imgeo/def/2.1#VoidReasonValue","plus_status_leeg":"geenWaarde","relatieve_hoogteligging":0,"status":"bestaand","status_codespace":"http://www.geostandaarden.nl/imgeo/def/2.1#Status","status_leeg":null,"termination_date":null,"termination_date_leeg":"geenWaarde","tijdstip_registratie":"2026-08-04T13:49:12Z","version":"16b45aa5-14aa-0073-a14f-b1eef652639e"},"geometry":{"type":"Polygon","coordinates":[[[150174.644,483060.095],[150174.953,483060.125],[150175.265,483060.141],[150175.578,483060.141],[150175.891,483060.127],[150176.203,483060.099],[150176.513,483060.056],[150176.82,483059.998],[150177.123,483059.926],[150177.431,483059.835],[150177.733,483059.725],[150178.03,483059.599],[150178.321,483059.459],[150178.607,483059.307],[150178.888,483059.145],[150179.164,483058.975],[150179.435,483058.801],[150179.681,483058.632],[150179.923,483058.457],[150180.16,483058.274],[150180.391,483058.084],[150180.835,483057.684],[150182.122,483056.011],[150191.319,483043.013],[150213.795,483011.149],[150222.756,482998.481],[150229.923,482988.385],[150247.097,482964.013],[150251.618,482957.563],[150251.658,482957.504],[150251.75,482957.348],[150251.827,482957.185],[150251.89,482957.015],[150251.938,482956.841],[150251.977,482956.668],[150252.532,482954.22],[150252.542,482954.179],[150252.557,482954.117],[150252.609,482953.951],[150252.675,482953.791],[150252.757,482953.637],[150252.852,482953.492],[150255.342,482950.038],[150255.682,482949.567],[150255.729,482949.508],[150255.807,482949.433],[150255.895,482949.37],[150255.991,482949.321],[150257.679,482948.609],[150257.708,482948.596],[150257.815,482948.538],[150257.915,482948.466],[150258.004,482948.381],[150258.081,482948.286],[150258.295,482947.984],[150268.057,482934.22],[150275.348,482923.869],[150286.528,482907.992],[150294.945,482895.967],[150298.806,482890.548],[150303.564,482883.568],[150304.277,482880.35],[150305.718,482877.873],[150307.403,482876.113],[150309.699,482875.03],[150313.764,482869.295],[150324.268,482854.401],[150332.266,482843.065],[150335.275,482838.749],[150336.187,482837.51],[150341.211,482830.333],[150343.454,482827.219],[150344.702,482825.428],[150351.33,482815.976],[150354.166,482812.003],[150356.845,482808.207],[150365.307,482796.045],[150366.111,482794.878],[150368.174,482791.945],[150370.056,482789.166],[150370.356,482788.523],[150370.497,482788.197],[150370.632,482787.869],[150370.761,482787.538],[150370.884,482787.204],[150371.001,482786.869],[150371.111,482786.532],[150371.201,482786.244],[150371.288,482785.955],[150371.368,482785.664],[150371.44,482785.371],[150371.52,482785.026],[150371.6,482784.677],[150371.674,482784.326],[150371.739,482783.973],[150371.787,482783.619],[150371.815,482783.266],[150371.816,482782.915],[150371.787,482782.568],[150371.721,482782.225],[150371.619,482781.878],[150371.49,482781.537],[150371.335,482781.206],[150371.156,482780.888],[150370.955,482780.585],[150370.732,482780.299],[150358.945,482771.665],[150360.807,482768.914],[150369.812,482775.174],[150376.916,482780.301],[150377.02,482780.376],[150383.092,482784.576],[150386.66,482787.004],[150387.347,482787.471],[150386.765,482788.239],[150385.316,482790.234],[150381.291,482787.456],[150380.648,482787.09],[150380.306,482786.944],[150379.954,482786.822],[150379.594,482786.728],[150379.231,482786.662],[150378.885,482786.624],[150378.534,482786.61],[150378.18,482786.62],[150377.827,482786.654],[150377.479,482786.715],[150377.138,482786.801],[150376.808,482786.915],[150376.491,482787.057],[150376.177,482787.232],[150375.877,482787.436],[150375.594,482787.664],[150375.329,482787.915],[150375.085,482788.186],[150374.866,482788.475],[150374.674,482788.778],[150370.054,482795.336],[150344.29,482831.847],[150289.815,482909.173],[150233.718,482988.812],[150183.723,483059.675],[150183.527,483059.971],[150183.348,483060.28],[150183.187,483060.6],[150183.044,483060.929],[150182.92,483061.266],[150182.816,483061.609],[150182.732,483061.956],[150182.67,483062.306],[150182.629,483062.658],[150182.609,483063.013],[150182.609,483063.371],[150182.63,483063.728],[150182.672,483064.084],[150182.734,483064.436],[150182.917,483065.122],[150183.663,483066.429],[150174.644,483060.095]]]},"id":"ca730b1a-e994-5ce3-a92f-7fb02afa48b6"}],"numberReturned":50}
