{"type":"FeatureCollection","timeStamp":"2026-09-22T10:56:03Z","links":[{"rel":"self","title":"This document as GeoJSON","type":"application/geo+json","href":"https://api.pdok.nl/lv/bgt/ogc/v1/collections/waterdeel/items?bbox=5.3180%2C52.3334%2C5.3212%2C52.3351&crs=http%3A%2F%2Fwww.opengis.net%2Fdef%2Fcrs%2FEPSG%2F0%2F28992&f=json&limit=1000"},{"rel":"alternate","title":"This document as JSON-FG","type":"application/vnd.ogc.fg+json","href":"https://api.pdok.nl/lv/bgt/ogc/v1/collections/waterdeel/items?bbox=5.3180%2C52.3334%2C5.3212%2C52.3351&crs=http%3A%2F%2Fwww.opengis.net%2Fdef%2Fcrs%2FEPSG%2F0%2F28992&f=jsonfg&limit=1000"},{"rel":"alternate","title":"This document as HTML","type":"text/html","href":"https://api.pdok.nl/lv/bgt/ogc/v1/collections/waterdeel/items?bbox=5.3180%2C52.3334%2C5.3212%2C52.3351&crs=http%3A%2F%2Fwww.opengis.net%2Fdef%2Fcrs%2FEPSG%2F0%2F28992&f=html&limit=1000"}],"features":[{"type":"Feature","properties":{"bronhouder":"W0650","creation_date":"2020-07-26T22:00:00Z","eind_registratie":"2020-07-28T13:48:09Z","in_onderzoek":null,"in_onderzoek_leeg":"geenWaarde","lokaal_id":"W0650.9c3fe1bc13214181900bfb4bd3595ad5","lv_publicatiedatum":"2020-07-27T16:18:12Z","plus_status":null,"plus_status_codespace":"http://www.geostandaarden.nl/imgeo/def/2.1#VoidReasonValue","plus_status_leeg":"geenWaarde","plus_type":"meer, plas, ven, vijver","plus_type_codespace":"http://www.geostandaarden.nl/imgeo/def/2.1#TypeWaterPlus","plus_type_leeg":null,"relatieve_hoogteligging":0,"status":"bestaand","status_codespace":"http://www.geostandaarden.nl/imgeo/def/2.1#Status","status_leeg":null,"termination_date":null,"termination_date_leeg":"geenWaarde","tijdstip_registratie":"2020-07-27T16:04:05Z","type":"watervlakte","type_codespace":"http://www.geostandaarden.nl/imgeo/def/2.1#TypeWater","version":"a6d5c975-716f-0a7c-133b-6c9d654bdcc9"},"geometry":{"type":"Polygon","coordinates":[[[150423.755,482825.209],[150424.105,482824.759],[150424.338,482824.892],[150460.224,482850.275],[150501.283,482878.955],[150521.943,482893.491],[150542.6,482908.058],[150582.634,482936.401],[150582.391,482936.802],[150580.191,482935.302],[150547.244,482912.007],[150521.599,482893.881],[150480.934,482865.199],[150460.134,482850.866],[150439.94,482836.52],[150428.331,482828.307],[150423.755,482825.209]]]},"id":"9eae47fd-edf9-5cff-934e-6eb820fc1e59"},{"type":"Feature","properties":{"bronhouder":"W0650","creation_date":"2020-07-26T22:00:00Z","eind_registratie":"2023-12-18T10:56:03Z","in_onderzoek":null,"in_onderzoek_leeg":"geenWaarde","lokaal_id":"W0650.9c3fe1bc13214181900bfb4bd3595ad5","lv_publicatiedatum":"2020-07-28T13:56:18Z","plus_status":null,"plus_status_codespace":"http://www.geostandaarden.nl/imgeo/def/2.1#VoidReasonValue","plus_status_leeg":"geenWaarde","plus_type":"sloot","plus_type_codespace":"http://www.geostandaarden.nl/imgeo/def/2.1#TypeWaterPlus","plus_type_leeg":null,"relatieve_hoogteligging":0,"status":"bestaand","status_codespace":"http://www.geostandaarden.nl/imgeo/def/2.1#Status","status_leeg":null,"termination_date":null,"termination_date_leeg":"geenWaarde","tijdstip_registratie":"2020-07-28T13:48:09Z","type":"waterloop","type_codespace":"http://www.geostandaarden.nl/imgeo/def/2.1#TypeWater","version":"e14a3ed2-9520-932b-44ce-2f00e180fcab"},"geometry":{"type":"Polygon","coordinates":[[[150583.096,482936.722],[150584.95,482938.012],[150585.279,482938.047],[150585.611,482938.002],[150595.565,482923.774],[150596.104,482923.481],[150596.495,482923.432],[150638.046,482952.384],[150638.29,482952.678],[150638.046,482953.118],[150637.948,482953.216],[150637.654,482953.363],[150596.841,482924.544],[150596.426,482924.44],[150596.08,482924.475],[150585.776,482938.599],[150585.326,482938.737],[150584.842,482938.642],[150582.815,482937.12],[150582.391,482936.802],[150580.191,482935.302],[150547.244,482912.007],[150521.599,482893.881],[150480.934,482865.199],[150460.134,482850.866],[150439.94,482836.52],[150428.331,482828.307],[150423.755,482825.209],[150424.105,482824.759],[150424.338,482824.892],[150460.224,482850.275],[150501.283,482878.955],[150521.943,482893.491],[150542.6,482908.058],[150582.634,482936.401],[150583.096,482936.722]]]},"id":"282957ee-ce3c-5a3c-9398-f7af5d733193"},{"type":"Feature","properties":{"bronhouder":"W0650","creation_date":"2020-07-26T22:00:00Z","eind_registratie":"2023-12-18T10:56:03Z","in_onderzoek":null,"in_onderzoek_leeg":"geenWaarde","lokaal_id":"W0650.c6f7c21a616e42a5b5b3495f6211f3e6","lv_publicatiedatum":"2020-07-27T16:18:12Z","plus_status":null,"plus_status_codespace":"http://www.geostandaarden.nl/imgeo/def/2.1#VoidReasonValue","plus_status_leeg":"geenWaarde","plus_type":"sloot","plus_type_codespace":"http://www.geostandaarden.nl/imgeo/def/2.1#TypeWaterPlus","plus_type_leeg":null,"relatieve_hoogteligging":0,"status":"bestaand","status_codespace":"http://www.geostandaarden.nl/imgeo/def/2.1#Status","status_leeg":null,"termination_date":null,"termination_date_leeg":"geenWaarde","tijdstip_registratie":"2020-07-27T16:04:04Z","type":"waterloop","type_codespace":"http://www.geostandaarden.nl/imgeo/def/2.1#TypeWater","version":"a82d6e88-1b4d-2393-32b1-d241bc63797c"},"geometry":{"type":"Polygon","coordinates":[[[150192.961,483053.878],[150188.267,483060.431],[150188.079,483060.532],[150187.998,483060.491],[150187.911,483060.424],[150187.912,483060.266],[150189.49,483057.985],[150191.725,483054.714],[150192.562,483053.602],[150215.36,483021.317],[150219.123,483015.882],[150232.418,482997.192],[150242.133,482983.729],[150259.758,482958.332],[150278.77,482931.033],[150295.517,482907.675],[150305.711,482892.803],[150317.912,482875.715],[150326.426,482863.817],[150344.543,482838.394],[150376.892,482792.027],[150377.125,482791.824],[150377.461,482791.743],[150391.725,482801.911],[150412.125,482816.369],[150411.748,482816.804],[150377.489,482792.408],[150377.28,482792.408],[150376.881,482792.788],[150355.457,482823.454],[150344.479,482839.254],[150331.275,482857.953],[150304.912,482894.818],[150277.047,482934.47],[150247.453,482976.747],[150215.743,483021.709],[150192.961,483053.878]]]},"id":"018e130c-e7e6-54d0-82dd-8b475454134e"},{"type":"Feature","properties":{"bronhouder":"G0034","creation_date":"2023-12-17T23:00:00Z","eind_registratie":"2024-01-11T14:05:40Z","in_onderzoek":null,"in_onderzoek_leeg":"geenWaarde","lokaal_id":"G0034.f24759356a6e48efb0b9dd4e7c375fc1","lv_publicatiedatum":"2023-12-18T11:54:14Z","plus_status":null,"plus_status_codespace":"http://www.geostandaarden.nl/imgeo/def/2.1#VoidReasonValue","plus_status_leeg":"geenWaarde","plus_type":"sloot","plus_type_codespace":"http://www.geostandaarden.nl/imgeo/def/2.1#TypeWaterPlus","plus_type_leeg":null,"relatieve_hoogteligging":0,"status":"bestaand","status_codespace":"http://www.geostandaarden.nl/imgeo/def/2.1#Status","status_leeg":null,"termination_date":null,"termination_date_leeg":"geenWaarde","tijdstip_registratie":"2023-12-18T10:56:15Z","type":"waterloop","type_codespace":"http://www.geostandaarden.nl/imgeo/def/2.1#TypeWater","version":"b43acf21-df3c-fe40-2ba8-be290fc71dbe"},"geometry":{"type":"Polygon","coordinates":[[[150291.385,482965.789],[150292.469,482966.6],[150283.351,482979.883],[150276.701,482989.988],[150272.661,482996.564],[150271.556,482995.812],[150274.613,482990.972],[150277.832,482985.943],[150280.648,482982.02],[150283.917,482977.142],[150287.639,482971.761],[150291.385,482965.789]]]},"id":"d2fb47ab-0445-5250-ac65-87409b845126"},{"type":"Feature","properties":{"bronhouder":"G0034","creation_date":"2023-12-17T23:00:00Z","eind_registratie":"2025-12-03T12:05:32Z","in_onderzoek":null,"in_onderzoek_leeg":"geenWaarde","lokaal_id":"G0034.034721867f9d44a6a35c8b6b14ff5e82","lv_publicatiedatum":"2023-12-18T11:54:14Z","plus_status":null,"plus_status_codespace":"http://www.geostandaarden.nl/imgeo/def/2.1#VoidReasonValue","plus_status_leeg":"geenWaarde","plus_type":"sloot","plus_type_codespace":"http://www.geostandaarden.nl/imgeo/def/2.1#TypeWaterPlus","plus_type_leeg":null,"relatieve_hoogteligging":0,"status":"bestaand","status_codespace":"http://www.geostandaarden.nl/imgeo/def/2.1#Status","status_leeg":null,"termination_date":null,"termination_date_leeg":"geenWaarde","tijdstip_registratie":"2023-12-18T10:56:17Z","type":"waterloop","type_codespace":"http://www.geostandaarden.nl/imgeo/def/2.1#TypeWater","version":"a5242832-dab8-ab67-c94f-8d1ba24e79e6"},"geometry":{"type":"Polygon","coordinates":[[[150493.446,482929.522],[150496.561,482931.765],[150495.793,482932.857],[150492.691,482930.503],[150493.446,482929.522]]]},"id":"2d452b1f-53df-5d0e-b608-5454e9a91f50"},{"type":"Feature","properties":{"bronhouder":"G0034","creation_date":"2023-12-17T23:00:00Z","eind_registratie":null,"in_onderzoek":null,"in_onderzoek_leeg":"geenWaarde","lokaal_id":"G0034.034721867f9d44a6a35c8b6b14ff5e82","lv_publicatiedatum":"2025-12-03T12:50:42Z","plus_status":null,"plus_status_codespace":"http://www.geostandaarden.nl/imgeo/def/2.1#VoidReasonValue","plus_status_leeg":"geenWaarde","plus_type":"sloot","plus_type_codespace":"http://www.geostandaarden.nl/imgeo/def/2.1#TypeWaterPlus","plus_type_leeg":null,"relatieve_hoogteligging":0,"status":"bestaand","status_codespace":"http://www.geostandaarden.nl/imgeo/def/2.1#Status","status_leeg":null,"termination_date":null,"termination_date_leeg":"geenWaarde","tijdstip_registratie":"2025-12-03T12:05:32Z","type":"waterloop","type_codespace":"http://www.geostandaarden.nl/imgeo/def/2.1#TypeWater","version":"904adc2a-a569-0651-9216-7dbc68deac1f"},"geometry":{"type":"Polygon","coordinates":[[[150495.707,482931.599],[150495.748,482931.759],[150495.656,482931.915],[150495.443,482931.984],[150495.182,482931.918],[150493.271,482930.432],[150493.621,482930.041],[150495.707,482931.599]]]},"id":"34ed9ce8-46e5-5348-8a90-093400398d69"},{"type":"Feature","properties":{"bronhouder":"G0034","creation_date":"2023-12-17T23:00:00Z","eind_registratie":null,"in_onderzoek":null,"in_onderzoek_leeg":"geenWaarde","lokaal_id":"G0034.0a0bd2bfeade4070af2c397309b7e723","lv_publicatiedatum":"2025-12-03T12:50:42Z","plus_status":null,"plus_status_codespace":"http://www.geostandaarden.nl/imgeo/def/2.1#VoidReasonValue","plus_status_leeg":"geenWaarde","plus_type":"sloot","plus_type_codespace":"http://www.geostandaarden.nl/imgeo/def/2.1#TypeWaterPlus","plus_type_leeg":null,"relatieve_hoogteligging":0,"status":"bestaand","status_codespace":"http://www.geostandaarden.nl/imgeo/def/2.1#Status","status_leeg":null,"termination_date":null,"termination_date_leeg":"geenWaarde","tijdstip_registratie":"2025-12-03T12:05:32Z","type":"waterloop","type_codespace":"http://www.geostandaarden.nl/imgeo/def/2.1#TypeWater","version":"11a76b55-ba98-1944-a56b-26777d845ff8"},"geometry":{"type":"Polygon","coordinates":[[[150521.769,482973.783],[150517.844,482975.145],[150506.625,482978.922],[150500.17,482981.29],[150499.869,482981.287],[150499.682,482981.066],[150499.682,482980.779],[150499.918,482980.578],[150506.373,482978.392],[150512.741,482976.369],[150519.568,482974.162],[150524.672,482972.438],[150531.453,482970.093],[150532.545,482969.645],[150532.575,482969.578],[150532.671,482969.363],[150531.097,482967.243],[150529.591,482965.392],[150526.913,482963.036],[150524.723,482961.323],[150524.597,482961.197],[150524.574,482961.047],[150524.666,482960.938],[150524.832,482960.903],[150525.039,482960.99],[150527.534,482963.024],[150529.562,482964.926],[150530.781,482966.22],[150531.873,482967.541],[150533.246,482969.444],[150534.827,482972.34],[150536.137,482974.766],[150537.516,482977.858],[150538.172,482979.444],[150538.781,482981.168],[150539.505,482983.903],[150539.735,482985.237],[150540.16,482988.513],[150540.275,482990.8],[150540.332,482996.352],[150540.241,482996.731],[150539.988,482996.858],[150539.746,482996.8],[150539.643,482996.616],[150539.631,482990.915],[150539.413,482986.386],[150538.827,482983.087],[150538.287,482981.237],[150537.666,482979.386],[150536.792,482977.168],[150534.907,482973.225],[150532.896,482969.8],[150532.756,482969.861],[150531.947,482970.185],[150528.936,482971.358],[150525.953,482972.392],[150521.769,482973.783]]]},"id":"e2242739-8ec2-5625-9018-ac144d90441f"},{"type":"Feature","properties":{"bronhouder":"G0034","creation_date":"2023-12-17T23:00:00Z","eind_registratie":"2025-12-03T12:05:32Z","in_onderzoek":null,"in_onderzoek_leeg":"geenWaarde","lokaal_id":"G0034.0f243096e4ca4dc7861c06b25ec32fbb","lv_publicatiedatum":"2023-12-18T11:54:14Z","plus_status":null,"plus_status_codespace":"http://www.geostandaarden.nl/imgeo/def/2.1#VoidReasonValue","plus_status_leeg":"geenWaarde","plus_type":"sloot","plus_type_codespace":"http://www.geostandaarden.nl/imgeo/def/2.1#TypeWaterPlus","plus_type_leeg":null,"relatieve_hoogteligging":0,"status":"bestaand","status_codespace":"http://www.geostandaarden.nl/imgeo/def/2.1#Status","status_leeg":null,"termination_date":null,"termination_date_leeg":"geenWaarde","tijdstip_registratie":"2023-12-18T10:56:15Z","type":"waterloop","type_codespace":"http://www.geostandaarden.nl/imgeo/def/2.1#TypeWater","version":"2bd659a8-4f2a-80f3-0545-afd4e89a0c8a"},"geometry":{"type":"Polygon","coordinates":[[[150413.038,482996.989],[150441.662,482973.271],[150442.258,482973.45],[150441.364,482974.642],[150413.787,482998.077],[150414.749,482999.169],[150414.203,482999.619],[150414.056,482999.741],[150414.034,482999.719],[150411.515,482997.223],[150412.309,482996.572],[150413.038,482996.989]]]},"id":"f4db78fe-f2e6-5c54-ba88-e863b044e2c4"},{"type":"Feature","properties":{"bronhouder":"G0034","creation_date":"2023-12-17T23:00:00Z","eind_registratie":null,"in_onderzoek":null,"in_onderzoek_leeg":"geenWaarde","lokaal_id":"G0034.0f243096e4ca4dc7861c06b25ec32fbb","lv_publicatiedatum":"2025-12-03T12:50:42Z","plus_status":null,"plus_status_codespace":"http://www.geostandaarden.nl/imgeo/def/2.1#VoidReasonValue","plus_status_leeg":"geenWaarde","plus_type":"sloot","plus_type_codespace":"http://www.geostandaarden.nl/imgeo/def/2.1#TypeWaterPlus","plus_type_leeg":null,"relatieve_hoogteligging":0,"status":"bestaand","status_codespace":"http://www.geostandaarden.nl/imgeo/def/2.1#Status","status_leeg":null,"termination_date":null,"termination_date_leeg":"geenWaarde","tijdstip_registratie":"2025-12-03T12:05:32Z","type":"waterloop","type_codespace":"http://www.geostandaarden.nl/imgeo/def/2.1#TypeWater","version":"1bb9ecf5-02e4-f70b-ec00-145d68342a6f"},"geometry":{"type":"Polygon","coordinates":[[[150413.787,482998.077],[150414.483,482998.754],[150414.543,482999.035],[150414.184,482999.547],[150413.891,482999.611],[150413.598,482999.51],[150411.549,482997.254],[150411.641,482996.978],[150411.816,482996.798],[150412.035,482996.677],[150412.309,482996.572],[150413.038,482996.989],[150441.662,482973.271],[150442.258,482973.45],[150442,482974.03],[150441.364,482974.642],[150413.787,482998.077]],[[150413.238,482997.819],[150413.41,482997.537],[150414.215,482996.905],[150441.623,482974.06],[150441.801,482973.756],[150441.698,482973.652],[150441.543,482973.658],[150441.295,482973.819],[150413.175,482997.273],[150412.979,482997.371],[150412.755,482997.302],[150412.606,482997.135],[150412.405,482996.997],[150412.163,482997.037],[150412.068,482997.164],[150412.054,482997.267],[150412.066,482997.353],[150413.732,482999.158],[150413.979,482999.101],[150414.066,482998.974],[150414.066,482998.848],[150413.238,482997.819]]]},"id":"2c471f91-96f0-5987-a8e5-be554d19b4d4"},{"type":"Feature","properties":{"bronhouder":"G0034","creation_date":"2023-12-17T23:00:00Z","eind_registratie":"2025-12-03T12:05:32Z","in_onderzoek":null,"in_onderzoek_leeg":"geenWaarde","lokaal_id":"G0034.2b4cd9006f364dc68270ce6ebdc7c600","lv_publicatiedatum":"2023-12-18T11:54:14Z","plus_status":null,"plus_status_codespace":"http://www.geostandaarden.nl/imgeo/def/2.1#VoidReasonValue","plus_status_leeg":"geenWaarde","plus_type":"sloot","plus_type_codespace":"http://www.geostandaarden.nl/imgeo/def/2.1#TypeWaterPlus","plus_type_leeg":null,"relatieve_hoogteligging":0,"status":"bestaand","status_codespace":"http://www.geostandaarden.nl/imgeo/def/2.1#Status","status_leeg":null,"termination_date":null,"termination_date_leeg":"geenWaarde","tijdstip_registratie":"2023-12-18T10:56:16Z","type":"waterloop","type_codespace":"http://www.geostandaarden.nl/imgeo/def/2.1#TypeWater","version":"f537322a-73c6-daa0-03de-9fbbe730d3df"},"geometry":{"type":"Polygon","coordinates":[[[150466.323,482924.025],[150455.429,482942.657],[150447.232,482956.034],[150445.019,482959.303],[150444.616,482959.102],[150448.137,482952.765],[150455.932,482939.69],[150463.476,482926.312],[150465.286,482923.445],[150465.789,482922.842],[150465.337,482922.339],[150463.979,482921.283],[150462.217,482920.152],[150461.464,482919.634],[150462.159,482918.841],[150466.812,482922.034],[150469.539,482923.983],[150485.617,482935.768],[150485.059,482936.571],[150468.938,482924.85],[150466.914,482923.579],[150466.323,482924.025]]]},"id":"6c815380-d74e-5eaa-8849-6fe135197e7e"},{"type":"Feature","properties":{"bronhouder":"G0034","creation_date":"2023-12-17T23:00:00Z","eind_registratie":null,"in_onderzoek":null,"in_onderzoek_leeg":"geenWaarde","lokaal_id":"G0034.2b4cd9006f364dc68270ce6ebdc7c600","lv_publicatiedatum":"2025-12-03T12:50:42Z","plus_status":null,"plus_status_codespace":"http://www.geostandaarden.nl/imgeo/def/2.1#VoidReasonValue","plus_status_leeg":"geenWaarde","plus_type":"sloot","plus_type_codespace":"http://www.geostandaarden.nl/imgeo/def/2.1#TypeWaterPlus","plus_type_leeg":null,"relatieve_hoogteligging":0,"status":"bestaand","status_codespace":"http://www.geostandaarden.nl/imgeo/def/2.1#Status","status_leeg":null,"termination_date":null,"termination_date_leeg":"geenWaarde","tijdstip_registratie":"2025-12-03T12:05:32Z","type":"waterloop","type_codespace":"http://www.geostandaarden.nl/imgeo/def/2.1#TypeWater","version":"b5d4072b-8e91-d5dd-585f-ce1765fb7bde"},"geometry":{"type":"Polygon","coordinates":[[[150445.764,482957.883],[150445.683,482957.921],[150445.597,482957.901],[150445.551,482957.869],[150445.528,482957.791],[150445.574,482957.705],[150446.384,482956.263],[150448.614,482952.366],[150451.292,482947.849],[150455.039,482941.699],[150456.131,482939.941],[150459.787,482933.585],[150462.809,482928.481],[150464.074,482926.355],[150465.614,482923.837],[150466.43,482922.711],[150462.005,482919.562],[150461.985,482919.458],[150462.008,482919.358],[150462.1,482919.271],[150462.266,482919.277],[150465.347,482921.432],[150469.123,482924.053],[150473.594,482927.403],[150479.588,482931.823],[150484.824,482935.472],[150485.163,482935.737],[150485.197,482935.892],[150485.14,482936.001],[150485.014,482936.059],[150484.766,482935.961],[150483.674,482935.162],[150479.393,482932.07],[150473.715,482927.766],[150470.381,482925.335],[150467.358,482923.208],[150466.749,482922.915],[150466.594,482922.932],[150466.295,482923.271],[150465.841,482923.903],[150445.764,482957.883]]]},"id":"495c4baa-4b0e-5f73-8409-bedf7e5e1a1a"},{"type":"Feature","properties":{"bronhouder":"G0034","creation_date":"2023-12-17T23:00:00Z","eind_registratie":"2025-12-03T12:05:32Z","in_onderzoek":null,"in_onderzoek_leeg":"geenWaarde","lokaal_id":"G0034.46bb9e71bdd748dbac8623c84031c529","lv_publicatiedatum":"2023-12-18T11:54:14Z","plus_status":null,"plus_status_codespace":"http://www.geostandaarden.nl/imgeo/def/2.1#VoidReasonValue","plus_status_leeg":"geenWaarde","plus_type":"sloot","plus_type_codespace":"http://www.geostandaarden.nl/imgeo/def/2.1#TypeWaterPlus","plus_type_leeg":null,"relatieve_hoogteligging":0,"status":"bestaand","status_codespace":"http://www.geostandaarden.nl/imgeo/def/2.1#Status","status_leeg":null,"termination_date":"2025-12-02T23:00:00Z","termination_date_leeg":null,"tijdstip_registratie":"2023-12-18T10:56:16Z","type":"waterloop","type_codespace":"http://www.geostandaarden.nl/imgeo/def/2.1#TypeWater","version":"ef428556-0a2e-56a5-cf24-373033ecf58f"},"geometry":{"type":"Polygon","coordinates":[[[150456.024,482915.341],[150453.92,482913.236],[150449.797,482910.118],[150443.912,482905.944],[150440.392,482903.781],[150439.436,482903.379],[150438.934,482904.083],[150436.419,482911.677],[150431.591,482928.072],[150429.076,482936.672],[150427.467,482940.142],[150427.266,482939.991],[150428.272,482937.477],[150429.026,482933.856],[150432.446,482921.031],[150438.077,482902.492],[150438.512,482901.537],[150441.702,482903.351],[150457.589,482915.126],[150457.015,482916.023],[150456.024,482915.341]]]},"id":"09143459-954c-57e6-84f7-eef57281dde8"},{"type":"Feature","properties":{"bronhouder":"G0034","creation_date":"2023-12-17T23:00:00Z","eind_registratie":"2025-12-03T12:05:32Z","in_onderzoek":null,"in_onderzoek_leeg":"geenWaarde","lokaal_id":"G0034.46bb9e71bdd748dbac8623c84031c529","lv_publicatiedatum":"2025-12-03T12:50:42Z","plus_status":null,"plus_status_codespace":"http://www.geostandaarden.nl/imgeo/def/2.1#VoidReasonValue","plus_status_leeg":"geenWaarde","plus_type":"sloot","plus_type_codespace":"http://www.geostandaarden.nl/imgeo/def/2.1#TypeWaterPlus","plus_type_leeg":null,"relatieve_hoogteligging":0,"status":"bestaand","status_codespace":"http://www.geostandaarden.nl/imgeo/def/2.1#Status","status_leeg":null,"termination_date":"2025-12-02T23:00:00Z","termination_date_leeg":null,"tijdstip_registratie":"2023-12-18T10:56:16Z","type":"waterloop","type_codespace":"http://www.geostandaarden.nl/imgeo/def/2.1#TypeWater","version":"13634693-2a2b-0c27-bb30-87950bbbc2c2"},"geometry":{"type":"Polygon","coordinates":[[[150456.024,482915.341],[150453.92,482913.236],[150449.797,482910.118],[150443.912,482905.944],[150440.392,482903.781],[150439.436,482903.379],[150438.934,482904.083],[150436.419,482911.677],[150431.591,482928.072],[150429.076,482936.672],[150427.467,482940.142],[150427.266,482939.991],[150428.272,482937.477],[150429.026,482933.856],[150432.446,482921.031],[150438.077,482902.492],[150438.512,482901.537],[150441.702,482903.351],[150457.589,482915.126],[150457.015,482916.023],[150456.024,482915.341]]]},"id":"8e234fa7-5fc4-5112-9802-b3a156a98646"},{"type":"Feature","properties":{"bronhouder":"G0034","creation_date":"2023-12-17T23:00:00Z","eind_registratie":"2025-12-03T12:05:32Z","in_onderzoek":null,"in_onderzoek_leeg":"geenWaarde","lokaal_id":"G0034.50cc09f5688f46c0a13200ba203d2c36","lv_publicatiedatum":"2023-12-18T11:54:14Z","plus_status":null,"plus_status_codespace":"http://www.geostandaarden.nl/imgeo/def/2.1#VoidReasonValue","plus_status_leeg":"geenWaarde","plus_type":"sloot","plus_type_codespace":"http://www.geostandaarden.nl/imgeo/def/2.1#TypeWaterPlus","plus_type_leeg":null,"relatieve_hoogteligging":0,"status":"bestaand","status_codespace":"http://www.geostandaarden.nl/imgeo/def/2.1#Status","status_leeg":null,"termination_date":null,"termination_date_leeg":"geenWaarde","tijdstip_registratie":"2023-12-18T10:56:16Z","type":"waterloop","type_codespace":"http://www.geostandaarden.nl/imgeo/def/2.1#TypeWater","version":"0e0c1ab7-0af1-2906-a0d5-771e46331cb2"},"geometry":{"type":"Polygon","coordinates":[[[150488.15,482925.65],[150487.277,482926.857],[150462.438,482908.485],[150463.137,482907.393],[150464.762,482908.509],[150488.15,482925.65]]]},"id":"d560b95c-531f-534b-9508-6b73859e5d4d"},{"type":"Feature","properties":{"bronhouder":"G0034","creation_date":"2023-12-17T23:00:00Z","eind_registratie":null,"in_onderzoek":null,"in_onderzoek_leeg":"geenWaarde","lokaal_id":"G0034.50cc09f5688f46c0a13200ba203d2c36","lv_publicatiedatum":"2025-12-03T12:50:42Z","plus_status":null,"plus_status_codespace":"http://www.geostandaarden.nl/imgeo/def/2.1#VoidReasonValue","plus_status_leeg":"geenWaarde","plus_type":"sloot","plus_type_codespace":"http://www.geostandaarden.nl/imgeo/def/2.1#TypeWaterPlus","plus_type_leeg":null,"relatieve_hoogteligging":0,"status":"bestaand","status_codespace":"http://www.geostandaarden.nl/imgeo/def/2.1#Status","status_leeg":null,"termination_date":null,"termination_date_leeg":"geenWaarde","tijdstip_registratie":"2025-12-03T12:05:32Z","type":"waterloop","type_codespace":"http://www.geostandaarden.nl/imgeo/def/2.1#TypeWater","version":"8848c19f-ff6f-c810-9664-100e4da09823"},"geometry":{"type":"Polygon","coordinates":[[[150487.241,482925.543],[150487.312,482925.64],[150487.341,482925.767],[150487.312,482925.862],[150487.218,482925.939],[150487.031,482925.951],[150486.881,482925.902],[150482.031,482922.316],[150470.812,482914.155],[150463.169,482908.293],[150463.174,482908.189],[150463.215,482908.091],[150463.324,482908.005],[150463.473,482908.005],[150487.241,482925.543]]]},"id":"ecd70a0e-f708-55c5-b330-53755df41ce5"},{"type":"Feature","properties":{"bronhouder":"G0034","creation_date":"2025-12-02T23:00:00Z","eind_registratie":null,"in_onderzoek":null,"in_onderzoek_leeg":"geenWaarde","lokaal_id":"G0034.59346ac39cd7408a974ae28373a890d5","lv_publicatiedatum":"2025-12-03T12:50:42Z","plus_status":null,"plus_status_codespace":"http://www.geostandaarden.nl/imgeo/def/2.1#VoidReasonValue","plus_status_leeg":"geenWaarde","plus_type":"sloot","plus_type_codespace":"http://www.geostandaarden.nl/imgeo/def/2.1#TypeWaterPlus","plus_type_leeg":null,"relatieve_hoogteligging":0,"status":"bestaand","status_codespace":"http://www.geostandaarden.nl/imgeo/def/2.1#Status","status_leeg":null,"termination_date":null,"termination_date_leeg":"geenWaarde","tijdstip_registratie":"2025-12-03T12:05:32Z","type":"waterloop","type_codespace":"http://www.geostandaarden.nl/imgeo/def/2.1#TypeWater","version":"a280b2bd-f2e2-d6da-8b9b-53a4b33cc8fd"},"geometry":{"type":"Polygon","coordinates":[[[150438.42,482903.469],[150438.147,482903.333],[150438.161,482903.115],[150438.393,482902.638],[150438.706,482901.97],[150438.842,482901.82],[150439.156,482901.834],[150447.345,482907.993],[150457.142,482915.092],[150457.224,482915.215],[150457.21,482915.446],[150456.938,482915.501],[150448.408,482909.165],[150439.551,482902.529],[150439.278,482902.406],[150439.115,482902.324],[150438.938,482902.392],[150438.42,482903.469]]]},"id":"b61a2925-1ea2-5160-a4fc-c9421b55b499"},{"type":"Feature","properties":{"bronhouder":"G0034","creation_date":"2023-12-17T23:00:00Z","eind_registratie":"2025-12-03T12:05:32Z","in_onderzoek":null,"in_onderzoek_leeg":"geenWaarde","lokaal_id":"G0034.5bde6599f3914f0fbe31fd822f6c6331","lv_publicatiedatum":"2023-12-18T11:54:14Z","plus_status":null,"plus_status_codespace":"http://www.geostandaarden.nl/imgeo/def/2.1#VoidReasonValue","plus_status_leeg":"geenWaarde","plus_type":"sloot","plus_type_codespace":"http://www.geostandaarden.nl/imgeo/def/2.1#TypeWaterPlus","plus_type_leeg":null,"relatieve_hoogteligging":0,"status":"bestaand","status_codespace":"http://www.geostandaarden.nl/imgeo/def/2.1#Status","status_leeg":null,"termination_date":null,"termination_date_leeg":"geenWaarde","tijdstip_registratie":"2023-12-18T10:56:15Z","type":"waterloop","type_codespace":"http://www.geostandaarden.nl/imgeo/def/2.1#TypeWater","version":"5e3973a0-02a3-3664-d81d-f4713e86ec94"},"geometry":{"type":"Polygon","coordinates":[[[150332.938,482923.148],[150333.607,482924.343],[150331.693,482925.359],[150328.308,482927.526],[150321.78,482932.852],[150313.426,482940.967],[150305.992,482949.328],[150304.773,482950.773],[150303.493,482949.902],[150304.524,482948.597],[150309.758,482942.402],[150315.59,482936.143],[150319.147,482933.014],[150324.765,482927.964],[150328.393,482925.475],[150331.314,482923.759],[150332.938,482923.148]]]},"id":"67371b8d-8bdc-56c3-9f6f-a53b87b1b491"},{"type":"Feature","properties":{"bronhouder":"G0034","creation_date":"2023-12-17T23:00:00Z","eind_registratie":null,"in_onderzoek":null,"in_onderzoek_leeg":"geenWaarde","lokaal_id":"G0034.5bde6599f3914f0fbe31fd822f6c6331","lv_publicatiedatum":"2025-12-03T12:50:42Z","plus_status":null,"plus_status_codespace":"http://www.geostandaarden.nl/imgeo/def/2.1#VoidReasonValue","plus_status_leeg":"geenWaarde","plus_type":"sloot","plus_type_codespace":"http://www.geostandaarden.nl/imgeo/def/2.1#TypeWaterPlus","plus_type_leeg":null,"relatieve_hoogteligging":0,"status":"bestaand","status_codespace":"http://www.geostandaarden.nl/imgeo/def/2.1#Status","status_leeg":null,"termination_date":null,"termination_date_leeg":"geenWaarde","tijdstip_registratie":"2025-12-03T12:05:32Z","type":"waterloop","type_codespace":"http://www.geostandaarden.nl/imgeo/def/2.1#TypeWater","version":"2142b07f-d252-f644-a127-f701a1901c0b"},"geometry":{"type":"Polygon","coordinates":[[[150307.573,482946.561],[150306.881,482947.417],[150306.636,482947.27],[150306.355,482947.601],[150306.559,482947.767],[150304.763,482949.756],[150304.631,482949.836],[150304.424,482949.836],[150304.326,482949.739],[150304.297,482949.624],[150304.352,482949.489],[150307.191,482946.351],[150310.628,482942.236],[150314.777,482937.948],[150316.329,482936.385],[150318.835,482934.04],[150321.835,482931.431],[150324.961,482928.776],[150326.547,482927.604],[150330.168,482925.086],[150332.504,482923.836],[150332.74,482923.79],[150332.826,482923.845],[150332.926,482924.023],[150332.886,482924.141],[150332.745,482924.239],[150330.596,482925.296],[150329.567,482925.963],[150326.837,482927.871],[150325.211,482929.003],[150319.194,482934.319],[150310.993,482942.497],[150307.573,482946.561]]]},"id":"0b54fa2d-e48a-5e23-b6be-f6f5d0f96d33"},{"type":"Feature","properties":{"bronhouder":"G0034","creation_date":"2023-12-17T23:00:00Z","eind_registratie":"2025-12-03T12:05:32Z","in_onderzoek":null,"in_onderzoek_leeg":"geenWaarde","lokaal_id":"G0034.5f444344742e449dad8989a106eb2226","lv_publicatiedatum":"2023-12-18T11:54:14Z","plus_status":null,"plus_status_codespace":"http://www.geostandaarden.nl/imgeo/def/2.1#VoidReasonValue","plus_status_leeg":"geenWaarde","plus_type":"sloot","plus_type_codespace":"http://www.geostandaarden.nl/imgeo/def/2.1#TypeWaterPlus","plus_type_leeg":null,"relatieve_hoogteligging":0,"status":"bestaand","status_codespace":"http://www.geostandaarden.nl/imgeo/def/2.1#Status","status_leeg":null,"termination_date":null,"termination_date_leeg":"geenWaarde","tijdstip_registratie":"2023-12-18T10:56:18Z","type":"waterloop","type_codespace":"http://www.geostandaarden.nl/imgeo/def/2.1#TypeWater","version":"352b324f-2f9a-d18a-8225-3a4810e0943d"},"geometry":{"type":"Polygon","coordinates":[[[150400.092,482838.985],[150401.244,482839.979],[150397.353,482845.622],[150391.937,482854.033],[150390.163,482856.335],[150389.133,482857.203],[150388.242,482856.561],[150389.394,482854.769],[150400.092,482838.985]]]},"id":"644c24c7-2256-5359-bd78-32c7bb76a32f"},{"type":"Feature","properties":{"bronhouder":"G0034","creation_date":"2023-12-17T23:00:00Z","eind_registratie":null,"in_onderzoek":null,"in_onderzoek_leeg":"geenWaarde","lokaal_id":"G0034.5f444344742e449dad8989a106eb2226","lv_publicatiedatum":"2025-12-03T12:50:42Z","plus_status":null,"plus_status_codespace":"http://www.geostandaarden.nl/imgeo/def/2.1#VoidReasonValue","plus_status_leeg":"geenWaarde","plus_type":"sloot","plus_type_codespace":"http://www.geostandaarden.nl/imgeo/def/2.1#TypeWaterPlus","plus_type_leeg":null,"relatieve_hoogteligging":0,"status":"bestaand","status_codespace":"http://www.geostandaarden.nl/imgeo/def/2.1#Status","status_leeg":null,"termination_date":null,"termination_date_leeg":"geenWaarde","tijdstip_registratie":"2025-12-03T12:05:32Z","type":"waterloop","type_codespace":"http://www.geostandaarden.nl/imgeo/def/2.1#TypeWater","version":"b507cee8-11e9-1a0c-7e65-b7d55920cb85"},"geometry":{"type":"Polygon","coordinates":[[[150394.597,482848.771],[150390.079,482855.645],[150389.597,482856.242],[150389.43,482856.357],[150389.206,482856.357],[150389.056,482856.202],[150389.062,482856.064],[150389.114,482855.909],[150399.964,482839.897],[150400.229,482839.679],[150400.355,482839.691],[150400.551,482839.851],[150400.516,482840.093],[150394.597,482848.771]]]},"id":"50bd2ea1-99b6-5ef7-8da2-ca68f588cbb3"},{"type":"Feature","properties":{"bronhouder":"G0034","creation_date":"2023-12-17T23:00:00Z","eind_registratie":"2025-12-03T12:05:32Z","in_onderzoek":null,"in_onderzoek_leeg":"geenWaarde","lokaal_id":"G0034.6a9f74a63a7d432d9778a0ded37e82e4","lv_publicatiedatum":"2023-12-18T11:54:14Z","plus_status":null,"plus_status_codespace":"http://www.geostandaarden.nl/imgeo/def/2.1#VoidReasonValue","plus_status_leeg":"geenWaarde","plus_type":"sloot","plus_type_codespace":"http://www.geostandaarden.nl/imgeo/def/2.1#TypeWaterPlus","plus_type_leeg":null,"relatieve_hoogteligging":0,"status":"bestaand","status_codespace":"http://www.geostandaarden.nl/imgeo/def/2.1#Status","status_leeg":null,"termination_date":null,"termination_date_leeg":"geenWaarde","tijdstip_registratie":"2023-12-18T10:56:15Z","type":"waterloop","type_codespace":"http://www.geostandaarden.nl/imgeo/def/2.1#TypeWater","version":"ca5e430b-9213-9d22-b4df-ac7188688b31"},"geometry":{"type":"Polygon","coordinates":[[[150387.356,483012.208],[150388.241,483012.411],[150388.067,483014.673],[150387.854,483015.672],[150387.614,483016.664],[150387.346,483017.65],[150387.052,483018.628],[150386.732,483019.597],[150386.391,483020.529],[150386.019,483021.448],[150385.619,483022.356],[150385.195,483023.255],[150384.75,483024.144],[150384.288,483025.025],[150383.812,483025.899],[150383.325,483026.766],[150382.831,483027.628],[150382.346,483028.455],[150381.847,483029.275],[150381.336,483030.087],[150380.812,483030.892],[150380.276,483031.688],[150379.169,483033.255],[150372.155,483043.519],[150369.284,483047.689],[150368.416,483046.941],[150376.883,483034.19],[150380.755,483028.557],[150382.918,483024.886],[150384.728,483021.566],[150385.784,483018.851],[150385.935,483017.895],[150373.413,483016.135],[150351.988,483013.821],[150345.953,483013.067],[150345.903,483012.363],[150347.16,483012.363],[150358.074,483013.369],[150383.219,483015.934],[150386.237,483016.386],[150386.945,483014.427],[150387.356,483012.208]]]},"id":"b7b723c2-2586-5129-b137-0972ace71707"},{"type":"Feature","properties":{"bronhouder":"G0034","creation_date":"2023-12-17T23:00:00Z","eind_registratie":null,"in_onderzoek":null,"in_onderzoek_leeg":"geenWaarde","lokaal_id":"G0034.6a9f74a63a7d432d9778a0ded37e82e4","lv_publicatiedatum":"2025-12-03T12:50:42Z","plus_status":null,"plus_status_codespace":"http://www.geostandaarden.nl/imgeo/def/2.1#VoidReasonValue","plus_status_leeg":"geenWaarde","plus_type":"sloot","plus_type_codespace":"http://www.geostandaarden.nl/imgeo/def/2.1#TypeWaterPlus","plus_type_leeg":null,"relatieve_hoogteligging":0,"status":"bestaand","status_codespace":"http://www.geostandaarden.nl/imgeo/def/2.1#Status","status_leeg":null,"termination_date":null,"termination_date_leeg":"geenWaarde","tijdstip_registratie":"2025-12-03T12:05:32Z","type":"waterloop","type_codespace":"http://www.geostandaarden.nl/imgeo/def/2.1#TypeWater","version":"59783c0c-ddab-bc99-c25a-aa1cbeaaa389"},"geometry":{"type":"Polygon","coordinates":[[[150383.579,483025.601],[150380.889,483029.9],[150376.751,483035.935],[150373.739,483040.429],[150369.423,483046.981],[150369.262,483047.113],[150369.079,483047.153],[150368.978,483047.084],[150368.955,483046.972],[150368.975,483046.857],[150369.021,483046.757],[150372.4,483041.768],[150380.55,483029.676],[150382.32,483026.883],[150383.722,483024.596],[150384.538,483023.09],[150385.285,483021.349],[150385.923,483019.515],[150386.423,483017.82],[150386.372,483017.607],[150386.13,483017.435],[150362.584,483014.63],[150347.308,483013.268],[150347.044,483013.211],[150346.923,483013.027],[150347.01,483012.9],[150347.291,483012.843],[150348.975,483012.975],[150359.142,483013.866],[150362.636,483014.245],[150375.176,483015.601],[150386.142,483016.981],[150386.625,483016.82],[150386.785,483016.314],[150387.395,483013.866],[150387.544,483013.762],[150387.716,483013.831],[150387.797,483014.027],[150387.636,483014.797],[150387.073,483017.303],[150386.59,483018.889],[150385.785,483021.05],[150384.682,483023.624],[150383.579,483025.601]]]},"id":"55c4ed31-ddc4-5b06-9758-77af35563d02"},{"type":"Feature","properties":{"bronhouder":"G0034","creation_date":"2023-12-17T23:00:00Z","eind_registratie":"2025-12-03T12:05:32Z","in_onderzoek":null,"in_onderzoek_leeg":"geenWaarde","lokaal_id":"G0034.70823786ed4741db8745fd4b556fa540","lv_publicatiedatum":"2023-12-18T11:54:14Z","plus_status":null,"plus_status_codespace":"http://www.geostandaarden.nl/imgeo/def/2.1#VoidReasonValue","plus_status_leeg":"geenWaarde","plus_type":"sloot","plus_type_codespace":"http://www.geostandaarden.nl/imgeo/def/2.1#TypeWaterPlus","plus_type_leeg":null,"relatieve_hoogteligging":0,"status":"bestaand","status_codespace":"http://www.geostandaarden.nl/imgeo/def/2.1#Status","status_leeg":null,"termination_date":null,"termination_date_leeg":"geenWaarde","tijdstip_registratie":"2023-12-18T10:56:15Z","type":"waterloop","type_codespace":"http://www.geostandaarden.nl/imgeo/def/2.1#TypeWater","version":"8a1309b3-9f32-c116-53d2-8d26c0528a04"},"geometry":{"type":"Polygon","coordinates":[[[150531.333,483017.077],[150518.817,483011.995],[150509.393,483008.51],[150502.636,483005.878],[150501.143,483005.558],[150500.751,483005.131],[150500.929,483004.74],[150503.952,483004.811],[150507.081,483006.127],[150515.118,483009.185],[150525.502,483013.453],[150531.786,483015.697],[150533.461,483016.337],[150534.06,483016.084],[150535.24,483013.687],[150536.114,483011.91],[150536.223,483011.67],[150536.318,483011.424],[150536.397,483011.172],[150536.42,483011.086],[150537.496,483006.954],[150538.396,483004.085],[150539.233,483004.663],[150539.006,483005.883],[150538.851,483006.659],[150538.679,483007.431],[150538.491,483008.199],[150538.286,483008.964],[150538.065,483009.723],[150537.828,483010.477],[150537.541,483011.316],[150537.231,483012.147],[150536.902,483012.971],[150536.553,483013.787],[150536.186,483014.595],[150535.803,483015.396],[150535.406,483016.189],[150535.004,483016.955],[150534.586,483017.714],[150534.153,483018.465],[150533.705,483019.207],[150533.241,483019.94],[150532.764,483020.663],[150531.766,483022.079],[150531.575,483022.345],[150530.016,483024.445],[150527.471,483027.999],[150526.38,483027.22],[150527.185,483026.168],[150529.341,483023.313],[150531.356,483020.346],[150532.882,483017.62],[150531.333,483017.077]]]},"id":"6c3def99-fb5a-5c89-beae-f4348ba5cf79"},{"type":"Feature","properties":{"bronhouder":"G0034","creation_date":"2025-12-02T23:00:00Z","eind_registratie":null,"in_onderzoek":null,"in_onderzoek_leeg":"geenWaarde","lokaal_id":"G0034.70a631fb7c7d482e865ad803a6c14980","lv_publicatiedatum":"2025-12-03T12:50:42Z","plus_status":null,"plus_status_codespace":"http://www.geostandaarden.nl/imgeo/def/2.1#VoidReasonValue","plus_status_leeg":"geenWaarde","plus_type":"sloot","plus_type_codespace":"http://www.geostandaarden.nl/imgeo/def/2.1#TypeWaterPlus","plus_type_leeg":null,"relatieve_hoogteligging":0,"status":"bestaand","status_codespace":"http://www.geostandaarden.nl/imgeo/def/2.1#Status","status_leeg":null,"termination_date":null,"termination_date_leeg":"geenWaarde","tijdstip_registratie":"2025-12-03T12:05:32Z","type":"waterloop","type_codespace":"http://www.geostandaarden.nl/imgeo/def/2.1#TypeWater","version":"df8e4edd-f026-2937-388d-463bcf329061"},"geometry":{"type":"Polygon","coordinates":[[[150404.177,482989.503],[150401.029,482986.164],[150397.527,482981.858],[150393.63,482976.653],[150389.242,482970.821],[150389.228,482970.535],[150389.31,482970.453],[150394.475,482976.966],[150399.707,482983.902],[150404.531,482989.421],[150405.703,482990.606],[150406.043,482991.001],[150405.948,482991.179],[150405.73,482991.179],[150404.177,482989.503]]]},"id":"71e3f167-9fbb-50be-94c6-2288c1c225b0"},{"type":"Feature","properties":{"bronhouder":"G0034","creation_date":"2023-12-17T23:00:00Z","eind_registratie":"2025-12-03T12:05:32Z","in_onderzoek":null,"in_onderzoek_leeg":"geenWaarde","lokaal_id":"G0034.8621344af62b4275895987f23b188a73","lv_publicatiedatum":"2023-12-18T11:54:14Z","plus_status":null,"plus_status_codespace":"http://www.geostandaarden.nl/imgeo/def/2.1#VoidReasonValue","plus_status_leeg":"geenWaarde","plus_type":"sloot","plus_type_codespace":"http://www.geostandaarden.nl/imgeo/def/2.1#TypeWaterPlus","plus_type_leeg":null,"relatieve_hoogteligging":0,"status":"bestaand","status_codespace":"http://www.geostandaarden.nl/imgeo/def/2.1#Status","status_leeg":null,"termination_date":"2025-12-02T23:00:00Z","termination_date_leeg":null,"tijdstip_registratie":"2023-12-18T10:56:18Z","type":"waterloop","type_codespace":"http://www.geostandaarden.nl/imgeo/def/2.1#TypeWater","version":"97507818-ce08-2b97-cb2a-e0205eeba781"},"geometry":{"type":"Polygon","coordinates":[[[150389.167,482969.616],[150391.084,482972.164],[150393.885,482975.86],[150395.018,482977.171],[150422.375,482953.986],[150422.911,482954.284],[150395.614,482977.707],[150395.733,482978.244],[150398.057,482981.701],[150400.561,482985.157],[150403.421,482988.257],[150405.854,482990.64],[150406.665,482991.602],[150406.045,482992.078],[150404.969,482991.339],[150404.41,482990.741],[150403.856,482990.139],[150403.307,482989.533],[150402.764,482988.921],[150402.225,482988.306],[150401.691,482987.686],[150401.163,482987.061],[150400.697,482986.501],[150400.235,482985.938],[150399.777,482985.372],[150399.323,482984.802],[150398.873,482984.228],[150398.428,482983.652],[150397.987,482983.072],[150397.118,482981.902],[150393.448,482976.622],[150388.466,482970.033],[150389.167,482969.616]]]},"id":"ad7942b6-d693-53ca-a148-0e0db669447e"},{"type":"Feature","properties":{"bronhouder":"G0034","creation_date":"2023-12-17T23:00:00Z","eind_registratie":"2025-12-03T12:05:32Z","in_onderzoek":null,"in_onderzoek_leeg":"geenWaarde","lokaal_id":"G0034.8621344af62b4275895987f23b188a73","lv_publicatiedatum":"2025-12-03T12:50:42Z","plus_status":null,"plus_status_codespace":"http://www.geostandaarden.nl/imgeo/def/2.1#VoidReasonValue","plus_status_leeg":"geenWaarde","plus_type":"sloot","plus_type_codespace":"http://www.geostandaarden.nl/imgeo/def/2.1#TypeWaterPlus","plus_type_leeg":null,"relatieve_hoogteligging":0,"status":"bestaand","status_codespace":"http://www.geostandaarden.nl/imgeo/def/2.1#Status","status_leeg":null,"termination_date":"2025-12-02T23:00:00Z","termination_date_leeg":null,"tijdstip_registratie":"2023-12-18T10:56:18Z","type":"waterloop","type_codespace":"http://www.geostandaarden.nl/imgeo/def/2.1#TypeWater","version":"e7a64c26-9257-3be6-fa3f-c214abf63cb9"},"geometry":{"type":"Polygon","coordinates":[[[150389.167,482969.616],[150391.084,482972.164],[150393.885,482975.86],[150395.018,482977.171],[150422.375,482953.986],[150422.911,482954.284],[150395.614,482977.707],[150395.733,482978.244],[150398.057,482981.701],[150400.561,482985.157],[150403.421,482988.257],[150405.854,482990.64],[150406.665,482991.602],[150406.045,482992.078],[150404.969,482991.339],[150404.41,482990.741],[150403.856,482990.139],[150403.307,482989.533],[150402.764,482988.921],[150402.225,482988.306],[150401.691,482987.686],[150401.163,482987.061],[150400.697,482986.501],[150400.235,482985.938],[150399.777,482985.372],[150399.323,482984.802],[150398.873,482984.228],[150398.428,482983.652],[150397.987,482983.072],[150397.118,482981.902],[150393.448,482976.622],[150388.466,482970.033],[150389.167,482969.616]]]},"id":"161cebc1-0537-55c9-980c-113607be7456"},{"type":"Feature","properties":{"bronhouder":"G0034","creation_date":"2023-12-17T23:00:00Z","eind_registratie":"2025-12-03T12:05:32Z","in_onderzoek":null,"in_onderzoek_leeg":"geenWaarde","lokaal_id":"G0034.8caab4d2dc9f45418c103317944122df","lv_publicatiedatum":"2023-12-18T11:54:14Z","plus_status":null,"plus_status_codespace":"http://www.geostandaarden.nl/imgeo/def/2.1#VoidReasonValue","plus_status_leeg":"geenWaarde","plus_type":"sloot","plus_type_codespace":"http://www.geostandaarden.nl/imgeo/def/2.1#TypeWaterPlus","plus_type_leeg":null,"relatieve_hoogteligging":0,"status":"bestaand","status_codespace":"http://www.geostandaarden.nl/imgeo/def/2.1#Status","status_leeg":null,"termination_date":null,"termination_date_leeg":"geenWaarde","tijdstip_registratie":"2023-12-18T10:56:18Z","type":"waterloop","type_codespace":"http://www.geostandaarden.nl/imgeo/def/2.1#TypeWater","version":"2ab30d98-2491-a3c1-3cac-98dac682283e"},"geometry":{"type":"Polygon","coordinates":[[[150384.945,482862.978],[150384.249,482864.376],[150383.947,482865.023],[150383.808,482865.352],[150383.676,482865.684],[150383.552,482866.019],[150383.436,482866.357],[150383.328,482866.698],[150383.229,482867.036],[150383.138,482867.376],[150383.055,482867.719],[150382.98,482868.064],[150382.913,482868.41],[150382.854,482868.758],[150382.803,482869.107],[150382.76,482869.457],[150382.725,482869.807],[150382.25,482874.254],[150382.237,482874.359],[150382.199,482874.555],[150382.146,482874.747],[150382.078,482874.935],[150381.995,482875.116],[150381.898,482875.29],[150381.787,482875.456],[150381.663,482875.612],[150381.527,482875.758],[150381.379,482875.893],[150381.222,482876.015],[150381.055,482876.125],[150380.88,482876.221],[150380.389,482876.463],[150376.852,482878.215],[150375.68,482877.09],[150377.391,482876.196],[150379.205,482875.236],[150380.449,482874.702],[150380.769,482874.311],[150381.16,482873.707],[150381.338,482873.244],[150381.303,482872.498],[150381.445,482870.684],[150381.836,482868.159],[150382.298,482865.741],[150383.336,482863.352],[150384.381,482861.886],[150385.326,482862.404],[150384.945,482862.978]]]},"id":"86446840-8fc2-52f5-b3df-774e62823068"},{"type":"Feature","properties":{"bronhouder":"G0034","creation_date":"2023-12-17T23:00:00Z","eind_registratie":null,"in_onderzoek":null,"in_onderzoek_leeg":"geenWaarde","lokaal_id":"G0034.8caab4d2dc9f45418c103317944122df","lv_publicatiedatum":"2025-12-03T12:50:42Z","plus_status":null,"plus_status_codespace":"http://www.geostandaarden.nl/imgeo/def/2.1#VoidReasonValue","plus_status_leeg":"geenWaarde","plus_type":"sloot","plus_type_codespace":"http://www.geostandaarden.nl/imgeo/def/2.1#TypeWaterPlus","plus_type_leeg":null,"relatieve_hoogteligging":0,"status":"bestaand","status_codespace":"http://www.geostandaarden.nl/imgeo/def/2.1#Status","status_leeg":null,"termination_date":null,"termination_date_leeg":"geenWaarde","tijdstip_registratie":"2025-12-03T12:05:32Z","type":"waterloop","type_codespace":"http://www.geostandaarden.nl/imgeo/def/2.1#TypeWater","version":"0a6d1f9b-ab35-18a0-7b4f-fed7738d3dbc"},"geometry":{"type":"Polygon","coordinates":[[[150376.699,482877.526],[150376.521,482877.549],[150376.401,482877.469],[150376.401,482877.359],[150376.445,482877.265],[150380.268,482875.348],[150380.912,482874.854],[150381.349,482874.221],[150382.085,482869.233],[150382.487,482866.072],[150383.153,482864.451],[150383.498,482863.716],[150384.222,482862.543],[150384.447,482862.474],[150384.573,482862.578],[150384.642,482862.71],[150383.814,482864.158],[150383.383,482864.762],[150382.722,482866.13],[150382.062,482871.118],[150381.625,482874.359],[150381.268,482875.084],[150380.556,482875.624],[150376.699,482877.526]]]},"id":"afbfeb1d-c218-5f96-a5f8-a622883c19c7"},{"type":"Feature","properties":{"bronhouder":"G0034","creation_date":"2023-12-17T23:00:00Z","eind_registratie":"2025-12-03T12:05:32Z","in_onderzoek":null,"in_onderzoek_leeg":"geenWaarde","lokaal_id":"G0034.8ff69a1e56364edea96ce5804ab7a3f8","lv_publicatiedatum":"2023-12-18T11:54:14Z","plus_status":null,"plus_status_codespace":"http://www.geostandaarden.nl/imgeo/def/2.1#VoidReasonValue","plus_status_leeg":"geenWaarde","plus_type":"sloot","plus_type_codespace":"http://www.geostandaarden.nl/imgeo/def/2.1#TypeWaterPlus","plus_type_leeg":null,"relatieve_hoogteligging":0,"status":"bestaand","status_codespace":"http://www.geostandaarden.nl/imgeo/def/2.1#Status","status_leeg":null,"termination_date":null,"termination_date_leeg":"geenWaarde","tijdstip_registratie":"2023-12-18T10:56:16Z","type":"waterloop","type_codespace":"http://www.geostandaarden.nl/imgeo/def/2.1#TypeWater","version":"3ac0cff9-6488-e8b8-eab0-0a018bb25a26"},"geometry":{"type":"Polygon","coordinates":[[[150433.212,482885.537],[150436.267,482887.764],[150435.605,482888.713],[150432.539,482886.507],[150433.212,482885.537]]]},"id":"43e42793-c267-5ecb-8f44-9428f06a773e"},{"type":"Feature","properties":{"bronhouder":"G0034","creation_date":"2023-12-17T23:00:00Z","eind_registratie":null,"in_onderzoek":null,"in_onderzoek_leeg":"geenWaarde","lokaal_id":"G0034.8ff69a1e56364edea96ce5804ab7a3f8","lv_publicatiedatum":"2025-12-03T12:50:42Z","plus_status":null,"plus_status_codespace":"http://www.geostandaarden.nl/imgeo/def/2.1#VoidReasonValue","plus_status_leeg":"geenWaarde","plus_type":"sloot","plus_type_codespace":"http://www.geostandaarden.nl/imgeo/def/2.1#TypeWaterPlus","plus_type_leeg":null,"relatieve_hoogteligging":0,"status":"bestaand","status_codespace":"http://www.geostandaarden.nl/imgeo/def/2.1#Status","status_leeg":null,"termination_date":null,"termination_date_leeg":"geenWaarde","tijdstip_registratie":"2025-12-03T12:05:32Z","type":"waterloop","type_codespace":"http://www.geostandaarden.nl/imgeo/def/2.1#TypeWater","version":"fc239bed-5242-ef13-9666-d42efe22b144"},"geometry":{"type":"Polygon","coordinates":[[[150435.641,482887.826],[150435.639,482887.895],[150435.575,482887.972],[150435.469,482887.998],[150433.19,482886.461],[150433.196,482886.389],[150433.219,482886.32],[150433.288,482886.257],[150433.371,482886.245],[150435.641,482887.826]]]},"id":"95a5c241-ef56-5315-9e1d-5101da254cf3"},{"type":"Feature","properties":{"bronhouder":"G0034","creation_date":"2023-12-17T23:00:00Z","eind_registratie":"2025-12-03T12:05:32Z","in_onderzoek":null,"in_onderzoek_leeg":"geenWaarde","lokaal_id":"G0034.b1b3dd73053c4b45be0d0ac187f71fb6","lv_publicatiedatum":"2023-12-18T11:54:14Z","plus_status":null,"plus_status_codespace":"http://www.geostandaarden.nl/imgeo/def/2.1#VoidReasonValue","plus_status_leeg":"geenWaarde","plus_type":"sloot","plus_type_codespace":"http://www.geostandaarden.nl/imgeo/def/2.1#TypeWaterPlus","plus_type_leeg":null,"relatieve_hoogteligging":0,"status":"bestaand","status_codespace":"http://www.geostandaarden.nl/imgeo/def/2.1#Status","status_leeg":null,"termination_date":null,"termination_date_leeg":"geenWaarde","tijdstip_registratie":"2023-12-18T10:56:15Z","type":"waterloop","type_codespace":"http://www.geostandaarden.nl/imgeo/def/2.1#TypeWater","version":"3c517b02-0ff7-73ef-3f8c-a31933a62b18"},"geometry":{"type":"Polygon","coordinates":[[[150490.585,482940.634],[150491.401,482939.972],[150492.728,482940.948],[150493.399,482941.426],[150494.074,482941.897],[150494.753,482942.363],[150495.438,482942.821],[150496.126,482943.273],[150496.819,482943.718],[150497.432,482944.104],[150498.048,482944.485],[150498.668,482944.861],[150499.29,482945.232],[150499.916,482945.597],[150500.545,482945.957],[150501.177,482946.311],[150501.812,482946.66],[150510.671,482951.837],[150518.569,482956.346],[150518.151,482957.252],[150517.517,482956.904],[150511.602,482953.994],[150504.774,482950.118],[150499.831,482947.238],[150496.63,482945.068],[150493.01,482942.695],[150490.585,482940.634]]]},"id":"8978c59d-f8dc-5714-8191-63fda091f153"},{"type":"Feature","properties":{"bronhouder":"G0034","creation_date":"2023-12-17T23:00:00Z","eind_registratie":null,"in_onderzoek":null,"in_onderzoek_leeg":"geenWaarde","lokaal_id":"G0034.b1b3dd73053c4b45be0d0ac187f71fb6","lv_publicatiedatum":"2025-12-03T12:50:42Z","plus_status":null,"plus_status_codespace":"http://www.geostandaarden.nl/imgeo/def/2.1#VoidReasonValue","plus_status_leeg":"geenWaarde","plus_type":"sloot","plus_type_codespace":"http://www.geostandaarden.nl/imgeo/def/2.1#TypeWaterPlus","plus_type_leeg":null,"relatieve_hoogteligging":0,"status":"bestaand","status_codespace":"http://www.geostandaarden.nl/imgeo/def/2.1#Status","status_leeg":null,"termination_date":null,"termination_date_leeg":"geenWaarde","tijdstip_registratie":"2025-12-03T12:05:32Z","type":"waterloop","type_codespace":"http://www.geostandaarden.nl/imgeo/def/2.1#TypeWater","version":"46403e0e-e5e6-e17f-d570-5055f8fe8c61"},"geometry":{"type":"Polygon","coordinates":[[[150517.982,482956.263],[150517.999,482956.378],[150517.89,482956.458],[150517.752,482956.487],[150511.131,482952.786],[150506.844,482950.418],[150502.821,482948.027],[150498.453,482945.51],[150495.591,482943.533],[150493.453,482942.176],[150491.399,482940.653],[150491.172,482940.472],[150491.128,482940.369],[150491.2,482940.297],[150491.332,482940.294],[150491.462,482940.355],[150493.562,482941.958],[150498.781,482945.314],[150507.022,482950.021],[150511.344,482952.464],[150517.982,482956.263]]]},"id":"7383239c-680d-52c5-9a4a-3671addc8800"},{"type":"Feature","properties":{"bronhouder":"G0034","creation_date":"2023-12-17T23:00:00Z","eind_registratie":"2025-12-03T12:05:32Z","in_onderzoek":null,"in_onderzoek_leeg":"geenWaarde","lokaal_id":"G0034.b65f6443d3a24ab88765a2e81a7f86c4","lv_publicatiedatum":"2023-12-18T11:54:14Z","plus_status":null,"plus_status_codespace":"http://www.geostandaarden.nl/imgeo/def/2.1#VoidReasonValue","plus_status_leeg":"geenWaarde","plus_type":"sloot","plus_type_codespace":"http://www.geostandaarden.nl/imgeo/def/2.1#TypeWaterPlus","plus_type_leeg":null,"relatieve_hoogteligging":0,"status":"bestaand","status_codespace":"http://www.geostandaarden.nl/imgeo/def/2.1#Status","status_leeg":null,"termination_date":null,"termination_date_leeg":"geenWaarde","tijdstip_registratie":"2023-12-18T10:56:18Z","type":"waterloop","type_codespace":"http://www.geostandaarden.nl/imgeo/def/2.1#TypeWater","version":"8fd3cc85-eb9b-1219-a384-a8a0d0fe573d"},"geometry":{"type":"Polygon","coordinates":[[[150382.578,482885.975],[150382.161,482884.97],[150383.269,482884.165],[150384.702,482883.37],[150385.439,482883.012],[150386.188,482882.68],[150387.175,482882.293],[150388.18,482881.955],[150389.201,482881.661],[150390.232,482881.41],[150391.271,482881.198],[150392.309,482881.03],[150393.354,482880.907],[150394.404,482880.823],[150395.456,482880.776],[150396.508,482880.76],[150397.566,482880.777],[150398.624,482880.829],[150399.679,482880.916],[150400.731,482881.036],[150401.778,482881.187],[150402.7,482881.35],[150403.616,482881.543],[150404.526,482881.763],[150405.432,482882.005],[150406.333,482882.264],[150407.229,482882.538],[150408.122,482882.821],[150409.109,482883.146],[150410.09,482883.487],[150411.064,482883.848],[150412.03,482884.232],[150412.985,482884.64],[150413.884,482885.059],[150414.773,482885.502],[150415.654,482885.959],[150416.532,482886.422],[150417.424,482886.901],[150418.31,482887.392],[150419.19,482887.892],[150420.065,482888.402],[150420.935,482888.92],[150421.801,482889.444],[150422.664,482889.974],[150423.524,482890.509],[150424.382,482891.047],[150425.264,482891.605],[150426.141,482892.169],[150427.015,482892.739],[150427.885,482893.314],[150428.751,482893.896],[150429.614,482894.483],[150430.472,482895.076],[150431.327,482895.675],[150432.177,482896.279],[150433.024,482896.888],[150432.643,482898.114],[150430.417,482896.72],[150429.529,482895.734],[150427.97,482894.477],[150423.594,482891.359],[150417.71,482887.889],[150411.776,482885.022],[150408.105,482883.513],[150406.747,482883.262],[150405.942,482883.262],[150405.64,482883.061],[150404.986,482882.809],[150402.824,482882.256],[150400.008,482882.055],[150398.147,482881.753],[150396.588,482881.753],[150394.576,482881.904],[150392.967,482882.105],[150391.357,482882.457],[150388.491,482883.212],[150385.524,482884.368],[150383.766,482885.41],[150382.578,482885.975]]]},"id":"021232fd-d856-5762-b736-41260a8892da"},{"type":"Feature","properties":{"bronhouder":"G0034","creation_date":"2023-12-17T23:00:00Z","eind_registratie":null,"in_onderzoek":null,"in_onderzoek_leeg":"geenWaarde","lokaal_id":"G0034.b65f6443d3a24ab88765a2e81a7f86c4","lv_publicatiedatum":"2025-12-03T12:50:42Z","plus_status":null,"plus_status_codespace":"http://www.geostandaarden.nl/imgeo/def/2.1#VoidReasonValue","plus_status_leeg":"geenWaarde","plus_type":"sloot","plus_type_codespace":"http://www.geostandaarden.nl/imgeo/def/2.1#TypeWaterPlus","plus_type_leeg":null,"relatieve_hoogteligging":0,"status":"bestaand","status_codespace":"http://www.geostandaarden.nl/imgeo/def/2.1#Status","status_leeg":null,"termination_date":null,"termination_date_leeg":"geenWaarde","tijdstip_registratie":"2025-12-03T12:05:32Z","type":"waterloop","type_codespace":"http://www.geostandaarden.nl/imgeo/def/2.1#TypeWater","version":"58282e52-dd3a-09c8-1ebb-32611758ce8f"},"geometry":{"type":"Polygon","coordinates":[[[150390.814,482882.183],[150389.256,482882.556],[150388.187,482882.821],[150387.136,482883.2],[150385.894,482883.706],[150384.521,482884.441],[150383.205,482885.188],[150382.986,482885.206],[150382.797,482885.137],[150382.779,482884.981],[150382.854,482884.884],[150382.962,482884.829],[150384.209,482884.111],[150385.692,482883.398],[150386.973,482882.852],[150388.088,482882.444],[150389.376,482882.042],[150391.261,482881.605],[150392.353,482881.398],[150393.468,482881.277],[150394.439,482881.157],[150395.508,482881.071],[150396.669,482881.053],[150398.956,482881.134],[150400.968,482881.352],[150402.669,482881.588],[150403.732,482881.835],[150407.778,482882.95],[150410.479,482883.818],[150411.956,482884.433],[150413.163,482884.967],[150414.669,482885.674],[150416.439,482886.594],[150417.537,482887.197],[150421.807,482889.663],[150425.611,482892.134],[150432.588,482896.915],[150432.784,482897.082],[150432.795,482897.22],[150432.738,482897.3],[150432.6,482897.335],[150432.445,482897.335],[150432.318,482897.272],[150430.68,482896.128],[150428.354,482894.522],[150423.728,482891.315],[150419.877,482888.913],[150415.595,482886.556],[150413.153,482885.321],[150411.843,482884.734],[150408.492,482883.453],[150407.877,482883.269],[150405.348,482882.683],[150404.067,482882.332],[150402.595,482882.01],[150399.9,482881.752],[150398.199,482881.573],[150396.354,482881.447],[150395.325,482881.516],[150394.389,482881.614],[150392.067,482881.93],[150390.814,482882.183]]]},"id":"ba39aea6-7d56-5526-b005-a9744356e401"},{"type":"Feature","properties":{"bronhouder":"G0034","creation_date":"2023-12-17T23:00:00Z","eind_registratie":"2025-12-03T12:05:32Z","in_onderzoek":null,"in_onderzoek_leeg":"geenWaarde","lokaal_id":"G0034.b905eb2208cb4cfd94a4fc55288025d4","lv_publicatiedatum":"2023-12-18T11:54:14Z","plus_status":null,"plus_status_codespace":"http://www.geostandaarden.nl/imgeo/def/2.1#VoidReasonValue","plus_status_leeg":"geenWaarde","plus_type":"sloot","plus_type_codespace":"http://www.geostandaarden.nl/imgeo/def/2.1#TypeWaterPlus","plus_type_leeg":null,"relatieve_hoogteligging":0,"status":"bestaand","status_codespace":"http://www.geostandaarden.nl/imgeo/def/2.1#Status","status_leeg":null,"termination_date":null,"termination_date_leeg":"geenWaarde","tijdstip_registratie":"2023-12-18T10:56:15Z","type":"waterloop","type_codespace":"http://www.geostandaarden.nl/imgeo/def/2.1#TypeWater","version":"811eb9e0-5b42-e43c-1ec6-dd508ba27d7a"},"geometry":{"type":"Polygon","coordinates":[[[150427.229,482881.76],[150426.585,482882.755],[150421.537,482879.693],[150419.471,482878.58],[150418.425,482878.05],[150417.369,482877.537],[150416.306,482877.042],[150415.234,482876.564],[150414.061,482876.057],[150412.88,482875.559],[150411.692,482875.078],[150410.496,482874.621],[150409.289,482874.196],[150408.071,482873.808],[150406.842,482873.465],[150405.599,482873.175],[150404.273,482872.922],[150402.937,482872.715],[150401.592,482872.555],[150400.243,482872.441],[150398.89,482872.373],[150397.536,482872.353],[150396.184,482872.38],[150394.836,482872.453],[150389.821,482872.174],[150389.692,482870.411],[150389.858,482869.852],[150389.95,482869.575],[150390.048,482869.3],[150390.152,482869.027],[150390.262,482868.756],[150390.378,482868.488],[150390.499,482868.223],[150390.611,482867.989],[150390.729,482867.756],[150390.851,482867.526],[150390.977,482867.298],[150391.107,482867.073],[150391.242,482866.85],[150391.381,482866.63],[150391.524,482866.413],[150397.39,482858.069],[150398.156,482858.612],[150397.368,482859.886],[150393.634,482865.185],[150390.868,482869.351],[150390.697,482870.239],[150390.902,482870.82],[150391.107,482871.161],[150391.585,482871.4],[150392.473,482871.503],[150397.083,482871.468],[150402.991,482871.912],[150405.825,482872.254],[150408.079,482872.766],[150410.572,482873.586],[150414.021,482874.815],[150417.3,482876.215],[150420.407,482877.718],[150425.899,482880.873],[150427.229,482881.76]]]},"id":"d4ece12d-930f-5141-9b26-58b5cd628242"},{"type":"Feature","properties":{"bronhouder":"G0034","creation_date":"2023-12-17T23:00:00Z","eind_registratie":null,"in_onderzoek":null,"in_onderzoek_leeg":"geenWaarde","lokaal_id":"G0034.b905eb2208cb4cfd94a4fc55288025d4","lv_publicatiedatum":"2025-12-03T12:50:42Z","plus_status":null,"plus_status_codespace":"http://www.geostandaarden.nl/imgeo/def/2.1#VoidReasonValue","plus_status_leeg":"geenWaarde","plus_type":"sloot","plus_type_codespace":"http://www.geostandaarden.nl/imgeo/def/2.1#TypeWaterPlus","plus_type_leeg":null,"relatieve_hoogteligging":0,"status":"bestaand","status_codespace":"http://www.geostandaarden.nl/imgeo/def/2.1#Status","status_leeg":null,"termination_date":null,"termination_date_leeg":"geenWaarde","tijdstip_registratie":"2025-12-03T12:05:32Z","type":"waterloop","type_codespace":"http://www.geostandaarden.nl/imgeo/def/2.1#TypeWater","version":"d8738e65-0905-8973-6c4a-b1541c79fc4e"},"geometry":{"type":"Polygon","coordinates":[[[150426.436,482881.558],[150426.608,482881.742],[150426.528,482881.926],[150426.217,482881.984],[150425.689,482881.8],[150421.058,482879.055],[150417.643,482877.191],[150414.148,482875.593],[150411.505,482874.455],[150408.792,482873.57],[150406.413,482872.892],[150404.321,482872.409],[150401.964,482872.087],[150397.24,482871.754],[150394.802,482871.82],[150391.503,482871.759],[150390.493,482871.604],[150390.24,482871.466],[150390.079,482871.268],[150389.979,482871.044],[150389.95,482870.782],[150389.959,482870.38],[150390.031,482869.892],[150390.384,482868.992],[150391.143,482867.647],[150391.916,482866.374],[150393.398,482864.168],[150395.623,482861.035],[150396.396,482859.989],[150397.453,482858.547],[150397.528,482858.449],[150397.637,482858.432],[150397.694,482858.489],[150397.689,482858.604],[150395.189,482862.196],[150392.51,482866.087],[150391.378,482867.897],[150390.683,482869.162],[150390.453,482870.058],[150390.321,482870.782],[150390.643,482871.277],[150390.993,482871.397],[150392.473,482871.503],[150394.752,482871.486],[150397.263,482871.466],[150402.033,482871.846],[150404.378,482872.122],[150406.493,482872.57],[150411.62,482874.076],[150414.378,482875.191],[150418.345,482877.032],[150426.436,482881.558]]]},"id":"6a530c00-cfe4-56f9-a0bf-9ebb17cc2a7e"},{"type":"Feature","properties":{"bronhouder":"G0034","creation_date":"2023-12-17T23:00:00Z","eind_registratie":"2025-12-03T12:05:32Z","in_onderzoek":null,"in_onderzoek_leeg":"geenWaarde","lokaal_id":"G0034.bbc3ee52ca034033b035feb85423ff22","lv_publicatiedatum":"2023-12-18T11:54:14Z","plus_status":null,"plus_status_codespace":"http://www.geostandaarden.nl/imgeo/def/2.1#VoidReasonValue","plus_status_leeg":"geenWaarde","plus_type":"sloot","plus_type_codespace":"http://www.geostandaarden.nl/imgeo/def/2.1#TypeWaterPlus","plus_type_leeg":null,"relatieve_hoogteligging":0,"status":"bestaand","status_codespace":"http://www.geostandaarden.nl/imgeo/def/2.1#Status","status_leeg":null,"termination_date":null,"termination_date_leeg":"geenWaarde","tijdstip_registratie":"2023-12-18T10:56:18Z","type":"waterloop","type_codespace":"http://www.geostandaarden.nl/imgeo/def/2.1#TypeWater","version":"ea841145-d083-0b4f-6d9f-e6870d457d52"},"geometry":{"type":"Polygon","coordinates":[[[150403.454,482834.394],[150405.732,482833.871],[150407.754,482832.905],[150411.301,482828.306],[150411.455,482825.819],[150412.894,482825.73],[150412.816,482827.72],[150408.708,482833.173],[150407.419,482834.641],[150403.765,482835.784],[150403.454,482834.394]]]},"id":"6b5be825-c893-554f-8152-4042d6bf918e"},{"type":"Feature","properties":{"bronhouder":"G0034","creation_date":"2023-12-17T23:00:00Z","eind_registratie":null,"in_onderzoek":null,"in_onderzoek_leeg":"geenWaarde","lokaal_id":"G0034.bbc3ee52ca034033b035feb85423ff22","lv_publicatiedatum":"2025-12-03T12:50:42Z","plus_status":null,"plus_status_codespace":"http://www.geostandaarden.nl/imgeo/def/2.1#VoidReasonValue","plus_status_leeg":"geenWaarde","plus_type":"sloot","plus_type_codespace":"http://www.geostandaarden.nl/imgeo/def/2.1#TypeWaterPlus","plus_type_leeg":null,"relatieve_hoogteligging":0,"status":"bestaand","status_codespace":"http://www.geostandaarden.nl/imgeo/def/2.1#Status","status_leeg":null,"termination_date":null,"termination_date_leeg":"geenWaarde","tijdstip_registratie":"2025-12-03T12:05:32Z","type":"waterloop","type_codespace":"http://www.geostandaarden.nl/imgeo/def/2.1#TypeWater","version":"d4fdd09a-cba4-8e06-71d0-2ece9c355f67"},"geometry":{"type":"Polygon","coordinates":[[[150406.315,482834.607],[150405.528,482834.941],[150404.648,482835.222],[150404.166,482835.303],[150403.999,482835.199],[150403.959,482835.076],[150403.973,482834.952],[150404.056,482834.797],[150405.574,482834.395],[150407.424,482833.555],[150407.855,482833.285],[150408.47,482832.619],[150411.913,482827.826],[150412.016,482826.165],[150412.194,482826.027],[150412.321,482826.032],[150412.419,482826.101],[150412.522,482826.32],[150412.47,482827.308],[150412.217,482827.803],[150409.735,482831.412],[150408.275,482833.234],[150407.631,482833.826],[150407.028,482834.222],[150406.315,482834.607]]]},"id":"52042617-594a-5bf1-9a7e-576459d67616"},{"type":"Feature","properties":{"bronhouder":"G0034","creation_date":"2023-12-17T23:00:00Z","eind_registratie":"2025-12-03T12:05:32Z","in_onderzoek":null,"in_onderzoek_leeg":"geenWaarde","lokaal_id":"G0034.be57981a343f45049955f55842dfbfea","lv_publicatiedatum":"2023-12-18T11:54:14Z","plus_status":null,"plus_status_codespace":"http://www.geostandaarden.nl/imgeo/def/2.1#VoidReasonValue","plus_status_leeg":"geenWaarde","plus_type":"sloot","plus_type_codespace":"http://www.geostandaarden.nl/imgeo/def/2.1#TypeWaterPlus","plus_type_leeg":null,"relatieve_hoogteligging":0,"status":"bestaand","status_codespace":"http://www.geostandaarden.nl/imgeo/def/2.1#Status","status_leeg":null,"termination_date":null,"termination_date_leeg":"geenWaarde","tijdstip_registratie":"2023-12-18T10:56:19Z","type":"waterloop","type_codespace":"http://www.geostandaarden.nl/imgeo/def/2.1#TypeWater","version":"e5746a13-6e3d-7b40-305c-d619a90f543b"},"geometry":{"type":"Polygon","coordinates":[[[150501.424,482935.151],[150512.584,482941.929],[150523.082,482948.146],[150530.682,482952.532],[150531.092,482953.443],[150530.388,482954.227],[150522.292,482949.166],[150511.875,482942.818],[150500.826,482936.325],[150501.424,482935.151]]]},"id":"6ae29020-4a6d-5f13-a299-7faaef1f7308"},{"type":"Feature","properties":{"bronhouder":"G0034","creation_date":"2023-12-17T23:00:00Z","eind_registratie":"2025-12-03T12:05:32Z","in_onderzoek":null,"in_onderzoek_leeg":"geenWaarde","lokaal_id":"G0034.c00fda9306974d97949fa33f684393d0","lv_publicatiedatum":"2023-12-18T11:54:14Z","plus_status":null,"plus_status_codespace":"http://www.geostandaarden.nl/imgeo/def/2.1#VoidReasonValue","plus_status_leeg":"geenWaarde","plus_type":"sloot","plus_type_codespace":"http://www.geostandaarden.nl/imgeo/def/2.1#TypeWaterPlus","plus_type_leeg":null,"relatieve_hoogteligging":0,"status":"bestaand","status_codespace":"http://www.geostandaarden.nl/imgeo/def/2.1#Status","status_leeg":null,"termination_date":null,"termination_date_leeg":"geenWaarde","tijdstip_registratie":"2023-12-18T10:56:18Z","type":"waterloop","type_codespace":"http://www.geostandaarden.nl/imgeo/def/2.1#TypeWater","version":"dc7e5672-51d0-b9f2-4bf0-34b02ea26062"},"geometry":{"type":"Polygon","coordinates":[[[150343.7,482919.254],[150344.66,482919.887],[150343.244,482921.166],[150342.549,482921.513],[150339.7,482922.442],[150339.199,482921.443],[150341.434,482920.566],[150343.7,482919.254]]]},"id":"e9324109-742d-544b-a2b2-d730177480ee"},{"type":"Feature","properties":{"bronhouder":"G0034","creation_date":"2023-12-17T23:00:00Z","eind_registratie":null,"in_onderzoek":null,"in_onderzoek_leeg":"geenWaarde","lokaal_id":"G0034.c00fda9306974d97949fa33f684393d0","lv_publicatiedatum":"2025-12-03T12:50:42Z","plus_status":null,"plus_status_codespace":"http://www.geostandaarden.nl/imgeo/def/2.1#VoidReasonValue","plus_status_leeg":"geenWaarde","plus_type":"sloot","plus_type_codespace":"http://www.geostandaarden.nl/imgeo/def/2.1#TypeWaterPlus","plus_type_leeg":null,"relatieve_hoogteligging":0,"status":"bestaand","status_codespace":"http://www.geostandaarden.nl/imgeo/def/2.1#Status","status_leeg":null,"termination_date":null,"termination_date_leeg":"geenWaarde","tijdstip_registratie":"2025-12-03T12:05:32Z","type":"waterloop","type_codespace":"http://www.geostandaarden.nl/imgeo/def/2.1#TypeWater","version":"cca7ef18-f3ec-fbde-5169-3f89abfc1fab"},"geometry":{"type":"Polygon","coordinates":[[[150341.421,482921.382],[150340.668,482921.739],[150340.128,482921.877],[150339.915,482921.877],[150339.846,482921.762],[150339.881,482921.635],[150339.978,482921.52],[150341.053,482921.061],[150343.294,482919.9],[150343.662,482919.716],[150343.955,482919.687],[150344.053,482919.796],[150344.053,482919.951],[150343.628,482920.233],[150341.421,482921.382]]]},"id":"ba230410-4fba-58c1-8382-9b4bee675c4e"},{"type":"Feature","properties":{"bronhouder":"G0034","creation_date":"2023-12-17T23:00:00Z","eind_registratie":"2025-12-03T12:05:32Z","in_onderzoek":null,"in_onderzoek_leeg":"geenWaarde","lokaal_id":"G0034.c229b2185cea4ba1a9ebc1710295df1f","lv_publicatiedatum":"2023-12-18T11:54:14Z","plus_status":null,"plus_status_codespace":"http://www.geostandaarden.nl/imgeo/def/2.1#VoidReasonValue","plus_status_leeg":"geenWaarde","plus_type":"sloot","plus_type_codespace":"http://www.geostandaarden.nl/imgeo/def/2.1#TypeWaterPlus","plus_type_leeg":null,"relatieve_hoogteligging":0,"status":"bestaand","status_codespace":"http://www.geostandaarden.nl/imgeo/def/2.1#Status","status_leeg":null,"termination_date":null,"termination_date_leeg":"geenWaarde","tijdstip_registratie":"2023-12-18T10:56:15Z","type":"waterloop","type_codespace":"http://www.geostandaarden.nl/imgeo/def/2.1#TypeWater","version":"9e56c48b-0edb-4763-29bb-d0e2022d2d55"},"geometry":{"type":"Polygon","coordinates":[[[150458.146,482903.348],[150457.445,482904.368],[150453.616,482901.464],[150449.424,482897.987],[150439.821,482891.388],[150440.421,482890.124],[150449.403,482896.414],[150454.328,482900.349],[150458.146,482903.348]]]},"id":"bd28d181-53e5-5456-803e-49194de83546"},{"type":"Feature","properties":{"bronhouder":"G0034","creation_date":"2023-12-17T23:00:00Z","eind_registratie":null,"in_onderzoek":null,"in_onderzoek_leeg":"geenWaarde","lokaal_id":"G0034.c229b2185cea4ba1a9ebc1710295df1f","lv_publicatiedatum":"2025-12-03T12:50:42Z","plus_status":null,"plus_status_codespace":"http://www.geostandaarden.nl/imgeo/def/2.1#VoidReasonValue","plus_status_leeg":"geenWaarde","plus_type":"sloot","plus_type_codespace":"http://www.geostandaarden.nl/imgeo/def/2.1#TypeWaterPlus","plus_type_leeg":null,"relatieve_hoogteligging":0,"status":"bestaand","status_codespace":"http://www.geostandaarden.nl/imgeo/def/2.1#Status","status_leeg":null,"termination_date":null,"termination_date_leeg":"geenWaarde","tijdstip_registratie":"2025-12-03T12:05:32Z","type":"waterloop","type_codespace":"http://www.geostandaarden.nl/imgeo/def/2.1#TypeWater","version":"757dad86-8648-1239-bfca-6203e718cec0"},"geometry":{"type":"Polygon","coordinates":[[[150457.167,482903.36],[150457.216,482903.435],[150457.19,482903.524],[150457.118,482903.567],[150456.992,482903.55],[150456.457,482903.124],[150449.923,482897.987],[150446.526,482895.504],[150440.659,482891.303],[150440.613,482891.248],[150440.59,482891.176],[150440.601,482891.096],[150440.69,482891.041],[150440.814,482891.05],[150446.641,482895.17],[150450.084,482897.711],[150453.423,482900.326],[150457.167,482903.36]]]},"id":"5edb87b8-88a9-57a8-b464-30e69d9de07b"},{"type":"Feature","properties":{"bronhouder":"G0034","creation_date":"2023-12-17T23:00:00Z","eind_registratie":"2025-12-03T12:05:32Z","in_onderzoek":null,"in_onderzoek_leeg":"geenWaarde","lokaal_id":"G0034.c820e13b646e4ba9ab1fb509adca7bdd","lv_publicatiedatum":"2023-12-18T11:54:14Z","plus_status":null,"plus_status_codespace":"http://www.geostandaarden.nl/imgeo/def/2.1#VoidReasonValue","plus_status_leeg":"geenWaarde","plus_type":"sloot","plus_type_codespace":"http://www.geostandaarden.nl/imgeo/def/2.1#TypeWaterPlus","plus_type_leeg":null,"relatieve_hoogteligging":0,"status":"bestaand","status_codespace":"http://www.geostandaarden.nl/imgeo/def/2.1#Status","status_leeg":null,"termination_date":null,"termination_date_leeg":"geenWaarde","tijdstip_registratie":"2023-12-18T10:56:18Z","type":"waterloop","type_codespace":"http://www.geostandaarden.nl/imgeo/def/2.1#TypeWater","version":"f6144a88-12b2-e2ee-8af3-ac97931769c9"},"geometry":{"type":"Polygon","coordinates":[[[150363.405,482904.461],[150362.44,482906.447],[150361.182,482910.369],[150360.378,482912.683],[150359.824,482914.896],[150359.573,482916.857],[150359.623,482919.271],[150359.975,482921.383],[150360.227,482922.741],[150360.78,482924.401],[150361.534,482926.513],[150362.44,482928.525],[150363.395,482930.838],[150364.401,482932.749],[150365.507,482934.61],[150366.714,482936.622],[150368.923,482940.043],[150370.312,482942.395],[150369.553,482942.865],[150364.197,482933.948],[150362.293,482930.267],[150361.439,482928.622],[150361.052,482927.78],[150360.691,482926.925],[150360.357,482926.059],[150360.052,482925.184],[150359.775,482924.3],[150359.539,482923.477],[150359.322,482922.646],[150359.127,482921.81],[150358.959,482920.968],[150358.825,482920.122],[150358.729,482919.271],[150358.676,482918.418],[150358.672,482917.503],[150358.719,482916.587],[150358.81,482915.673],[150358.939,482914.762],[150359.098,482913.854],[150359.28,482912.952],[150359.478,482912.055],[150359.711,482911.107],[150359.975,482910.167],[150360.267,482909.235],[150360.585,482908.311],[150360.925,482907.395],[150361.285,482906.488],[150361.649,482905.628],[150362.032,482904.777],[150362.436,482903.936],[150362.86,482903.104],[150363.303,482902.283],[150364.021,482902.833],[150363.405,482904.461]]]},"id":"373cba53-4db4-5568-b40f-6910310376db"},{"type":"Feature","properties":{"bronhouder":"G0034","creation_date":"2023-12-17T23:00:00Z","eind_registratie":null,"in_onderzoek":null,"in_onderzoek_leeg":"geenWaarde","lokaal_id":"G0034.c820e13b646e4ba9ab1fb509adca7bdd","lv_publicatiedatum":"2025-12-03T12:50:42Z","plus_status":null,"plus_status_codespace":"http://www.geostandaarden.nl/imgeo/def/2.1#VoidReasonValue","plus_status_leeg":"geenWaarde","plus_type":"sloot","plus_type_codespace":"http://www.geostandaarden.nl/imgeo/def/2.1#TypeWaterPlus","plus_type_leeg":null,"relatieve_hoogteligging":0,"status":"bestaand","status_codespace":"http://www.geostandaarden.nl/imgeo/def/2.1#Status","status_leeg":null,"termination_date":null,"termination_date_leeg":"geenWaarde","tijdstip_registratie":"2025-12-03T12:05:32Z","type":"waterloop","type_codespace":"http://www.geostandaarden.nl/imgeo/def/2.1#TypeWater","version":"9393b263-c7cd-91aa-7401-f9ed1f440639"},"geometry":{"type":"Polygon","coordinates":[[[150365.622,482935.292],[150369.967,482942.235],[150369.898,482942.35],[150369.703,482942.373],[150369.553,482942.327],[150365.323,482935.407],[150363.622,482932.338],[150362.461,482929.867],[150361.45,482927.614],[150360.703,482925.855],[150359.933,482923.717],[150359.473,482921.821],[150359.105,482920.074],[150358.967,482918.131],[150358.944,482916.418],[150359.438,482913.223],[150359.818,482911.568],[150360.818,482908.441],[150361.737,482906.051],[150362.438,482904.453],[150363.254,482902.855],[150363.3,482902.809],[150363.41,482902.758],[150363.513,482902.781],[150363.542,482902.895],[150363.478,482903.056],[150362.685,482904.579],[150362.019,482906.143],[150360.157,482911.602],[150359.72,482913.373],[150359.26,482916.47],[150359.283,482918.102],[150359.45,482920.074],[150359.818,482921.798],[150360.208,482923.591],[150360.967,482925.729],[150361.668,482927.441],[150363.875,482932.189],[150365.622,482935.292]]]},"id":"285c77fd-c272-5ea7-9c9f-2c544b1abc1c"},{"type":"Feature","properties":{"bronhouder":"G0034","creation_date":"2023-12-17T23:00:00Z","eind_registratie":"2025-12-03T12:05:32Z","in_onderzoek":null,"in_onderzoek_leeg":"geenWaarde","lokaal_id":"G0034.c987507af29245708909407f584ad8ed","lv_publicatiedatum":"2023-12-18T11:54:14Z","plus_status":null,"plus_status_codespace":"http://www.geostandaarden.nl/imgeo/def/2.1#VoidReasonValue","plus_status_leeg":"geenWaarde","plus_type":"sloot","plus_type_codespace":"http://www.geostandaarden.nl/imgeo/def/2.1#TypeWaterPlus","plus_type_leeg":null,"relatieve_hoogteligging":0,"status":"bestaand","status_codespace":"http://www.geostandaarden.nl/imgeo/def/2.1#Status","status_leeg":null,"termination_date":null,"termination_date_leeg":"geenWaarde","tijdstip_registratie":"2023-12-18T10:56:19Z","type":"waterloop","type_codespace":"http://www.geostandaarden.nl/imgeo/def/2.1#TypeWater","version":"36e9816b-1b76-b2e6-e445-c5728622580e"},"geometry":{"type":"Polygon","coordinates":[[[150374.309,482965.063],[150377.141,482969.033],[150377.694,482970.027],[150377.969,482970.525],[150378.241,482971.023],[150378.513,482971.523],[150378.783,482972.023],[150379.052,482972.524],[150379.319,482973.025],[150379.585,482973.528],[150379.85,482974.031],[150380.113,482974.535],[150380.342,482974.975],[150380.57,482975.417],[150380.796,482975.858],[150381.022,482976.301],[150381.246,482976.744],[150382.176,482978.789],[150382.759,482979.918],[150383.318,482981.059],[150383.853,482982.212],[150384.364,482983.376],[150384.85,482984.551],[150385.311,482985.736],[150385.746,482986.929],[150386.156,482988.131],[150386.524,482989.293],[150386.866,482990.462],[150387.185,482991.639],[150387.479,482992.822],[150387.751,482994.011],[150388.001,482995.205],[150388.231,482996.403],[150388.439,482997.603],[150388.611,482998.691],[150388.764,482999.783],[150388.9,483000.876],[150389.117,483003.069],[150389.13,483003.973],[150388.01,483004.028],[150387.791,483001.661],[150387.648,482998.46],[150387.008,482995.26],[150386.226,482991.703],[150384.875,482987.08],[150381.745,482980.324],[150378.402,482973.709],[150376.126,482969.371],[150375.344,482967.948],[150374.064,482966.455],[150372.926,482965.815],[150371.93,482965.103],[150370.152,482965.032],[150370.294,482964.108],[150371.93,482964.179],[150373.068,482964.392],[150374.309,482965.063]]]},"id":"f44acd6d-22ad-5a05-b38f-b48d13ca0d2c"},{"type":"Feature","properties":{"bronhouder":"G0034","creation_date":"2023-12-17T23:00:00Z","eind_registratie":null,"in_onderzoek":null,"in_onderzoek_leeg":"geenWaarde","lokaal_id":"G0034.c987507af29245708909407f584ad8ed","lv_publicatiedatum":"2025-12-03T12:50:42Z","plus_status":null,"plus_status_codespace":"http://www.geostandaarden.nl/imgeo/def/2.1#VoidReasonValue","plus_status_leeg":"geenWaarde","plus_type":"sloot","plus_type_codespace":"http://www.geostandaarden.nl/imgeo/def/2.1#TypeWaterPlus","plus_type_leeg":null,"relatieve_hoogteligging":0,"status":"bestaand","status_codespace":"http://www.geostandaarden.nl/imgeo/def/2.1#Status","status_leeg":null,"termination_date":null,"termination_date_leeg":"geenWaarde","tijdstip_registratie":"2025-12-03T12:05:32Z","type":"waterloop","type_codespace":"http://www.geostandaarden.nl/imgeo/def/2.1#TypeWater","version":"73b56543-10d3-b3b2-c66a-cd4c673644c7"},"geometry":{"type":"Polygon","coordinates":[[[150388.337,482998.788],[150388.682,483001.524],[150388.739,483003.133],[150388.659,483003.363],[150388.475,483003.42],[150388.349,483003.259],[150388.28,483001.133],[150388.004,482998.903],[150387.153,482994.397],[150386.027,482990.018],[150384.785,482986.708],[150382.992,482982.248],[150382.119,482980.202],[150378.602,482973.213],[150377.027,482970.116],[150376.446,482969.162],[150375.785,482968.122],[150374.51,482966.374],[150373.895,482965.736],[150372.923,482965.053],[150371.906,482964.725],[150371.033,482964.673],[150370.923,482964.627],[150370.872,482964.518],[150370.918,482964.392],[150371.073,482964.34],[150371.831,482964.386],[150372.579,482964.57],[150373.337,482964.892],[150374.142,482965.443],[150374.739,482966.145],[150376.739,482969.03],[150378.992,482972.972],[150382.36,482979.892],[150383.211,482981.708],[150385.176,482986.455],[150386.441,482989.961],[150387.533,482994.282],[150388.337,482998.788]]]},"id":"c0565a78-3af4-5a84-9acf-05a78ed0f57b"},{"type":"Feature","properties":{"bronhouder":"G0034","creation_date":"2023-12-17T23:00:00Z","eind_registratie":"2025-12-03T12:05:32Z","in_onderzoek":null,"in_onderzoek_leeg":"geenWaarde","lokaal_id":"G0034.d1072f28926d47ef86ad645d8e5316ed","lv_publicatiedatum":"2023-12-18T11:54:14Z","plus_status":null,"plus_status_codespace":"http://www.geostandaarden.nl/imgeo/def/2.1#VoidReasonValue","plus_status_leeg":"geenWaarde","plus_type":"sloot","plus_type_codespace":"http://www.geostandaarden.nl/imgeo/def/2.1#TypeWaterPlus","plus_type_leeg":null,"relatieve_hoogteligging":0,"status":"bestaand","status_codespace":"http://www.geostandaarden.nl/imgeo/def/2.1#Status","status_leeg":null,"termination_date":null,"termination_date_leeg":"geenWaarde","tijdstip_registratie":"2023-12-18T10:56:19Z","type":"waterloop","type_codespace":"http://www.geostandaarden.nl/imgeo/def/2.1#TypeWater","version":"9eb58b7f-bf17-fb7e-bdb3-2a6c21ef7448"},"geometry":{"type":"Polygon","coordinates":[[[150368.887,482881.951],[150369.756,482882.798],[150368.523,482883.951],[150365.443,482886.795],[150362.667,482889.417],[150361.882,482888.699],[150363.906,482886.249],[150365.749,482884.485],[150367.614,482882.948],[150368.887,482881.951]]]},"id":"d193d244-a102-5d17-b0b1-c92ccf2700a0"},{"type":"Feature","properties":{"bronhouder":"G0034","creation_date":"2023-12-17T23:00:00Z","eind_registratie":null,"in_onderzoek":null,"in_onderzoek_leeg":"geenWaarde","lokaal_id":"G0034.d1072f28926d47ef86ad645d8e5316ed","lv_publicatiedatum":"2025-12-03T12:50:42Z","plus_status":null,"plus_status_codespace":"http://www.geostandaarden.nl/imgeo/def/2.1#VoidReasonValue","plus_status_leeg":"geenWaarde","plus_type":"sloot","plus_type_codespace":"http://www.geostandaarden.nl/imgeo/def/2.1#TypeWaterPlus","plus_type_leeg":null,"relatieve_hoogteligging":0,"status":"bestaand","status_codespace":"http://www.geostandaarden.nl/imgeo/def/2.1#Status","status_leeg":null,"termination_date":null,"termination_date_leeg":"geenWaarde","tijdstip_registratie":"2025-12-03T12:05:32Z","type":"waterloop","type_codespace":"http://www.geostandaarden.nl/imgeo/def/2.1#TypeWater","version":"bbffbe2a-c729-338f-bc6e-7b55a570eda7"},"geometry":{"type":"Polygon","coordinates":[[[150362.938,482888.572],[150362.789,482888.647],[150362.662,482888.63],[150362.605,482888.538],[150362.656,482888.365],[150368.731,482882.572],[150368.903,482882.578],[150368.99,482882.647],[150369.013,482882.744],[150362.938,482888.572]]]},"id":"9382f4e8-e01d-575e-8e14-0f84ba5e9f8a"},{"type":"Feature","properties":{"bronhouder":"G0034","creation_date":"2023-12-17T23:00:00Z","eind_registratie":"2025-12-03T12:05:32Z","in_onderzoek":null,"in_onderzoek_leeg":"geenWaarde","lokaal_id":"G0034.d1b863ad92d54ef18e3c5c5f148ce747","lv_publicatiedatum":"2023-12-18T11:54:14Z","plus_status":null,"plus_status_codespace":"http://www.geostandaarden.nl/imgeo/def/2.1#VoidReasonValue","plus_status_leeg":"geenWaarde","plus_type":"sloot","plus_type_codespace":"http://www.geostandaarden.nl/imgeo/def/2.1#TypeWaterPlus","plus_type_leeg":null,"relatieve_hoogteligging":0,"status":"bestaand","status_codespace":"http://www.geostandaarden.nl/imgeo/def/2.1#Status","status_leeg":null,"termination_date":null,"termination_date_leeg":"geenWaarde","tijdstip_registratie":"2023-12-18T10:56:15Z","type":"waterloop","type_codespace":"http://www.geostandaarden.nl/imgeo/def/2.1#TypeWater","version":"4b901b59-2392-6e00-88eb-cc78a2daa6e6"},"geometry":{"type":"Polygon","coordinates":[[[150361.319,482944.337],[150362.058,482943.79],[150363.06,482944.982],[150365.966,482949.601],[150365.97,482952.77],[150365.209,482952.692],[150365.209,482950.843],[150365.031,482949.598],[150364.533,482948.496],[150363.253,482946.433],[150361.319,482944.337]]]},"id":"6b601b07-2f45-57bc-8a98-5b2887c473b4"},{"type":"Feature","properties":{"bronhouder":"G0034","creation_date":"2023-12-17T23:00:00Z","eind_registratie":null,"in_onderzoek":null,"in_onderzoek_leeg":"geenWaarde","lokaal_id":"G0034.d1b863ad92d54ef18e3c5c5f148ce747","lv_publicatiedatum":"2025-12-03T12:50:42Z","plus_status":null,"plus_status_codespace":"http://www.geostandaarden.nl/imgeo/def/2.1#VoidReasonValue","plus_status_leeg":"geenWaarde","plus_type":"sloot","plus_type_codespace":"http://www.geostandaarden.nl/imgeo/def/2.1#TypeWaterPlus","plus_type_leeg":null,"relatieve_hoogteligging":0,"status":"bestaand","status_codespace":"http://www.geostandaarden.nl/imgeo/def/2.1#Status","status_leeg":null,"termination_date":null,"termination_date_leeg":"geenWaarde","tijdstip_registratie":"2025-12-03T12:05:32Z","type":"waterloop","type_codespace":"http://www.geostandaarden.nl/imgeo/def/2.1#TypeWater","version":"926069f6-c594-82b6-47be-78d9e52a1df4"},"geometry":{"type":"Polygon","coordinates":[[[150363.18,482945.467],[150364.111,482946.852],[150365.393,482949.036],[150365.64,482949.536],[150365.766,482950.18],[150365.76,482952.346],[150365.674,482952.444],[150365.553,482952.467],[150365.479,482952.398],[150365.479,482952.07],[150365.49,482950.243],[150365.272,482949.438],[150364.72,482948.381],[150363.904,482946.955],[150362.973,482945.714],[150361.913,482944.622],[150361.891,482944.519],[150361.944,482944.421],[150362.065,482944.386],[150362.22,482944.432],[150363.18,482945.467]]]},"id":"34a69724-73af-5c0c-a3cb-449a0653d03f"},{"type":"Feature","properties":{"bronhouder":"G0034","creation_date":"2023-12-17T23:00:00Z","eind_registratie":"2025-12-03T12:05:32Z","in_onderzoek":null,"in_onderzoek_leeg":"geenWaarde","lokaal_id":"G0034.d8e59af1f967471e87310ea5814769d8","lv_publicatiedatum":"2023-12-18T11:54:14Z","plus_status":null,"plus_status_codespace":"http://www.geostandaarden.nl/imgeo/def/2.1#VoidReasonValue","plus_status_leeg":"geenWaarde","plus_type":"sloot","plus_type_codespace":"http://www.geostandaarden.nl/imgeo/def/2.1#TypeWaterPlus","plus_type_leeg":null,"relatieve_hoogteligging":0,"status":"bestaand","status_codespace":"http://www.geostandaarden.nl/imgeo/def/2.1#Status","status_leeg":null,"termination_date":null,"termination_date_leeg":"geenWaarde","tijdstip_registratie":"2023-12-18T10:56:18Z","type":"waterloop","type_codespace":"http://www.geostandaarden.nl/imgeo/def/2.1#TypeWater","version":"f67748ba-084b-e862-744d-42aa445590bc"},"geometry":{"type":"Polygon","coordinates":[[[150416.928,482828.79],[150417.108,482828.953],[150413.329,482834.141],[150412.582,482835.557],[150410.726,482839.572],[150409.621,482841.604],[150407.106,482845.433],[150404.473,482849.396],[150403.683,482848.643],[150406.442,482844.816],[150409.431,482840.313],[150411.137,482836.418],[150411.412,482835.043],[150416.261,482828.187],[150416.928,482828.79]]]},"id":"b83b9265-7400-5ff6-91fb-3762a7e22ce5"},{"type":"Feature","properties":{"bronhouder":"G0034","creation_date":"2023-12-17T23:00:00Z","eind_registratie":null,"in_onderzoek":null,"in_onderzoek_leeg":"geenWaarde","lokaal_id":"G0034.d8e59af1f967471e87310ea5814769d8","lv_publicatiedatum":"2025-12-03T12:50:42Z","plus_status":null,"plus_status_codespace":"http://www.geostandaarden.nl/imgeo/def/2.1#VoidReasonValue","plus_status_leeg":"geenWaarde","plus_type":"sloot","plus_type_codespace":"http://www.geostandaarden.nl/imgeo/def/2.1#TypeWaterPlus","plus_type_leeg":null,"relatieve_hoogteligging":0,"status":"bestaand","status_codespace":"http://www.geostandaarden.nl/imgeo/def/2.1#Status","status_leeg":null,"termination_date":null,"termination_date_leeg":"geenWaarde","tijdstip_registratie":"2025-12-03T12:05:32Z","type":"waterloop","type_codespace":"http://www.geostandaarden.nl/imgeo/def/2.1#TypeWater","version":"7255750d-5bf6-e28b-bea5-b4e7be5fb301"},"geometry":{"type":"Polygon","coordinates":[[[150404.516,482848.759],[150404.396,482848.844],[150404.286,482848.857],[150404.219,482848.778],[150404.209,482848.662],[150404.269,482848.541],[150409.947,482839.863],[150411.269,482836.553],[150411.625,482835.587],[150412.108,482834.53],[150415.924,482829.081],[150416.074,482828.978],[150416.206,482829.035],[150416.292,482829.156],[150416.2,482829.363],[150412.999,482833.915],[150412.258,482835.139],[150410.298,482839.949],[150408.413,482843.058],[150406.217,482846.328],[150404.516,482848.759]]]},"id":"752230ef-506e-5ec5-b12b-cb54120f325b"},{"type":"Feature","properties":{"bronhouder":"G0034","creation_date":"2023-12-17T23:00:00Z","eind_registratie":"2025-12-03T12:05:32Z","in_onderzoek":null,"in_onderzoek_leeg":"geenWaarde","lokaal_id":"G0034.db9277a82f50424ba627a8b80f0ff90e","lv_publicatiedatum":"2023-12-18T11:54:14Z","plus_status":null,"plus_status_codespace":"http://www.geostandaarden.nl/imgeo/def/2.1#VoidReasonValue","plus_status_leeg":"geenWaarde","plus_type":"sloot","plus_type_codespace":"http://www.geostandaarden.nl/imgeo/def/2.1#TypeWaterPlus","plus_type_leeg":null,"relatieve_hoogteligging":0,"status":"bestaand","status_codespace":"http://www.geostandaarden.nl/imgeo/def/2.1#Status","status_leeg":null,"termination_date":null,"termination_date_leeg":"geenWaarde","tijdstip_registratie":"2023-12-18T10:56:15Z","type":"waterloop","type_codespace":"http://www.geostandaarden.nl/imgeo/def/2.1#TypeWater","version":"a0814c9d-a0bd-f3cb-8a4a-0dd445962241"},"geometry":{"type":"Polygon","coordinates":[[[150291.586,482984.303],[150289.82,482987.264],[150290.071,482987.565],[150305.36,482995.008],[150320.196,483003.307],[150320.297,483003.759],[150319.593,483004.011],[150306.768,482997.171],[150290.926,482989.124],[150289.619,482988.521],[150289.015,482988.571],[150287.406,482991.035],[150280.767,483001.848],[150279.205,483004.715],[150278.164,483005.951],[150277.419,483005.664],[150277.685,483004.989],[150278.103,483004.168],[150278.316,483003.76],[150278.531,483003.352],[150278.748,483002.946],[150278.968,483002.542],[150279.19,483002.138],[150279.414,483001.736],[150279.648,483001.324],[150279.884,483000.912],[150280.122,483000.503],[150280.363,483000.095],[150280.606,482999.688],[150280.852,482999.283],[150281.1,482998.879],[150281.351,482998.477],[150285.712,482991.599],[150290.616,482983.747],[150291.586,482984.303]]]},"id":"d3d8983d-1c27-59e7-b56c-4bfebecd8da7"},{"type":"Feature","properties":{"bronhouder":"G0034","creation_date":"2023-12-17T23:00:00Z","eind_registratie":null,"in_onderzoek":null,"in_onderzoek_leeg":"geenWaarde","lokaal_id":"G0034.db9277a82f50424ba627a8b80f0ff90e","lv_publicatiedatum":"2025-12-03T12:50:42Z","plus_status":null,"plus_status_codespace":"http://www.geostandaarden.nl/imgeo/def/2.1#VoidReasonValue","plus_status_leeg":"geenWaarde","plus_type":"sloot","plus_type_codespace":"http://www.geostandaarden.nl/imgeo/def/2.1#TypeWaterPlus","plus_type_leeg":null,"relatieve_hoogteligging":0,"status":"bestaand","status_codespace":"http://www.geostandaarden.nl/imgeo/def/2.1#Status","status_leeg":null,"termination_date":null,"termination_date_leeg":"geenWaarde","tijdstip_registratie":"2025-12-03T12:05:32Z","type":"waterloop","type_codespace":"http://www.geostandaarden.nl/imgeo/def/2.1#TypeWater","version":"7003c35e-2e6f-b23e-ce38-440bc1204121"},"geometry":{"type":"Polygon","coordinates":[[[150307.874,482997.07],[150318.862,483002.909],[150318.977,483003.127],[150318.862,483003.311],[150318.494,483003.3],[150289.759,482988.162],[150289.15,482987.874],[150288.713,482988.127],[150288.345,482988.587],[150285.426,482993.357],[150281.023,483000.346],[150278.448,483004.817],[150278.319,483004.826],[150278.244,483004.8],[150278.184,483004.708],[150278.207,483004.564],[150281.638,482998.535],[150287.523,482989.351],[150290.581,482984.535],[150290.805,482984.311],[150290.96,482984.288],[150291.092,482984.415],[150291.069,482984.622],[150289.609,482987.093],[150289.586,482987.403],[150289.747,482987.702],[150299.012,482992.472],[150307.874,482997.07]]]},"id":"fab937fe-5c1a-54b9-adfe-7b7125462d54"},{"type":"Feature","properties":{"bronhouder":"G0034","creation_date":"2023-12-17T23:00:00Z","eind_registratie":"2025-12-03T12:05:32Z","in_onderzoek":null,"in_onderzoek_leeg":"geenWaarde","lokaal_id":"G0034.e65dab9128c144ce95ab23ee7591a410","lv_publicatiedatum":"2023-12-18T11:54:14Z","plus_status":null,"plus_status_codespace":"http://www.geostandaarden.nl/imgeo/def/2.1#VoidReasonValue","plus_status_leeg":"geenWaarde","plus_type":"sloot","plus_type_codespace":"http://www.geostandaarden.nl/imgeo/def/2.1#TypeWaterPlus","plus_type_leeg":null,"relatieve_hoogteligging":0,"status":"bestaand","status_codespace":"http://www.geostandaarden.nl/imgeo/def/2.1#Status","status_leeg":null,"termination_date":null,"termination_date_leeg":"geenWaarde","tijdstip_registratie":"2023-12-18T10:56:18Z","type":"waterloop","type_codespace":"http://www.geostandaarden.nl/imgeo/def/2.1#TypeWater","version":"502d152a-a8c8-c2ad-878f-792367493078"},"geometry":{"type":"Polygon","coordinates":[[[150299.895,482954.461],[150301.028,482955.389],[150296.187,482961.612],[150294.994,482960.845],[150299.895,482954.461]]]},"id":"740330ec-c069-5349-8724-bdcee1c3391d"},{"type":"Feature","properties":{"bronhouder":"G0034","creation_date":"2023-12-17T23:00:00Z","eind_registratie":null,"in_onderzoek":null,"in_onderzoek_leeg":"geenWaarde","lokaal_id":"G0034.e65dab9128c144ce95ab23ee7591a410","lv_publicatiedatum":"2025-12-03T12:50:42Z","plus_status":null,"plus_status_codespace":"http://www.geostandaarden.nl/imgeo/def/2.1#VoidReasonValue","plus_status_leeg":"geenWaarde","plus_type":"sloot","plus_type_codespace":"http://www.geostandaarden.nl/imgeo/def/2.1#TypeWaterPlus","plus_type_leeg":null,"relatieve_hoogteligging":0,"status":"bestaand","status_codespace":"http://www.geostandaarden.nl/imgeo/def/2.1#Status","status_leeg":null,"termination_date":null,"termination_date_leeg":"geenWaarde","tijdstip_registratie":"2025-12-03T12:05:32Z","type":"waterloop","type_codespace":"http://www.geostandaarden.nl/imgeo/def/2.1#TypeWater","version":"50ca2962-017a-3671-3442-c0b74acb32b4"},"geometry":{"type":"Polygon","coordinates":[[[150297.174,482959.224],[150295.903,482960.789],[150295.793,482960.928],[150295.645,482960.996],[150295.582,482961.002],[150295.513,482960.956],[150295.498,482960.858],[150295.504,482960.786],[150295.541,482960.709],[150300.018,482955.042],[150300.168,482955.002],[150300.271,482955.042],[150300.352,482955.128],[150300.386,482955.214],[150300.317,482955.345],[150298.518,482957.448],[150297.174,482959.224]]]},"id":"75936219-59b8-5d50-8a3d-1df270c82f63"},{"type":"Feature","properties":{"bronhouder":"G0034","creation_date":"2023-12-17T23:00:00Z","eind_registratie":"2025-12-03T12:05:32Z","in_onderzoek":null,"in_onderzoek_leeg":"geenWaarde","lokaal_id":"G0034.ea55b4cbd06e4e64a5dc5bb20eedef7c","lv_publicatiedatum":"2023-12-18T11:54:14Z","plus_status":null,"plus_status_codespace":"http://www.geostandaarden.nl/imgeo/def/2.1#VoidReasonValue","plus_status_leeg":"geenWaarde","plus_type":"sloot","plus_type_codespace":"http://www.geostandaarden.nl/imgeo/def/2.1#TypeWaterPlus","plus_type_leeg":null,"relatieve_hoogteligging":0,"status":"bestaand","status_codespace":"http://www.geostandaarden.nl/imgeo/def/2.1#Status","status_leeg":null,"termination_date":null,"termination_date_leeg":"geenWaarde","tijdstip_registratie":"2023-12-18T10:56:18Z","type":"waterloop","type_codespace":"http://www.geostandaarden.nl/imgeo/def/2.1#TypeWater","version":"0d60ecc0-5f80-e048-81c8-9fedbad04e7d"},"geometry":{"type":"Polygon","coordinates":[[[150354.999,482936.401],[150353.439,482935.211],[150351.578,482933.803],[150349.617,482932.797],[150347.153,482932.144],[150344.437,482931.892],[150342.626,482931.993],[150340.112,482932.445],[150338,482933.149],[150335.938,482934.306],[150333.222,482935.916],[150330.154,482938.229],[150324.823,482942.956],[150319.492,482948.438],[150315.117,482953.115],[150314.966,482954.876],[150313.96,482954.423],[150313.206,482955.429],[150312.3,482956.485],[150306.316,482964.079],[150302.644,482968.957],[150297.766,482975.948],[150296.532,482977.83],[150295.525,482976.968],[150298.665,482972.412],[150300.405,482970.077],[150301.279,482968.912],[150302.155,482967.749],[150303.034,482966.588],[150303.916,482965.429],[150304.8,482964.272],[150305.686,482963.117],[150306.614,482961.914],[150307.544,482960.713],[150308.476,482959.515],[150309.412,482958.318],[150310.35,482957.124],[150311.291,482955.932],[150312.234,482954.742],[150313.18,482953.554],[150313.582,482953.126],[150314.574,482952.019],[150315.07,482951.466],[150315.566,482950.913],[150316.063,482950.36],[150316.559,482949.807],[150317.056,482949.255],[150317.553,482948.702],[150318.09,482948.099],[150318.622,482947.492],[150319.153,482946.882],[150319.683,482946.273],[150320.216,482945.666],[150320.754,482945.064],[150321.298,482944.468],[150321.852,482943.881],[150322.418,482943.306],[150322.962,482942.771],[150323.512,482942.242],[150324.068,482941.72],[150324.63,482941.204],[150325.198,482940.694],[150325.771,482940.191],[150326.35,482939.693],[150326.933,482939.202],[150327.519,482938.721],[150328.111,482938.246],[150328.708,482937.778],[150329.311,482937.317],[150329.918,482936.861],[150330.529,482936.412],[150331.144,482935.967],[150331.762,482935.528],[150332.384,482935.093],[150333.036,482934.635],[150333.688,482934.176],[150334.344,482933.723],[150335.008,482933.283],[150335.684,482932.864],[150336.377,482932.473],[150337.111,482932.088],[150337.854,482931.717],[150338.609,482931.374],[150339.38,482931.072],[150340.168,482930.824],[150340.893,482930.647],[150341.627,482930.508],[150342.368,482930.408],[150343.111,482930.349],[150343.917,482930.331],[150344.724,482930.359],[150345.527,482930.433],[150346.214,482930.535],[150346.896,482930.671],[150347.571,482930.839],[150348.239,482931.036],[150348.898,482931.256],[150349.625,482931.536],[150350.338,482931.851],[150351.038,482932.197],[150351.724,482932.568],[150352.399,482932.959],[150352.999,482933.331],[150353.588,482933.722],[150354.165,482934.132],[150354.728,482934.559],[150355.689,482935.487],[150354.999,482936.401]]]},"id":"343bce83-28a8-5ca3-9ca9-7cec88657d70"},{"type":"Feature","properties":{"bronhouder":"G0034","creation_date":"2023-12-17T23:00:00Z","eind_registratie":null,"in_onderzoek":null,"in_onderzoek_leeg":"geenWaarde","lokaal_id":"G0034.ea55b4cbd06e4e64a5dc5bb20eedef7c","lv_publicatiedatum":"2025-12-03T12:50:42Z","plus_status":null,"plus_status_codespace":"http://www.geostandaarden.nl/imgeo/def/2.1#VoidReasonValue","plus_status_leeg":"geenWaarde","plus_type":"sloot","plus_type_codespace":"http://www.geostandaarden.nl/imgeo/def/2.1#TypeWaterPlus","plus_type_leeg":null,"relatieve_hoogteligging":0,"status":"bestaand","status_codespace":"http://www.geostandaarden.nl/imgeo/def/2.1#Status","status_leeg":null,"termination_date":null,"termination_date_leeg":"geenWaarde","tijdstip_registratie":"2025-12-03T12:05:32Z","type":"waterloop","type_codespace":"http://www.geostandaarden.nl/imgeo/def/2.1#TypeWater","version":"55709555-5350-5d99-cf2f-a1b0f2ba281a"},"geometry":{"type":"Polygon","coordinates":[[[150347.205,482930.986],[150348.642,482931.469],[150350.492,482932.239],[150354.642,482934.86],[150355.182,482935.343],[150355.205,482935.573],[150355.09,482935.676],[150354.86,482935.63],[150352.033,482933.711],[150350.676,482932.917],[150349.918,482932.481],[150348.814,482932.055],[150347.412,482931.676],[150345.32,482931.389],[150344.044,482931.343],[150342.814,482931.389],[150341.665,482931.527],[150340.423,482931.768],[150339.159,482932.101],[150337.745,482932.584],[150335.757,482933.711],[150333.435,482935.09],[150329.067,482938.228],[150326.653,482940.377],[150322.205,482944.607],[150316.768,482950.642],[150314.343,482953.458],[150316.377,482955.343],[150316.55,482955.55],[150316.515,482955.745],[150316.343,482955.757],[150316.09,482955.607],[150314.251,482953.929],[150313.998,482953.986],[150313.688,482954.147],[150312.389,482955.573],[150307.987,482961.262],[150303.814,482966.492],[150300.079,482971.722],[150296.987,482975.986],[150296.619,482976.458],[150296.469,482976.593],[150296.262,482976.607],[150296.125,482976.578],[150296.044,482976.446],[150296.073,482976.291],[150296.182,482976.101],[150303.01,482967.044],[150307.262,482961.4],[150313.044,482954.159],[150313.538,482953.601],[150313.826,482953.843],[150314.079,482953.607],[150313.808,482953.354],[150319.458,482947.159],[150321.619,482944.734],[150323.136,482943.113],[150324.757,482941.446],[150327.492,482939.113],[150330.147,482936.963],[150332.354,482935.389],[150333.998,482934.262],[150336.929,482932.538],[150338.573,482931.734],[150339.837,482931.297],[150341.01,482930.998],[150342.136,482930.768],[150343.262,482930.63],[150345.584,482930.722],[150347.205,482930.986]]]},"id":"623c2775-8cc9-5234-8659-e1d66643d2cb"},{"type":"Feature","properties":{"bronhouder":"G0034","creation_date":"2023-12-17T23:00:00Z","eind_registratie":"2025-12-03T12:05:32Z","in_onderzoek":null,"in_onderzoek_leeg":"geenWaarde","lokaal_id":"G0034.f24759356a6e48efb0b9dd4e7c375fc1","lv_publicatiedatum":"2024-01-11T14:09:31Z","plus_status":null,"plus_status_codespace":"http://www.geostandaarden.nl/imgeo/def/2.1#VoidReasonValue","plus_status_leeg":"geenWaarde","plus_type":"sloot","plus_type_codespace":"http://www.geostandaarden.nl/imgeo/def/2.1#TypeWaterPlus","plus_type_leeg":null,"relatieve_hoogteligging":0,"status":"bestaand","status_codespace":"http://www.geostandaarden.nl/imgeo/def/2.1#Status","status_leeg":null,"termination_date":null,"termination_date_leeg":"geenWaarde","tijdstip_registratie":"2024-01-11T14:05:40Z","type":"waterloop","type_codespace":"http://www.geostandaarden.nl/imgeo/def/2.1#TypeWater","version":"cfb77244-a6d7-7d20-a8de-3fb96d6e17c9"},"geometry":{"type":"Polygon","coordinates":[[[150291.385,482965.789],[150292.469,482966.6],[150283.351,482979.883],[150276.701,482989.988],[150272.661,482996.564],[150272.097,482997.386],[150269.778,483001.349],[150269.218,483002.394],[150268.95,483002.923],[150268.689,483003.456],[150268.436,483003.993],[150268.192,483004.534],[150267.955,483005.078],[150267.726,483005.625],[150267.506,483006.176],[150267.294,483006.73],[150267.096,483007.27],[150266.907,483007.814],[150266.725,483008.361],[150266.549,483008.909],[150266.383,483009.444],[150266.223,483009.98],[150266.069,483010.519],[150265.921,483011.059],[150265.779,483011.6],[150265.643,483012.144],[150265.513,483012.688],[150263.843,483012.393],[150265.259,483008.122],[150266.918,483003.746],[150268.377,483001.131],[150270.968,482996.615],[150271.556,482995.812],[150274.613,482990.972],[150277.832,482985.943],[150280.648,482982.02],[150283.917,482977.142],[150287.639,482971.761],[150291.385,482965.789]]]},"id":"a7b9f3b1-10c5-53f6-80d8-29ee57a102d7"},{"type":"Feature","properties":{"bronhouder":"G0034","creation_date":"2023-12-17T23:00:00Z","eind_registratie":null,"in_onderzoek":null,"in_onderzoek_leeg":"geenWaarde","lokaal_id":"G0034.f24759356a6e48efb0b9dd4e7c375fc1","lv_publicatiedatum":"2025-12-03T12:50:42Z","plus_status":null,"plus_status_codespace":"http://www.geostandaarden.nl/imgeo/def/2.1#VoidReasonValue","plus_status_leeg":"geenWaarde","plus_type":"sloot","plus_type_codespace":"http://www.geostandaarden.nl/imgeo/def/2.1#TypeWaterPlus","plus_type_leeg":null,"relatieve_hoogteligging":0,"status":"bestaand","status_codespace":"http://www.geostandaarden.nl/imgeo/def/2.1#Status","status_leeg":null,"termination_date":null,"termination_date_leeg":"geenWaarde","tijdstip_registratie":"2025-12-03T12:05:32Z","type":"waterloop","type_codespace":"http://www.geostandaarden.nl/imgeo/def/2.1#TypeWater","version":"16f404b4-fc06-8f28-4c55-de85f359587f"},"geometry":{"type":"Polygon","coordinates":[[[150284.498,482977.418],[150279.533,482985.028],[150275.55,482991.102],[150269.383,483001.154],[150268.613,483002.729],[150266.855,483006.683],[150265.176,483011.039],[150264.981,483011.901],[150264.912,483012.134],[150264.806,483012.197],[150264.679,483012.163],[150264.579,483011.959],[150264.576,483011.694],[150264.895,483010.493],[150265.291,483009.407],[150266.832,483005.723],[150268.044,483002.895],[150268.757,483001.482],[150270.228,482998.872],[150271.125,482997.378],[150273.401,482993.723],[150283.964,482977.665],[150288.481,482970.999],[150291.458,482966.407],[150291.711,482966.355],[150291.837,482966.47],[150291.843,482966.66],[150291.199,482967.614],[150288.533,482971.476],[150284.498,482977.418]]]},"id":"bd7a912d-f79a-5508-877d-a533cecb17b6"},{"type":"Feature","properties":{"bronhouder":"G0034","creation_date":"2023-12-17T23:00:00Z","eind_registratie":"2025-12-03T12:05:32Z","in_onderzoek":null,"in_onderzoek_leeg":"geenWaarde","lokaal_id":"G0034.f813a3ee5aaa4de69b39789837f6c591","lv_publicatiedatum":"2023-12-18T11:54:14Z","plus_status":null,"plus_status_codespace":"http://www.geostandaarden.nl/imgeo/def/2.1#VoidReasonValue","plus_status_leeg":"geenWaarde","plus_type":"sloot","plus_type_codespace":"http://www.geostandaarden.nl/imgeo/def/2.1#TypeWaterPlus","plus_type_leeg":null,"relatieve_hoogteligging":0,"status":"bestaand","status_codespace":"http://www.geostandaarden.nl/imgeo/def/2.1#Status","status_leeg":null,"termination_date":null,"termination_date_leeg":"geenWaarde","tijdstip_registratie":"2023-12-18T10:56:15Z","type":"waterloop","type_codespace":"http://www.geostandaarden.nl/imgeo/def/2.1#TypeWater","version":"0a77240c-c533-22d1-4aab-e09d1ea51f10"},"geometry":{"type":"Polygon","coordinates":[[[150383.046,482962.435],[150380.31,482957.893],[150380.709,482952.578],[150380.837,482952.066],[150381.301,482952.108],[150380.964,482956.491],[150381.006,482958.093],[150381.975,482959.315],[150383.127,482960.834],[150383.931,482961.895],[150383.046,482962.435]]]},"id":"6f143fc9-bac6-5c54-a8a6-3565303fa083"},{"type":"Feature","properties":{"bronhouder":"G0034","creation_date":"2023-12-17T23:00:00Z","eind_registratie":null,"in_onderzoek":null,"in_onderzoek_leeg":"geenWaarde","lokaal_id":"G0034.f813a3ee5aaa4de69b39789837f6c591","lv_publicatiedatum":"2025-12-03T12:50:42Z","plus_status":null,"plus_status_codespace":"http://www.geostandaarden.nl/imgeo/def/2.1#VoidReasonValue","plus_status_leeg":"geenWaarde","plus_type":"sloot","plus_type_codespace":"http://www.geostandaarden.nl/imgeo/def/2.1#TypeWaterPlus","plus_type_leeg":null,"relatieve_hoogteligging":0,"status":"bestaand","status_codespace":"http://www.geostandaarden.nl/imgeo/def/2.1#Status","status_leeg":null,"termination_date":null,"termination_date_leeg":"geenWaarde","tijdstip_registratie":"2025-12-03T12:05:32Z","type":"waterloop","type_codespace":"http://www.geostandaarden.nl/imgeo/def/2.1#TypeWater","version":"ed14fab8-bed9-3635-28d0-aef4f4e382fb"},"geometry":{"type":"Polygon","coordinates":[[[150383.388,482961.71],[150383.376,482961.848],[150383.331,482961.923],[150383.204,482961.94],[150383.06,482961.888],[150380.756,482958.354],[150380.583,482958.049],[150380.537,482957.687],[150380.963,482952.377],[150381.029,482952.354],[150381.101,482952.357],[150381.138,482952.397],[150381.149,482952.452],[150381.032,482953.635],[150380.767,482957.601],[150380.819,482958.049],[150383.388,482961.71]]]},"id":"bbb2da14-358d-5515-9e6b-18a43f4495ae"},{"type":"Feature","properties":{"bronhouder":"G0034","creation_date":"2023-12-17T23:00:00Z","eind_registratie":"2025-12-03T12:05:32Z","in_onderzoek":null,"in_onderzoek_leeg":"geenWaarde","lokaal_id":"G0034.fcf3f068ea9c41779ed32a06bec1b9f2","lv_publicatiedatum":"2023-12-18T11:54:14Z","plus_status":null,"plus_status_codespace":"http://www.geostandaarden.nl/imgeo/def/2.1#VoidReasonValue","plus_status_leeg":"geenWaarde","plus_type":"sloot","plus_type_codespace":"http://www.geostandaarden.nl/imgeo/def/2.1#TypeWaterPlus","plus_type_leeg":null,"relatieve_hoogteligging":0,"status":"bestaand","status_codespace":"http://www.geostandaarden.nl/imgeo/def/2.1#Status","status_leeg":null,"termination_date":null,"termination_date_leeg":"geenWaarde","tijdstip_registratie":"2023-12-18T10:56:15Z","type":"waterloop","type_codespace":"http://www.geostandaarden.nl/imgeo/def/2.1#TypeWater","version":"bd7cae78-671c-696b-6017-a1fc135efa92"},"geometry":{"type":"Polygon","coordinates":[[[150357.322,482893.521],[150358.342,482894.175],[150356.361,482896.756],[150355.691,482897.96],[150355.37,482898.57],[150355.056,482899.184],[150354.752,482899.802],[150354.457,482900.425],[150354.17,482901.052],[150353.893,482901.683],[150353.652,482902.252],[150353.418,482902.825],[150353.191,482903.401],[150352.972,482903.98],[150352.76,482904.562],[150352.555,482905.146],[150352.359,482905.733],[150352.169,482906.322],[150350.235,482911.955],[150348.853,482915.263],[150347.804,482914.91],[150348.415,482912.958],[150349.73,482910.681],[150350.512,482908.334],[150351.721,482904.707],[150352.93,482901.577],[150353.713,482899.586],[150354.851,482897.168],[150356.178,482895.019],[150357.322,482893.521]]]},"id":"c9aafb54-f01d-533e-9bde-ef3eccc0e117"},{"type":"Feature","properties":{"bronhouder":"G0034","creation_date":"2023-12-17T23:00:00Z","eind_registratie":null,"in_onderzoek":null,"in_onderzoek_leeg":"geenWaarde","lokaal_id":"G0034.fcf3f068ea9c41779ed32a06bec1b9f2","lv_publicatiedatum":"2025-12-03T12:50:42Z","plus_status":null,"plus_status_codespace":"http://www.geostandaarden.nl/imgeo/def/2.1#VoidReasonValue","plus_status_leeg":"geenWaarde","plus_type":"sloot","plus_type_codespace":"http://www.geostandaarden.nl/imgeo/def/2.1#TypeWaterPlus","plus_type_leeg":null,"relatieve_hoogteligging":0,"status":"bestaand","status_codespace":"http://www.geostandaarden.nl/imgeo/def/2.1#Status","status_leeg":null,"termination_date":null,"termination_date_leeg":"geenWaarde","tijdstip_registratie":"2025-12-03T12:05:32Z","type":"waterloop","type_codespace":"http://www.geostandaarden.nl/imgeo/def/2.1#TypeWater","version":"d16a2fde-69c3-f47c-c4b9-efeb38e98434"},"geometry":{"type":"Polygon","coordinates":[[[150350.153,482910.842],[150349.642,482912.204],[150348.613,482914.618],[150348.51,482914.767],[150348.406,482914.785],[150348.28,482914.698],[150348.263,482914.607],[150348.28,482914.523],[150349.349,482912.052],[150350.303,482909.581],[150351.613,482905.293],[150353.004,482901.845],[150354.188,482898.971],[150355.211,482897.224],[150356.452,482895.236],[150357.179,482894.244],[150357.415,482894.061],[150357.613,482894.029],[150357.705,482894.095],[150357.748,482894.216],[150357.751,482894.348],[150357.628,482894.546],[150356.771,482895.374],[150355.498,482897.405],[150354.527,482899.055],[150352.021,482905.267],[150350.619,482909.405],[150350.153,482910.842]]]},"id":"abf3f194-be0e-5174-a8ad-3b34f6abde39"},{"type":"Feature","properties":{"bronhouder":"W0650","creation_date":"2020-07-27T22:00:00Z","eind_registratie":"2025-12-03T12:05:32Z","in_onderzoek":null,"in_onderzoek_leeg":"geenWaarde","lokaal_id":"W0650.0d6f70d0bc85449ba05ee4ed7ac43111","lv_publicatiedatum":"2020-07-28T13:56:18Z","plus_status":null,"plus_status_codespace":"http://www.geostandaarden.nl/imgeo/def/2.1#VoidReasonValue","plus_status_leeg":"geenWaarde","plus_type":"meer, plas, ven, vijver","plus_type_codespace":"http://www.geostandaarden.nl/imgeo/def/2.1#TypeWaterPlus","plus_type_leeg":null,"relatieve_hoogteligging":0,"status":"bestaand","status_codespace":"http://www.geostandaarden.nl/imgeo/def/2.1#Status","status_leeg":null,"termination_date":null,"termination_date_leeg":"geenWaarde","tijdstip_registratie":"2020-07-28T13:48:44Z","type":"watervlakte","type_codespace":"http://www.geostandaarden.nl/imgeo/def/2.1#TypeWater","version":"71cdbff1-dff6-b8c9-908c-866c454936bd"},"geometry":{"type":"Polygon","coordinates":[[[150345.608,483069.101],[150345.188,483070.916],[150344.384,483071.164],[150343.208,483071.102],[150342.218,483070.731],[150340.733,483069.369],[150337.749,483065.758],[150333.899,483060.682],[150329.874,483054.907],[150324.724,483044.989],[150323.061,483041.401],[150321.311,483035.713],[150321.048,483032.038],[150319.864,483027.329],[150319.555,483023.183],[150319.788,483020.094],[150320.313,483016.069],[150321.538,483012.306],[150323.875,483006.264],[150327.803,482999.797],[150334.279,482990.522],[150342.22,482981.367],[150347.033,482975.417],[150354.559,482966.841],[150359.284,482962.466],[150361.384,482961.241],[150363.047,482961.329],[150364.693,482962.189],[150365.584,482963.779],[150365.497,482964.829],[150364.534,482966.929],[150362.084,482970.604],[150357.446,482977.08],[150352.634,482984.605],[150347.733,482993.618],[150344.61,482999.912],[150340.935,483008.4],[150338.188,483017.187],[150337.508,483021.333],[150337.013,483025.107],[150336.973,483031.906],[150337.097,483035.062],[150337.716,483039.331],[150339.06,483048.021],[150339.926,483051.981],[150342.7,483060.376],[150344.061,483063.656],[150345.113,483066.316],[150346.041,483067.616],[150345.608,483069.101]]]},"id":"91e5f79c-9d2d-507e-8095-64d37cc1d775"},{"type":"Feature","properties":{"bronhouder":"W0650","creation_date":"2020-07-27T22:00:00Z","eind_registratie":null,"in_onderzoek":null,"in_onderzoek_leeg":"geenWaarde","lokaal_id":"W0650.0d6f70d0bc85449ba05ee4ed7ac43111","lv_publicatiedatum":"2025-12-03T12:50:42Z","plus_status":null,"plus_status_codespace":"http://www.geostandaarden.nl/imgeo/def/2.1#VoidReasonValue","plus_status_leeg":"geenWaarde","plus_type":"meer, plas, ven, vijver","plus_type_codespace":"http://www.geostandaarden.nl/imgeo/def/2.1#TypeWaterPlus","plus_type_leeg":null,"relatieve_hoogteligging":0,"status":"bestaand","status_codespace":"http://www.geostandaarden.nl/imgeo/def/2.1#Status","status_leeg":null,"termination_date":null,"termination_date_leeg":"geenWaarde","tijdstip_registratie":"2025-12-03T12:05:32Z","type":"watervlakte","type_codespace":"http://www.geostandaarden.nl/imgeo/def/2.1#TypeWater","version":"14cd65c7-3705-e65d-0342-faf9020d281a"},"geometry":{"type":"Polygon","coordinates":[[[150336.104,483038.629],[150336.885,483043.732],[150338.081,483049.18],[150338.609,483052.468],[150340.023,483057.031],[150341.242,483060.111],[150344.069,483066.226],[150344.529,483067.997],[150343.759,483068.928],[150342.77,483068.755],[150341.38,483067.859],[150338.885,483064.893],[150337.471,483063.272],[150335.207,483060.629],[150332.196,483055.801],[150329.184,483049.824],[150325.552,483043.824],[150323.061,483041.401],[150321,483035.721],[150320.285,483031.883],[150319.864,483027.329],[150319.529,483023.79],[150319.788,483020.094],[150320.313,483016.069],[150321.322,483012.33],[150323.875,483006.264],[150327.803,482999.797],[150334.279,482990.522],[150342.22,482981.367],[150347.033,482975.417],[150354.559,482966.841],[150359.022,482962.236],[150360.941,482960.719],[150362.895,482960.052],[150364.115,482960.144],[150365.148,482961.029],[150364.43,482961.837],[150365.045,482962.472],[150365.731,482961.848],[150366.55,482963.121],[150366.805,482964.075],[150365.184,482967.144],[150362.218,482970.742],[150358.035,482977.617],[150353.345,482985.065],[150348.77,482993.744],[150346.54,482998.755],[150345.69,482999.652],[150344.61,482999.912],[150343.529,483000.238],[150342.655,483001.111],[150341.345,483003.594],[150340.127,483005.226],[150339.276,483008.169],[150338.793,483012.537],[150337.092,483017.985],[150336.288,483021.41],[150335.828,483024.468],[150335.506,483028.031],[150335.989,483031.433],[150336.54,483032.606],[150335.782,483034.79],[150336.104,483038.629]]]},"id":"0f529c28-4f01-5e2d-a9cb-9d817a410957"},{"type":"Feature","properties":{"bronhouder":"W0650","creation_date":"2020-07-26T22:00:00Z","eind_registratie":"2025-12-03T12:05:32Z","in_onderzoek":null,"in_onderzoek_leeg":"geenWaarde","lokaal_id":"W0650.9c3fe1bc13214181900bfb4bd3595ad5","lv_publicatiedatum":"2023-12-18T11:54:14Z","plus_status":null,"plus_status_codespace":"http://www.geostandaarden.nl/imgeo/def/2.1#VoidReasonValue","plus_status_leeg":"geenWaarde","plus_type":"sloot","plus_type_codespace":"http://www.geostandaarden.nl/imgeo/def/2.1#TypeWaterPlus","plus_type_leeg":null,"relatieve_hoogteligging":0,"status":"bestaand","status_codespace":"http://www.geostandaarden.nl/imgeo/def/2.1#Status","status_leeg":null,"termination_date":null,"termination_date_leeg":"geenWaarde","tijdstip_registratie":"2023-12-18T10:56:03Z","type":"waterloop","type_codespace":"http://www.geostandaarden.nl/imgeo/def/2.1#TypeWater","version":"ff6b499d-ec68-15e6-21eb-35fc8a7eef36"},"geometry":{"type":"Polygon","coordinates":[[[150583.344,482936.37],[150584.878,482937.572],[150585.286,482937.767],[150585.667,482937.507],[150595.176,482923.426],[150595.899,482922.98],[150596.799,482923.258],[150638.125,482952.181],[150638.676,482952.614],[150638.558,482953.086],[150638.099,482953.362],[150637.654,482953.363],[150596.976,482924.799],[150596.447,482924.613],[150595.964,482924.882],[150585.776,482938.599],[150585.326,482938.737],[150584.842,482938.642],[150582.704,482937.278],[150582.308,482937.025],[150580.044,482935.41],[150547.328,482912.312],[150521.569,482894.181],[150480.76,482865.583],[150460.123,482851.274],[150439.765,482837.152],[150428.89,482829.468],[150424.731,482827.039],[150422.21,482825.105],[150423.613,482823.057],[150425.627,482824.31],[150461.019,482849.853],[150501.433,482878.573],[150522.218,482893.16],[150543.152,482907.614],[150582.902,482936.022],[150583.344,482936.37]]]},"id":"05f110ed-3cdf-56fe-98a9-40471963ecea"},{"type":"Feature","properties":{"bronhouder":"W0650","creation_date":"2020-07-26T22:00:00Z","eind_registratie":null,"in_onderzoek":null,"in_onderzoek_leeg":"geenWaarde","lokaal_id":"W0650.9c3fe1bc13214181900bfb4bd3595ad5","lv_publicatiedatum":"2025-12-03T12:50:42Z","plus_status":null,"plus_status_codespace":"http://www.geostandaarden.nl/imgeo/def/2.1#VoidReasonValue","plus_status_leeg":"geenWaarde","plus_type":"sloot","plus_type_codespace":"http://www.geostandaarden.nl/imgeo/def/2.1#TypeWaterPlus","plus_type_leeg":null,"relatieve_hoogteligging":0,"status":"bestaand","status_codespace":"http://www.geostandaarden.nl/imgeo/def/2.1#Status","status_leeg":null,"termination_date":null,"termination_date_leeg":"geenWaarde","tijdstip_registratie":"2025-12-03T12:05:32Z","type":"waterloop","type_codespace":"http://www.geostandaarden.nl/imgeo/def/2.1#TypeWater","version":"4e4738ca-8c38-bc9d-0131-d11073c2838f"},"geometry":{"type":"Polygon","coordinates":[[[150504.034,483130.252],[150501.677,483133.217],[150492.965,483144.746],[150484.275,483156.539],[150479.057,483163.298],[150470.022,483175.183],[150465.586,483181.022],[150455.057,483194.55],[150445.93,483206.677],[150437.333,483218.148],[150434.666,483221.596],[150428.551,483230.125],[150427.999,483230.769],[150427.655,483230.654],[150427.551,483230.367],[150427.942,483229.734],[150435.091,483219.711],[150451.183,483198.803],[150451.183,483198.481],[150450.769,483198.068],[150449.609,483197.292],[150449.534,483197.148],[150449.591,483197.022],[150449.741,483197.039],[150450.344,483197.453],[150451.074,483197.913],[150451.31,483197.97],[150451.568,483197.958],[150451.965,483197.642],[150455.586,483192.93],[150465.08,483180.792],[150466.771,483178.495],[150465.442,483177.41],[150465.06,483177.091],[150465.065,483177.004],[150465.109,483176.927],[150465.19,483176.913],[150465.284,483176.944],[150466.95,483178.252],[150469.723,483174.458],[150472.528,483170.746],[150477.103,483164.55],[150484.815,483154.907],[150484.844,483154.631],[150483.292,483153.108],[150483.223,483152.993],[150483.241,483152.872],[150483.321,483152.826],[150483.433,483152.846],[150483.548,483152.947],[150484.959,483154.349],[150485.126,483154.435],[150485.287,483154.355],[150490.264,483147.229],[150501.609,483132.137],[150513.976,483115.999],[150519.321,483108.999],[150519.16,483108.493],[150517.942,483107.711],[150517.792,483107.401],[150518.045,483107.194],[150518.482,483107.458],[150519.413,483108.022],[150519.735,483108.114],[150520.08,483107.918],[150530.746,483093.999],[150540.011,483081.585],[150549.7,483068.665],[150549.758,483068.309],[150549.425,483067.884],[150548.54,483067.263],[150548.367,483067.102],[150548.436,483066.964],[150548.568,483066.987],[150549.574,483067.752],[150549.999,483067.895],[150550.327,483067.849],[150550.643,483067.545],[150561.223,483053.734],[150566.718,483046.286],[150566.505,483045.683],[150566.028,483045.298],[150565.16,483044.683],[150564.718,483044.384],[150564.649,483044.234],[150564.712,483044.05],[150564.902,483044.027],[150565.252,483044.257],[150566.494,483045.165],[150566.81,483045.24],[150567.465,483045.068],[150570.419,483041.694],[150575.246,483035.321],[150582.936,483024.999],[150582.879,483024.734],[150582.407,483024.39],[150581.189,483023.665],[150581.074,483023.458],[150581.149,483023.326],[150581.31,483023.292],[150582.815,483024.234],[150583.051,483024.257],[150583.275,483024.165],[150587.459,483018.838],[150598.31,483004.769],[150612.551,482986.125],[150612.563,482985.849],[150612.333,482985.585],[150610.833,482984.51],[150610.764,482984.407],[150610.821,482984.298],[150610.927,482984.315],[150612.554,482985.481],[150612.764,482985.556],[150612.982,482985.453],[150625.689,482968.24],[150634.769,482956.516],[150637.114,482953.642],[150637.402,482953.056],[150637.298,482952.688],[150622.471,482942.309],[150597.091,482924.545],[150596.551,482924.303],[150596.2,482924.321],[150595.695,482924.568],[150592.494,482929.045],[150587.379,482936.28],[150585.81,482938.648],[150585.499,482938.832],[150585.195,482938.803],[150581.097,482935.878],[150573.396,482930.401],[150563.982,482923.665],[150556.132,482918.206],[150535.545,482903.596],[150510.223,482885.884],[150487.063,482869.562],[150471.384,482858.642],[150452.925,482845.792],[150437.545,482835.056],[150423.669,482825.39],[150423.976,482824.875],[150424.143,482824.668],[150424.298,482824.571],[150424.496,482824.565],[150425.876,482825.585],[150433.028,482830.855],[150440.689,482836.252],[150448.884,482841.838],[150457.494,482847.999],[150469.689,482856.55],[150487.149,482868.826],[150495.758,482874.907],[150503.999,482880.792],[150518.08,482890.734],[150530.183,482899.171],[150538.758,482905.114],[150546.505,482910.458],[150556.896,482917.999],[150564.379,482923.183],[150572.344,482928.838],[150580.93,482934.941],[150584.804,482937.78],[150585.298,482937.964],[150585.746,482937.757],[150594.425,482925.309],[150595.609,482923.78],[150595.976,482923.562],[150596.333,482923.573],[150598.103,482924.642],[150606.459,482930.401],[150637.873,482952.516],[150638.091,482952.907],[150637.988,482953.458],[150635.057,482956.884],[150613.551,482985.516],[150601.298,483001.447],[150594.264,483010.941],[150585.988,483021.769],[150580.54,483029.401],[150571.649,483040.884],[150568.218,483045.677],[150564.35,483050.573],[150548.746,483071.079],[150540.425,483081.93],[150536.379,483087.723],[150532.999,483091.93],[150525.413,483101.815],[150517.252,483112.918],[150509.229,483123.309],[150504.034,483130.252]]]},"id":"5fa7ccc9-be30-561e-8b54-6d2e0b86ec9d"},{"type":"Feature","properties":{"bronhouder":"W0650","creation_date":"2020-07-27T22:00:00Z","eind_registratie":"2025-12-03T12:05:32Z","in_onderzoek":null,"in_onderzoek_leeg":"geenWaarde","lokaal_id":"W0650.c2154ab3c3b54d429a7e35561bc0642f","lv_publicatiedatum":"2020-07-28T13:56:18Z","plus_status":null,"plus_status_codespace":"http://www.geostandaarden.nl/imgeo/def/2.1#VoidReasonValue","plus_status_leeg":"geenWaarde","plus_type":"meer, plas, ven, vijver","plus_type_codespace":"http://www.geostandaarden.nl/imgeo/def/2.1#TypeWaterPlus","plus_type_leeg":null,"relatieve_hoogteligging":0,"status":"bestaand","status_codespace":"http://www.geostandaarden.nl/imgeo/def/2.1#Status","status_leeg":null,"termination_date":null,"termination_date_leeg":"geenWaarde","tijdstip_registratie":"2020-07-28T13:48:45Z","type":"watervlakte","type_codespace":"http://www.geostandaarden.nl/imgeo/def/2.1#TypeWater","version":"ba8100e5-a349-be26-07fe-ef4e63d51144"},"geometry":{"type":"Polygon","coordinates":[[[150448.06,483041.704],[150447.568,483041.364],[150447.349,483040.402],[150447.415,483039.067],[150448.049,483037.317],[150449.121,483036.048],[150450.849,483034.561],[150452.118,483033.576],[150458.265,483028.414],[150467.162,483021.978],[150473.35,483017.399],[150477.805,483013.934],[150480.85,483010.923],[150482.776,483008.648],[150483.913,483006.198],[150484.001,483004.797],[150483.826,483001.997],[150482.251,482998.76],[150480.063,482996.047],[150476.393,482993.008],[150471.93,482989.771],[150465.279,482985.92],[150458.979,482981.545],[150453.764,482977.953],[150448.567,482973.684],[150444.297,482970.528],[150439.242,482965.274],[150432.679,482958.798],[150426.904,482953.198],[150423.754,482950.31],[150417.328,482944.598],[150414.178,482942.498],[150411.334,482940.572],[150407.965,482939.041],[150405.603,482938.035],[150403.065,482937.728],[150400.134,482937.816],[150397.872,482938.288],[150395.641,482939.207],[150392.546,482940.942],[150389.329,482942.891],[150386.761,482945.242],[150384.069,482947.315],[150382.037,482948.374],[150380.681,482948.943],[150379.543,482948.636],[150379.193,482947.98],[150379.281,482946.624],[150380.243,482945.355],[150381.162,482943.955],[150385.017,482940.021],[150388.08,482936.914],[150393.286,482932.758],[150397.705,482930.001],[150401.162,482928.12],[150404.75,482926.895],[150407.822,482926.805],[150410.36,482927.068],[150412.46,482927.724],[150414.385,482928.906],[150416.529,482930.349],[150418.323,482932.012],[150420.117,482933.893],[150422.276,482936.244],[150425.092,482939.801],[150427.589,482943.152],[150430.214,482947.965],[150432.664,482951.29],[150435.289,482954.615],[150437.947,482957.111],[150441.165,482959.833],[150445.991,482962.494],[150451.375,482965.031],[150461.435,482969.08],[150464.466,482970.751],[150469.417,482972.298],[150475.48,482974.587],[150481.792,482977.186],[150486.185,482978.981],[150489.402,482980.775],[150491.939,482982.074],[150493.858,482983.559],[150496.023,482986.158],[150498.551,482989.386],[150498.945,482991.092],[150499.207,482994.33],[150498.857,482998.793],[150498.268,483004.934],[150497.218,483006.859],[150495.818,483009.397],[150493.981,483011.41],[150491.487,483013.728],[150487.811,483016.354],[150482.678,483019.295],[150477.543,483022.265],[150471.355,483025.483],[150463.031,483030.56],[150460.275,483032.616],[150456.162,483036.073],[150450.948,483041.179],[150449.548,483042.011],[150448.76,483042.011],[150448.06,483041.704]]]},"id":"a831efe8-fe21-5cd5-92d8-31d03a44bbe5"},{"type":"Feature","properties":{"bronhouder":"W0650","creation_date":"2020-07-27T22:00:00Z","eind_registratie":null,"in_onderzoek":null,"in_onderzoek_leeg":"geenWaarde","lokaal_id":"W0650.c2154ab3c3b54d429a7e35561bc0642f","lv_publicatiedatum":"2025-12-03T12:50:42Z","plus_status":null,"plus_status_codespace":"http://www.geostandaarden.nl/imgeo/def/2.1#VoidReasonValue","plus_status_leeg":"geenWaarde","plus_type":"meer, plas, ven, vijver","plus_type_codespace":"http://www.geostandaarden.nl/imgeo/def/2.1#TypeWaterPlus","plus_type_leeg":null,"relatieve_hoogteligging":0,"status":"bestaand","status_codespace":"http://www.geostandaarden.nl/imgeo/def/2.1#Status","status_leeg":null,"termination_date":null,"termination_date_leeg":"geenWaarde","tijdstip_registratie":"2025-12-03T12:05:32Z","type":"watervlakte","type_codespace":"http://www.geostandaarden.nl/imgeo/def/2.1#TypeWater","version":"8f06be33-8d59-357c-5eba-2c6717c29136"},"geometry":{"type":"Polygon","coordinates":[[[150491.487,483013.728],[150487.811,483016.354],[150482.678,483019.295],[150477.543,483022.265],[150471.355,483025.483],[150463.389,483030.949],[150460.447,483033.018],[150456.162,483036.073],[150451.033,483041.408],[150449.608,483042.213],[150448.746,483042.179],[150448.06,483041.704],[150447.568,483041.364],[150447.349,483040.402],[150447.415,483039.067],[150448.049,483037.317],[150449.121,483036.048],[150450.849,483034.561],[150452.118,483033.576],[150458.265,483028.414],[150467.162,483021.978],[150473.35,483017.399],[150477.805,483013.934],[150480.85,483010.923],[150482.776,483008.648],[150483.913,483006.198],[150484.001,483004.797],[150483.539,483002.041],[150480.01,482997.569],[150479.079,482995.707],[150476.393,482993.008],[150471.527,482989.983],[150465.279,482985.92],[150458.979,482981.545],[150453.764,482977.953],[150448.567,482973.684],[150444.297,482970.528],[150439.242,482965.274],[150432.353,482959.771],[150426.675,482953.38],[150423.754,482950.31],[150417.134,482944.77],[150414.178,482942.498],[150411.334,482940.572],[150407.965,482939.041],[150405.603,482938.035],[150403.065,482937.728],[150400.134,482937.816],[150397.872,482938.288],[150395.641,482939.207],[150392.582,482941.408],[150390.662,482942.65],[150389.111,482943.857],[150387.869,482944.949],[150385.927,482946.604],[150384.306,482947.811],[150382.456,482948.937],[150381.364,482949.408],[150380.421,482949.477],[150379.777,482949.328],[150379.387,482949.11],[150379.145,482948.523],[150379.193,482947.98],[150379.281,482946.624],[150380.243,482945.355],[150381.162,482943.955],[150385.017,482940.021],[150388.08,482936.914],[150393.286,482932.758],[150396.915,482930.161],[150399.088,482928.782],[150400.053,482928.058],[150401.869,482927.322],[150404.053,482926.403],[150405.042,482926.173],[150407.191,482926.207],[150408.754,482926.426],[150410.134,482926.61],[150411.639,482926.954],[150413.168,482927.805],[150416.743,482929.621],[150417.973,482930.793],[150419.8,482932.61],[150425.559,482939.437],[150426.984,482940.736],[150427.283,482941.598],[150427.685,482942.426],[150428.398,482943.207],[150428.777,482943.667],[150429.019,482944.127],[150429.996,482946.196],[150431.122,482947.862],[150432.134,482949.219],[150433.881,482951.322],[150435.57,482953.449],[150436.639,482954.633],[150438.042,482956.012],[150439.72,482957.311],[150441.57,482958.679],[150444.846,482961.299],[150446.674,482962.506],[150451.375,482965.031],[150461.435,482969.08],[150464.585,482970.454],[150469.417,482972.298],[150475.48,482974.587],[150481.792,482977.186],[150486.185,482978.981],[150489.402,482980.775],[150491.939,482982.074],[150493.858,482983.559],[150496.401,482985.88],[150498.861,482989.19],[150499.366,482991.121],[150499.412,482994.362],[150498.857,482998.793],[150498.268,483004.934],[150497.218,483006.859],[150495.818,483009.397],[150493.981,483011.41],[150491.487,483013.728]]]},"id":"db375498-41c4-5596-90dc-23a330925790"},{"type":"Feature","properties":{"bronhouder":"W0650","creation_date":"2020-07-26T22:00:00Z","eind_registratie":"2025-12-03T12:05:32Z","in_onderzoek":null,"in_onderzoek_leeg":"geenWaarde","lokaal_id":"W0650.c6f7c21a616e42a5b5b3495f6211f3e6","lv_publicatiedatum":"2023-12-18T11:54:14Z","plus_status":null,"plus_status_codespace":"http://www.geostandaarden.nl/imgeo/def/2.1#VoidReasonValue","plus_status_leeg":"geenWaarde","plus_type":"sloot","plus_type_codespace":"http://www.geostandaarden.nl/imgeo/def/2.1#TypeWaterPlus","plus_type_leeg":null,"relatieve_hoogteligging":0,"status":"bestaand","status_codespace":"http://www.geostandaarden.nl/imgeo/def/2.1#Status","status_leeg":null,"termination_date":null,"termination_date_leeg":"geenWaarde","tijdstip_registratie":"2023-12-18T10:56:03Z","type":"waterloop","type_codespace":"http://www.geostandaarden.nl/imgeo/def/2.1#TypeWater","version":"5a4c8b9d-7d4c-ef20-5c5a-31ce3e687c6a"},"geometry":{"type":"Polygon","coordinates":[[[150410.738,482814.178],[150413.447,482816.046],[150413.795,482817.237],[150412.851,482818.772],[150409.604,482816.405],[150378.184,482793.117],[150377.436,482792.789],[150377.003,482793.012],[150356.401,482823.128],[150344.958,482839.374],[150331.862,482858.139],[150305.721,482895.092],[150277.403,482935.248],[150248.008,482976.951],[150216.094,483021.909],[150192.961,483053.878],[150188.267,483060.431],[150188.079,483060.532],[150187.998,483060.491],[150187.911,483060.424],[150187.912,483060.266],[150189.35,483057.807],[150191.555,483054.474],[150192.604,483052.952],[150215.36,483021.317],[150219.123,483015.882],[150232.079,482996.874],[150241.736,482983.329],[150260.527,482956.69],[150278.77,482931.033],[150295.197,482907.48],[150305.564,482892.652],[150317.768,482875.619],[150325.93,482863.415],[150343.856,482838.009],[150376.649,482791.726],[150377.069,482791.437],[150378.171,482791.581],[150392.091,482801.617],[150410.738,482814.178]]]},"id":"6e84563e-fb05-5596-9eaa-d965a0c6ac25"},{"type":"Feature","properties":{"bronhouder":"W0650","creation_date":"2020-07-26T22:00:00Z","eind_registratie":null,"in_onderzoek":null,"in_onderzoek_leeg":"geenWaarde","lokaal_id":"W0650.c6f7c21a616e42a5b5b3495f6211f3e6","lv_publicatiedatum":"2025-12-03T12:50:42Z","plus_status":null,"plus_status_codespace":"http://www.geostandaarden.nl/imgeo/def/2.1#VoidReasonValue","plus_status_leeg":"geenWaarde","plus_type":"sloot","plus_type_codespace":"http://www.geostandaarden.nl/imgeo/def/2.1#TypeWaterPlus","plus_type_leeg":null,"relatieve_hoogteligging":0,"status":"bestaand","status_codespace":"http://www.geostandaarden.nl/imgeo/def/2.1#Status","status_leeg":null,"termination_date":null,"termination_date_leeg":"geenWaarde","tijdstip_registratie":"2025-12-03T12:05:32Z","type":"waterloop","type_codespace":"http://www.geostandaarden.nl/imgeo/def/2.1#TypeWater","version":"7179c979-1e2b-65a7-a81e-0bb96eca7e17"},"geometry":{"type":"Polygon","coordinates":[[[150235.321,482994.467],[150226.746,483006.559],[150218.93,483017.502],[150213.528,483025.41],[150205.574,483036.559],[150202.425,483041.111],[150193.758,483053.295],[150188.792,483060.536],[150188.494,483060.72],[150188.172,483060.72],[150188.034,483060.525],[150187.959,483060.341],[150187.968,483060.117],[150216.014,483020.181],[150224.818,483007.951],[150234.542,482994.02],[150260.542,482957.193],[150293.922,482909.882],[150309.646,482887.469],[150315.761,482879.319],[150315.979,482878.744],[150316.175,482878.25],[150316.623,482876.721],[150317.06,482876.055],[150332.037,482855.595],[150348.106,482832.606],[150360.519,482814.951],[150373.6,482796.009],[150376.359,482792.492],[150377.255,482791.94],[150378.06,482792.078],[150380.473,482793.71],[150396.29,482804.905],[150412.382,482816.02],[150412.433,482816.167],[150412.416,482816.306],[150412.387,482816.349],[150412.32,482816.293],[150411.905,482816.844],[150411.778,482816.821],[150411.675,482816.775],[150409.195,482814.996],[150400.603,482808.812],[150392.959,482803.571],[150378.66,482793.042],[150378.04,482792.823],[150377.315,482792.892],[150376.833,482793.134],[150374.218,482796.375],[150332.275,482855.789],[150317.459,482876.433],[150317.091,482877.594],[150316.643,482878.846],[150316.229,482879.651],[150310.861,482886.95],[150306.551,482892.927],[150302.137,482899.168],[150298.425,482904.536],[150286.54,482921.525],[150276.586,482935.915],[150269.045,482946.628],[150260.195,482959.134],[150251.689,482971.18],[150245.367,482980.191],[150235.321,482994.467]]]},"id":"4962dbd1-c6b6-5e78-9930-443a1363a3d9"}],"numberReturned":73}
