{"type":"FeatureCollection","timeStamp":"2026-09-22T10:56:18Z","links":[{"rel":"self","title":"This document as GeoJSON","type":"application/geo+json","href":"https://api.pdok.nl/lv/bgt/ogc/v1/collections/begroeidterreindeel/items?bbox=5.3180%2C52.3334%2C5.3212%2C52.3351&crs=http%3A%2F%2Fwww.opengis.net%2Fdef%2Fcrs%2FEPSG%2F0%2F28992&f=json&limit=1000"},{"rel":"alternate","title":"This document as JSON-FG","type":"application/vnd.ogc.fg+json","href":"https://api.pdok.nl/lv/bgt/ogc/v1/collections/begroeidterreindeel/items?bbox=5.3180%2C52.3334%2C5.3212%2C52.3351&crs=http%3A%2F%2Fwww.opengis.net%2Fdef%2Fcrs%2FEPSG%2F0%2F28992&f=jsonfg&limit=1000"},{"rel":"alternate","title":"This document as HTML","type":"text/html","href":"https://api.pdok.nl/lv/bgt/ogc/v1/collections/begroeidterreindeel/items?bbox=5.3180%2C52.3334%2C5.3212%2C52.3351&crs=http%3A%2F%2Fwww.opengis.net%2Fdef%2Fcrs%2FEPSG%2F0%2F28992&f=html&limit=1000"}],"features":[{"type":"Feature","properties":{"bronhouder":"L0001","creation_date":"2014-01-30T23:00:00Z","eind_registratie":"2017-09-29T09:17:34Z","fysiek_voorkomen":"grasland agrarisch","fysiek_voorkomen_codespace":"http://www.geostandaarden.nl/imgeo/def/2.1#FysiekVoorkomenBegroeidTerrein","in_onderzoek":null,"in_onderzoek_leeg":"geenWaarde","kruinlijn_leeg":"waardeOnbekend","lokaal_id":"L0001.33f7236945e54e4abd38ce7d05187104","lv_publicatiedatum":"2015-03-06T13:14:14Z","op_talud":"false","op_talud_leeg":null,"plus_fysiek_voorkomen":null,"plus_fysiek_voorkomen_codespace":"http://www.geostandaarden.nl/imgeo/def/2.1#VoidReasonValue","plus_fysiek_voorkomen_leeg":"waardeOnbekend","plus_status":null,"plus_status_codespace":"http://www.geostandaarden.nl/imgeo/def/2.1#VoidReasonValue","plus_status_leeg":"geenWaarde","relatieve_hoogteligging":0,"status":"bestaand","status_codespace":"http://www.geostandaarden.nl/imgeo/def/2.1#Status","status_leeg":null,"termination_date":"2017-09-28T22:00:00Z","termination_date_leeg":null,"tijdstip_registratie":"2014-01-31T21:14:14Z","version":"6a0313f1-557e-5a9f-8425-8bde80ded65a"},"geometry":{"type":"Polygon","coordinates":[[[150429.816,483232.874],[150101.457,483000.764],[150100.375,483000],[150100.365,482999.993],[150100.355,482999.986],[150051.454,482965.531],[150000,482929.234],[149990,482922.192],[149905.135,482862.382],[149815.17,482799.07],[150000,482533.863],[150023.6,482500],[150098.45,482392.6],[150250.993,482500],[150341.947,482564.037],[150729.813,482837.119],[150723.799,482844.883],[150723.6,482844.732],[150435.734,483224.735],[150435.933,483224.886],[150429.816,483232.874]]]},"id":"bdd46cca-223c-5330-841b-cfc3dd4c4ce1"},{"type":"Feature","properties":{"bronhouder":"L0001","creation_date":"2014-01-30T23:00:00Z","eind_registratie":"2017-09-29T09:17:34Z","fysiek_voorkomen":"grasland agrarisch","fysiek_voorkomen_codespace":"http://www.geostandaarden.nl/imgeo/def/2.1#FysiekVoorkomenBegroeidTerrein","in_onderzoek":null,"in_onderzoek_leeg":"geenWaarde","kruinlijn_leeg":"waardeOnbekend","lokaal_id":"L0001.33f7236945e54e4abd38ce7d05187104","lv_publicatiedatum":"2017-10-02T10:46:32Z","op_talud":"false","op_talud_leeg":null,"plus_fysiek_voorkomen":null,"plus_fysiek_voorkomen_codespace":"http://www.geostandaarden.nl/imgeo/def/2.1#VoidReasonValue","plus_fysiek_voorkomen_leeg":"waardeOnbekend","plus_status":null,"plus_status_codespace":"http://www.geostandaarden.nl/imgeo/def/2.1#VoidReasonValue","plus_status_leeg":"geenWaarde","relatieve_hoogteligging":0,"status":"bestaand","status_codespace":"http://www.geostandaarden.nl/imgeo/def/2.1#Status","status_leeg":null,"termination_date":"2017-09-28T22:00:00Z","termination_date_leeg":null,"tijdstip_registratie":"2014-01-31T21:14:14Z","version":"bdd10841-4279-0d23-d21a-f0671055c06b"},"geometry":{"type":"Polygon","coordinates":[[[150429.816,483232.874],[150101.457,483000.764],[150100.375,483000],[150100.365,482999.993],[150100.355,482999.986],[150051.454,482965.531],[150000,482929.234],[149990,482922.192],[149905.135,482862.382],[149815.17,482799.07],[150000,482533.863],[150023.6,482500],[150098.45,482392.6],[150250.993,482500],[150341.947,482564.037],[150729.813,482837.119],[150723.799,482844.883],[150723.6,482844.732],[150435.734,483224.735],[150435.933,483224.886],[150429.816,483232.874]]]},"id":"ef137464-f6ec-5c03-af6e-b3d29b30349e"},{"type":"Feature","properties":{"bronhouder":"G0034","creation_date":"2023-10-18T22:00:00Z","eind_registratie":null,"fysiek_voorkomen":"groenvoorziening","fysiek_voorkomen_codespace":"http://www.geostandaarden.nl/imgeo/def/2.1#FysiekVoorkomenBegroeidTerrein","in_onderzoek":null,"in_onderzoek_leeg":"geenWaarde","kruinlijn_leeg":"waardeOnbekend","lokaal_id":"G0034.c0011caeb99342ffab24650029fda167","lv_publicatiedatum":"2023-10-19T06:52:43Z","op_talud":"false","op_talud_leeg":null,"plus_fysiek_voorkomen":null,"plus_fysiek_voorkomen_codespace":"http://www.geostandaarden.nl/imgeo/def/2.1#VoidReasonValue","plus_fysiek_voorkomen_leeg":"waardeOnbekend","plus_status":null,"plus_status_codespace":"http://www.geostandaarden.nl/imgeo/def/2.1#VoidReasonValue","plus_status_leeg":"geenWaarde","relatieve_hoogteligging":0,"status":"bestaand","status_codespace":"http://www.geostandaarden.nl/imgeo/def/2.1#Status","status_leeg":null,"termination_date":null,"termination_date_leeg":"geenWaarde","tijdstip_registratie":"2023-10-19T06:35:57Z","version":"04cfef26-0259-c51d-0a33-913a6ab0e932"},"geometry":{"type":"Polygon","coordinates":[[[150332.266,482843.065],[150324.268,482854.401],[150313.764,482869.295],[150312.866,482869.277],[150308.933,482866.536],[150309.942,482866.266],[150313.301,482868.42],[150322.739,482855.063],[150331.573,482842.519],[150332.266,482843.065]]]},"id":"98a7db45-99ff-5b01-a510-b3a1d31a7719"},{"type":"Feature","properties":{"bronhouder":"G0034","creation_date":"2023-10-18T22:00:00Z","eind_registratie":"2023-12-18T10:55:54Z","fysiek_voorkomen":"groenvoorziening","fysiek_voorkomen_codespace":"http://www.geostandaarden.nl/imgeo/def/2.1#FysiekVoorkomenBegroeidTerrein","in_onderzoek":null,"in_onderzoek_leeg":"geenWaarde","kruinlijn_leeg":"waardeOnbekend","lokaal_id":"G0034.e900e932eb2e4d55953c9397d2b71e3f","lv_publicatiedatum":"2023-10-19T06:52:43Z","op_talud":"false","op_talud_leeg":null,"plus_fysiek_voorkomen":null,"plus_fysiek_voorkomen_codespace":"http://www.geostandaarden.nl/imgeo/def/2.1#VoidReasonValue","plus_fysiek_voorkomen_leeg":"waardeOnbekend","plus_status":null,"plus_status_codespace":"http://www.geostandaarden.nl/imgeo/def/2.1#VoidReasonValue","plus_status_leeg":"geenWaarde","relatieve_hoogteligging":0,"status":"bestaand","status_codespace":"http://www.geostandaarden.nl/imgeo/def/2.1#Status","status_leeg":null,"termination_date":null,"termination_date_leeg":"geenWaarde","tijdstip_registratie":"2023-10-19T06:35:57Z","version":"30f0d5f9-1b3e-eaf9-2bb3-e3569b1fbe2c"},"geometry":{"type":"Polygon","coordinates":[[[150390.83,482797.567],[150379.33,482789.411],[150376.546,482787.705],[150341.26,482837.604],[150293.272,482905.809],[150234.092,482989.805],[150184.588,483060.259],[150186.118,483061.497],[150292.936,483136.598],[150292.291,483137.513],[150269.393,483121.625],[150242.665,483102.646],[150223.186,483088.871],[150199.114,483071.905],[150187.209,483063.485],[150186.757,483063.834],[150184.659,483062.356],[150182.79,483061.039],[150233.718,482988.812],[150289.815,482909.173],[150344.29,482831.847],[150370.054,482795.336],[150374.674,482788.778],[150374.866,482788.475],[150375.085,482788.186],[150375.329,482787.915],[150375.594,482787.664],[150375.877,482787.436],[150376.177,482787.232],[150376.491,482787.057],[150376.808,482786.915],[150377.138,482786.801],[150377.479,482786.715],[150377.827,482786.654],[150378.18,482786.62],[150378.534,482786.61],[150378.885,482786.624],[150379.231,482786.662],[150379.594,482786.728],[150379.954,482786.822],[150380.306,482786.944],[150380.648,482787.09],[150381.291,482787.456],[150385.316,482790.234],[150385.264,482790.336],[150393.539,482796.035],[150390.83,482797.567]]]},"id":"1a884fdc-4ab9-58dc-a2b1-132b8da56c63"},{"type":"Feature","properties":{"bronhouder":"G0034","creation_date":"2023-12-17T23:00:00Z","eind_registratie":null,"fysiek_voorkomen":"groenvoorziening","fysiek_voorkomen_codespace":"http://www.geostandaarden.nl/imgeo/def/2.1#FysiekVoorkomenBegroeidTerrein","in_onderzoek":null,"in_onderzoek_leeg":"geenWaarde","kruinlijn_leeg":"waardeOnbekend","lokaal_id":"G0034.2656b08707884402b17dbe39ad5e3b73","lv_publicatiedatum":"2023-12-18T11:54:14Z","op_talud":"false","op_talud_leeg":null,"plus_fysiek_voorkomen":null,"plus_fysiek_voorkomen_codespace":"http://www.geostandaarden.nl/imgeo/def/2.1#VoidReasonValue","plus_fysiek_voorkomen_leeg":"waardeOnbekend","plus_status":null,"plus_status_codespace":"http://www.geostandaarden.nl/imgeo/def/2.1#VoidReasonValue","plus_status_leeg":"geenWaarde","relatieve_hoogteligging":0,"status":"bestaand","status_codespace":"http://www.geostandaarden.nl/imgeo/def/2.1#Status","status_leeg":null,"termination_date":null,"termination_date_leeg":"geenWaarde","tijdstip_registratie":"2023-12-18T10:56:17Z","version":"2a260765-90af-01cc-31f4-9e0150a2e0b5"},"geometry":{"type":"Polygon","coordinates":[[[150394.071,483016.579],[150394.5,483014.748],[150394.683,483013.825],[150394.843,483012.898],[150394.98,483011.951],[150395.09,483011],[150395.175,483010.046],[150395.239,483009.09],[150395.283,483008.132],[150395.311,483007.174],[150395.326,483006.215],[150395.331,483005.257],[150395.324,483004.34],[150395.303,483003.422],[150395.268,483002.504],[150395.219,483001.587],[150395.156,483000.67],[150395.079,482999.755],[150394.988,482998.841],[150394.883,482997.929],[150394.765,482997.019],[150394.359,482993.428],[150394.878,482993.238],[150398.406,482997.014],[150401.169,482999.883],[150400.608,483000.433],[150397.635,482997.34],[150395.295,482994.719],[150395.571,482996.902],[150395.704,482997.793],[150395.822,482998.687],[150395.924,482999.583],[150396.011,483000.482],[150396.083,483001.381],[150396.139,483002.282],[150396.179,483003.183],[150396.204,483004.085],[150396.214,483004.986],[150396.207,483005.887],[150396.186,483006.769],[150396.151,483007.65],[150396.102,483008.53],[150396.038,483009.41],[150395.958,483010.289],[150395.862,483011.165],[150395.749,483012.039],[150395.62,483012.911],[150395.457,483013.873],[150395.274,483014.831],[150394.851,483016.736],[150394.402,483018.448],[150396.177,483017.167],[150396.875,483016.726],[150397.588,483016.307],[150398.315,483015.912],[150399.054,483015.542],[150399.806,483015.196],[150400.567,483014.876],[150401.31,483014.593],[150402.062,483014.334],[150402.824,483014.1],[150403.593,483013.89],[150404.369,483013.704],[150405.151,483013.543],[150405.936,483013.405],[150406.724,483013.292],[150407.514,483013.203],[150408.371,483013.135],[150409.231,483013.094],[150410.093,483013.083],[150410.954,483013.1],[150412.67,483013.221],[150414.663,483013.455],[150410.389,483009.298],[150404.892,483004.344],[150405.384,483003.79],[150410.045,483007.995],[150415.855,483013.515],[150415.462,483014.258],[150412.628,483013.844],[150411.021,483013.736],[150410.215,483013.72],[150409.409,483013.729],[150408.604,483013.764],[150407.801,483013.824],[150406.982,483013.911],[150406.164,483014.022],[150405.348,483014.159],[150404.538,483014.323],[150403.734,483014.514],[150402.938,483014.734],[150402.152,483014.983],[150401.378,483015.262],[150400.628,483015.566],[150399.889,483015.897],[150399.162,483016.254],[150398.447,483016.637],[150397.747,483017.046],[150397.063,483017.479],[150396.396,483017.935],[150393.866,483019.798],[150393.341,483019.471],[150394.071,483016.579]]]},"id":"87d9efd4-3b1f-5b71-9714-f14471d5dca4"},{"type":"Feature","properties":{"bronhouder":"G0034","creation_date":"2023-12-17T23:00:00Z","eind_registratie":null,"fysiek_voorkomen":"groenvoorziening","fysiek_voorkomen_codespace":"http://www.geostandaarden.nl/imgeo/def/2.1#FysiekVoorkomenBegroeidTerrein","in_onderzoek":null,"in_onderzoek_leeg":"geenWaarde","kruinlijn_leeg":"waardeOnbekend","lokaal_id":"G0034.32c56059059e4462b9b6880398b9e5fb","lv_publicatiedatum":"2023-12-18T11:54:14Z","op_talud":"false","op_talud_leeg":null,"plus_fysiek_voorkomen":null,"plus_fysiek_voorkomen_codespace":"http://www.geostandaarden.nl/imgeo/def/2.1#VoidReasonValue","plus_fysiek_voorkomen_leeg":"waardeOnbekend","plus_status":null,"plus_status_codespace":"http://www.geostandaarden.nl/imgeo/def/2.1#VoidReasonValue","plus_status_leeg":"geenWaarde","relatieve_hoogteligging":0,"status":"bestaand","status_codespace":"http://www.geostandaarden.nl/imgeo/def/2.1#Status","status_leeg":null,"termination_date":null,"termination_date_leeg":"geenWaarde","tijdstip_registratie":"2023-12-18T10:56:18Z","version":"f4923393-11ed-2d1e-8dfb-8e7ec426d146"},"geometry":{"type":"Polygon","coordinates":[[[150386.011,482861.178],[150387.515,482863.466],[150386.725,482864.622],[150384.945,482862.978],[150385.326,482862.404],[150386.011,482861.178]]]},"id":"16b88e1b-a45c-538b-8e2b-89812016ec2b"},{"type":"Feature","properties":{"bronhouder":"G0034","creation_date":"2023-12-17T23:00:00Z","eind_registratie":null,"fysiek_voorkomen":"groenvoorziening","fysiek_voorkomen_codespace":"http://www.geostandaarden.nl/imgeo/def/2.1#FysiekVoorkomenBegroeidTerrein","in_onderzoek":null,"in_onderzoek_leeg":"geenWaarde","kruinlijn_leeg":"waardeOnbekend","lokaal_id":"G0034.4b567f5de3ad4d879e56a3d1c8767c96","lv_publicatiedatum":"2023-12-18T11:54:14Z","op_talud":"false","op_talud_leeg":null,"plus_fysiek_voorkomen":null,"plus_fysiek_voorkomen_codespace":"http://www.geostandaarden.nl/imgeo/def/2.1#VoidReasonValue","plus_fysiek_voorkomen_leeg":"waardeOnbekend","plus_status":null,"plus_status_codespace":"http://www.geostandaarden.nl/imgeo/def/2.1#VoidReasonValue","plus_status_leeg":"geenWaarde","relatieve_hoogteligging":0,"status":"bestaand","status_codespace":"http://www.geostandaarden.nl/imgeo/def/2.1#Status","status_leeg":null,"termination_date":null,"termination_date_leeg":"geenWaarde","tijdstip_registratie":"2023-12-18T10:56:18Z","version":"db8ec416-cd87-6459-b6b2-a81f441ff2f2"},"geometry":{"type":"Polygon","coordinates":[[[150353.755,482924.553],[150354.113,482925.759],[150354.403,482926.656],[150354.421,482926.719],[150354.436,482926.825],[150354.436,482926.932],[150354.42,482927.037],[150354.388,482927.139],[150354.341,482927.235],[150354.281,482927.323],[150354.239,482927.376],[150354.181,482927.425],[150354.114,482927.46],[150354.04,482927.481],[150353.965,482927.487],[150353.889,482927.476],[150353.818,482927.45],[150350.614,482925.879],[150350.608,482925.876],[150350.537,482925.831],[150350.476,482925.773],[150350.428,482925.705],[150350.393,482925.629],[150350.373,482925.548],[150350.369,482925.464],[150350.381,482925.381],[150350.408,482925.302],[150350.45,482925.23],[150350.505,482925.167],[150350.647,482925.032],[150352.735,482923.049],[150352.787,482923.007],[150352.856,482922.971],[150352.931,482922.951],[150353.008,482922.946],[150353.084,482922.957],[150353.157,482922.983],[150353.223,482923.024],[150353.279,482923.078],[150353.323,482923.141],[150353.352,482923.213],[150353.417,482923.428],[150353.755,482924.553]]]},"id":"cdf12112-10a9-5239-a5c0-53e709ae4426"},{"type":"Feature","properties":{"bronhouder":"G0034","creation_date":"2023-12-17T23:00:00Z","eind_registratie":null,"fysiek_voorkomen":"groenvoorziening","fysiek_voorkomen_codespace":"http://www.geostandaarden.nl/imgeo/def/2.1#FysiekVoorkomenBegroeidTerrein","in_onderzoek":null,"in_onderzoek_leeg":"geenWaarde","kruinlijn_leeg":"waardeOnbekend","lokaal_id":"G0034.5b29750a0ea4444d9a61cbe7d6c0e899","lv_publicatiedatum":"2023-12-18T11:54:14Z","op_talud":"false","op_talud_leeg":null,"plus_fysiek_voorkomen":null,"plus_fysiek_voorkomen_codespace":"http://www.geostandaarden.nl/imgeo/def/2.1#VoidReasonValue","plus_fysiek_voorkomen_leeg":"waardeOnbekend","plus_status":null,"plus_status_codespace":"http://www.geostandaarden.nl/imgeo/def/2.1#VoidReasonValue","plus_status_leeg":"geenWaarde","relatieve_hoogteligging":0,"status":"bestaand","status_codespace":"http://www.geostandaarden.nl/imgeo/def/2.1#Status","status_leeg":null,"termination_date":null,"termination_date_leeg":"geenWaarde","tijdstip_registratie":"2023-12-18T10:56:19Z","version":"d313c28a-7141-8b62-b8dc-14c58d43ae0a"},"geometry":{"type":"Polygon","coordinates":[[[150421.902,483006.47],[150419.376,483008.907],[150418.942,483008.491],[150418.505,483008.079],[150418.478,483007.851],[150418.448,483007.529],[150418.443,483007.367],[150418.445,483007.204],[150418.455,483007.043],[150418.471,483006.881],[150418.494,483006.721],[150418.521,483006.574],[150418.555,483006.427],[150418.594,483006.282],[150418.64,483006.138],[150418.691,483005.996],[150418.747,483005.856],[150418.809,483005.718],[150418.877,483005.583],[150418.949,483005.452],[150419.84,483004.708],[150421.902,483006.47]]]},"id":"886278aa-7746-53c9-bfd5-073291be33ac"},{"type":"Feature","properties":{"bronhouder":"G0034","creation_date":"2023-12-17T23:00:00Z","eind_registratie":null,"fysiek_voorkomen":"groenvoorziening","fysiek_voorkomen_codespace":"http://www.geostandaarden.nl/imgeo/def/2.1#FysiekVoorkomenBegroeidTerrein","in_onderzoek":null,"in_onderzoek_leeg":"geenWaarde","kruinlijn_leeg":"waardeOnbekend","lokaal_id":"G0034.ad1de83108ea4c5e9dbe074a9eebd68c","lv_publicatiedatum":"2023-12-18T11:54:14Z","op_talud":"false","op_talud_leeg":null,"plus_fysiek_voorkomen":null,"plus_fysiek_voorkomen_codespace":"http://www.geostandaarden.nl/imgeo/def/2.1#VoidReasonValue","plus_fysiek_voorkomen_leeg":"waardeOnbekend","plus_status":null,"plus_status_codespace":"http://www.geostandaarden.nl/imgeo/def/2.1#VoidReasonValue","plus_status_leeg":"geenWaarde","relatieve_hoogteligging":0,"status":"bestaand","status_codespace":"http://www.geostandaarden.nl/imgeo/def/2.1#Status","status_leeg":null,"termination_date":null,"termination_date_leeg":"geenWaarde","tijdstip_registratie":"2023-12-18T10:56:19Z","version":"2b9adfde-be2b-ae17-715b-8d13ef37320a"},"geometry":{"type":"Polygon","coordinates":[[[150404.771,483002.146],[150405.161,483002.503],[150405.551,483002.86],[150405.943,483003.215],[150406.335,483003.57],[150406.698,483003.9],[150407.061,483004.228],[150407.425,483004.557],[150407.789,483004.885],[150408.152,483005.214],[150408.516,483005.543],[150408.891,483005.883],[150409.266,483006.224],[150409.64,483006.564],[150410.015,483006.905],[150410.389,483007.246],[150410.763,483007.588],[150411.137,483007.93],[150411.487,483008.251],[150411.838,483008.572],[150412.189,483008.894],[150412.538,483009.216],[150412.888,483009.538],[150413.236,483009.862],[150413.583,483010.187],[150413.948,483010.532],[150414.311,483010.878],[150414.674,483011.226],[150415.036,483011.574],[150415.396,483011.924],[150415.756,483012.274],[150416.896,483013.361],[150417.048,483013.505],[150417.059,483013.516],[150417.125,483013.594],[150417.179,483013.681],[150417.218,483013.775],[150417.242,483013.874],[150417.251,483013.976],[150417.243,483014.078],[150417.219,483014.178],[150417.001,483014.859],[150416.986,483014.903],[150416.94,483014.995],[150416.881,483015.078],[150416.81,483015.152],[150416.728,483015.213],[150416.638,483015.262],[150416.541,483015.295],[150416.44,483015.313],[150416.338,483015.315],[150416.236,483015.301],[150416.135,483015.279],[150414.564,483014.937],[150412.79,483014.657],[150411.895,483014.566],[150410.996,483014.509],[150410.097,483014.486],[150409.198,483014.496],[150408.302,483014.54],[150407.4,483014.617],[150406.5,483014.725],[150405.604,483014.867],[150404.714,483015.044],[150403.832,483015.257],[150402.963,483015.508],[150402.107,483015.798],[150401.228,483016.143],[150400.363,483016.529],[150399.515,483016.953],[150398.686,483017.416],[150397.879,483017.914],[150397.097,483018.447],[150396.341,483019.014],[150393.792,483020.693],[150393.696,483020.747],[150393.587,483020.792],[150393.473,483020.822],[150393.355,483020.835],[150393.237,483020.833],[150393.121,483020.815],[150393.007,483020.782],[150392.9,483020.733],[150392.8,483020.671],[150392.709,483020.595],[150392.629,483020.508],[150392.562,483020.411],[150392.508,483020.305],[150392.47,483020.194],[150392.446,483020.078],[150392.439,483019.96],[150392.447,483019.842],[150392.471,483019.727],[150392.488,483019.666],[150393.126,483017.403],[150393.514,483015.794],[150393.685,483014.983],[150393.842,483014.17],[150393.983,483013.354],[150394.109,483012.536],[150394.235,483011.574],[150394.338,483010.61],[150394.418,483009.643],[150394.479,483008.674],[150394.523,483007.704],[150394.551,483006.733],[150394.567,483005.763],[150394.569,483004.881],[150394.558,483003.999],[150394.533,483003.117],[150394.495,483002.236],[150394.445,483001.355],[150394.381,483000.475],[150394.304,482999.596],[150394.213,482998.718],[150394.11,482997.843],[150393.565,482992.849],[150393.56,482992.798],[150393.558,482992.776],[150393.556,482992.662],[150393.571,482992.548],[150393.601,482992.438],[150393.647,482992.332],[150393.706,482992.235],[150393.779,482992.146],[150393.863,482992.069],[150393.957,482992.004],[150394.059,482991.952],[150394.168,482991.916],[150394.281,482991.894],[150394.395,482991.889],[150394.509,482991.9],[150394.62,482991.926],[150394.727,482991.968],[150394.827,482992.024],[150394.918,482992.094],[150394.998,482992.175],[150395.331,482992.564],[150395.995,482993.29],[150396.641,482994.008],[150396.967,482994.365],[150397.294,482994.721],[150397.622,482995.075],[150397.952,482995.428],[150398.283,482995.78],[150398.616,482996.13],[150398.951,482996.479],[150399.287,482996.827],[150399.624,482997.173],[150399.963,482997.518],[150400.303,482997.861],[150400.644,482998.203],[150400.987,482998.543],[150401.341,482998.891],[150401.697,482999.236],[150402.054,482999.581],[150402.412,482999.924],[150402.772,483000.266],[150403.131,483000.607],[150401.676,483002.193],[150403.319,483003.721],[150404.771,483002.146]],[[150394.071,483016.579],[150393.341,483019.471],[150393.866,483019.798],[150396.396,483017.935],[150397.063,483017.479],[150397.747,483017.046],[150398.447,483016.637],[150399.162,483016.254],[150399.889,483015.897],[150400.628,483015.566],[150401.378,483015.262],[150402.152,483014.983],[150402.938,483014.734],[150403.734,483014.514],[150404.538,483014.323],[150405.348,483014.159],[150406.164,483014.022],[150406.982,483013.911],[150407.801,483013.824],[150408.604,483013.764],[150409.409,483013.729],[150410.215,483013.72],[150411.021,483013.736],[150412.628,483013.844],[150415.462,483014.258],[150415.855,483013.515],[150410.045,483007.995],[150405.384,483003.79],[150404.892,483004.344],[150410.389,483009.298],[150414.663,483013.455],[150412.67,483013.221],[150410.954,483013.1],[150410.093,483013.083],[150409.231,483013.094],[150408.371,483013.135],[150407.514,483013.203],[150406.724,483013.292],[150405.936,483013.405],[150405.151,483013.543],[150404.369,483013.704],[150403.593,483013.89],[150402.824,483014.1],[150402.062,483014.334],[150401.31,483014.593],[150400.567,483014.876],[150399.806,483015.196],[150399.054,483015.542],[150398.315,483015.912],[150397.588,483016.307],[150396.875,483016.726],[150396.177,483017.167],[150394.402,483018.448],[150394.851,483016.736],[150395.274,483014.831],[150395.457,483013.873],[150395.62,483012.911],[150395.749,483012.039],[150395.862,483011.165],[150395.958,483010.289],[150396.038,483009.41],[150396.102,483008.53],[150396.151,483007.65],[150396.186,483006.769],[150396.207,483005.887],[150396.214,483004.986],[150396.204,483004.085],[150396.179,483003.183],[150396.139,483002.282],[150396.083,483001.381],[150396.011,483000.482],[150395.924,482999.583],[150395.822,482998.687],[150395.704,482997.793],[150395.571,482996.902],[150395.295,482994.719],[150397.635,482997.34],[150400.608,483000.433],[150401.169,482999.883],[150398.406,482997.014],[150394.878,482993.238],[150394.359,482993.428],[150394.765,482997.019],[150394.883,482997.929],[150394.988,482998.841],[150395.079,482999.755],[150395.156,483000.67],[150395.219,483001.587],[150395.268,483002.504],[150395.303,483003.422],[150395.324,483004.34],[150395.331,483005.257],[150395.326,483006.215],[150395.311,483007.174],[150395.283,483008.132],[150395.239,483009.09],[150395.175,483010.046],[150395.09,483011],[150394.98,483011.951],[150394.843,483012.898],[150394.683,483013.825],[150394.5,483014.748],[150394.071,483016.579]]]},"id":"8a49b7e1-b073-50e0-818e-548e391fc1e3"},{"type":"Feature","properties":{"bronhouder":"G0034","creation_date":"2023-12-17T23:00:00Z","eind_registratie":null,"fysiek_voorkomen":"groenvoorziening","fysiek_voorkomen_codespace":"http://www.geostandaarden.nl/imgeo/def/2.1#FysiekVoorkomenBegroeidTerrein","in_onderzoek":null,"in_onderzoek_leeg":"geenWaarde","kruinlijn_leeg":"waardeOnbekend","lokaal_id":"G0034.cc0d765180704cfaa4cf75940601102e","lv_publicatiedatum":"2023-12-18T11:54:14Z","op_talud":"false","op_talud_leeg":null,"plus_fysiek_voorkomen":null,"plus_fysiek_voorkomen_codespace":"http://www.geostandaarden.nl/imgeo/def/2.1#VoidReasonValue","plus_fysiek_voorkomen_leeg":"waardeOnbekend","plus_status":null,"plus_status_codespace":"http://www.geostandaarden.nl/imgeo/def/2.1#VoidReasonValue","plus_status_leeg":"geenWaarde","relatieve_hoogteligging":0,"status":"bestaand","status_codespace":"http://www.geostandaarden.nl/imgeo/def/2.1#Status","status_leeg":null,"termination_date":null,"termination_date_leeg":"geenWaarde","tijdstip_registratie":"2023-12-18T10:56:18Z","version":"ac335844-077f-616d-59fb-dc03cea624ba"},"geometry":{"type":"Polygon","coordinates":[[[150391.765,482857.441],[150390.97,482858.581],[150388.418,482857.761],[150389.133,482857.203],[150390.163,482856.335],[150391.765,482857.441]]]},"id":"f0c7a59b-a449-50e3-bb80-f2c3370cfcb6"},{"type":"Feature","properties":{"bronhouder":"G0034","creation_date":"2023-12-17T23:00:00Z","eind_registratie":null,"fysiek_voorkomen":"groenvoorziening","fysiek_voorkomen_codespace":"http://www.geostandaarden.nl/imgeo/def/2.1#FysiekVoorkomenBegroeidTerrein","in_onderzoek":null,"in_onderzoek_leeg":"geenWaarde","kruinlijn_leeg":"waardeOnbekend","lokaal_id":"G0034.e0104cbbf1eb420d9d9b971a38564eca","lv_publicatiedatum":"2023-12-18T11:54:14Z","op_talud":"false","op_talud_leeg":null,"plus_fysiek_voorkomen":null,"plus_fysiek_voorkomen_codespace":"http://www.geostandaarden.nl/imgeo/def/2.1#VoidReasonValue","plus_fysiek_voorkomen_leeg":"waardeOnbekend","plus_status":null,"plus_status_codespace":"http://www.geostandaarden.nl/imgeo/def/2.1#VoidReasonValue","plus_status_leeg":"geenWaarde","relatieve_hoogteligging":0,"status":"bestaand","status_codespace":"http://www.geostandaarden.nl/imgeo/def/2.1#Status","status_leeg":null,"termination_date":null,"termination_date_leeg":"geenWaarde","tijdstip_registratie":"2023-12-18T10:56:17Z","version":"c966214f-0d4c-1082-062f-045afe0ef839"},"geometry":{"type":"Polygon","coordinates":[[[150432.466,483019.091],[150431.665,483019.363],[150428.461,483019.277],[150428.226,483019.326],[150427.856,483018.822],[150427.48,483018.321],[150427.1,483017.824],[150426.716,483017.33],[150426.328,483016.839],[150425.936,483016.35],[150425.542,483015.864],[150425.146,483015.38],[150424.747,483014.897],[150424.347,483014.416],[150423.975,483013.971],[150423.602,483013.527],[150423.227,483013.085],[150422.85,483012.645],[150422.47,483012.207],[150422.087,483011.773],[150421.7,483011.342],[150421.309,483010.914],[150420.929,483010.506],[150420.547,483010.1],[150420.162,483009.697],[150419.772,483009.299],[150419.376,483008.907],[150421.902,483006.47],[150422.795,483006.695],[150422.204,483007.329],[150425.795,483011.303],[150430.734,483017.258],[150431.94,483016.429],[150432.466,483019.091]]]},"id":"05810434-8a1b-5307-b3cf-bf3c50c52bec"},{"type":"Feature","properties":{"bronhouder":"G0034","creation_date":"2023-12-17T23:00:00Z","eind_registratie":"2025-12-03T12:05:32Z","fysiek_voorkomen":"groenvoorziening","fysiek_voorkomen_codespace":"http://www.geostandaarden.nl/imgeo/def/2.1#FysiekVoorkomenBegroeidTerrein","in_onderzoek":null,"in_onderzoek_leeg":"geenWaarde","kruinlijn_leeg":"waardeOnbekend","lokaal_id":"G0034.0736ba5f053a45ac95836caaee2382fb","lv_publicatiedatum":"2023-12-18T11:54:14Z","op_talud":"false","op_talud_leeg":null,"plus_fysiek_voorkomen":null,"plus_fysiek_voorkomen_codespace":"http://www.geostandaarden.nl/imgeo/def/2.1#VoidReasonValue","plus_fysiek_voorkomen_leeg":"waardeOnbekend","plus_status":null,"plus_status_codespace":"http://www.geostandaarden.nl/imgeo/def/2.1#VoidReasonValue","plus_status_leeg":"geenWaarde","relatieve_hoogteligging":0,"status":"bestaand","status_codespace":"http://www.geostandaarden.nl/imgeo/def/2.1#Status","status_leeg":null,"termination_date":null,"termination_date_leeg":"geenWaarde","tijdstip_registratie":"2023-12-18T10:56:15Z","version":"1536c963-7822-5391-1e98-14ef56e83345"},"geometry":{"type":"Polygon","coordinates":[[[150294.727,482968.408],[150294.276,482969.043],[150293.824,482969.678],[150293.373,482970.314],[150292.924,482970.95],[150292.475,482971.588],[150292.008,482972.254],[150291.543,482972.921],[150291.078,482973.588],[150290.615,482974.257],[150290.153,482974.926],[150289.693,482975.596],[150289.233,482976.267],[150288.774,482976.939],[150288.317,482977.611],[150287.86,482978.284],[150287.405,482978.958],[150286.95,482979.632],[150286.496,482980.307],[150286.044,482980.983],[150285.592,482981.659],[150285.141,482982.336],[150284.684,482983.023],[150284.227,482983.71],[150283.771,482984.397],[150283.316,482985.085],[150282.861,482985.773],[150282.408,482986.463],[150281.956,482987.153],[150281.506,482987.844],[150281.057,482988.536],[150280.611,482989.23],[150280.166,482989.924],[150279.724,482990.621],[150279.284,482991.319],[150278.858,482991.997],[150278.432,482992.675],[150278.006,482993.353],[150277.583,482994.033],[150277.162,482994.714],[150276.744,482995.398],[150276.332,482996.084],[150275.925,482996.774],[150275.525,482997.467],[150275.313,482997.844],[150275.1,482998.219],[150272.661,482996.564],[150276.701,482989.988],[150283.351,482979.883],[150292.469,482966.6],[150291.385,482965.789],[150291.496,482965.291],[150293.651,482966.706],[150294.727,482968.408]]]},"id":"b6dea0f8-db1c-5ebb-8e37-e35c1d8af42a"},{"type":"Feature","properties":{"bronhouder":"G0034","creation_date":"2023-12-17T23:00:00Z","eind_registratie":null,"fysiek_voorkomen":"groenvoorziening","fysiek_voorkomen_codespace":"http://www.geostandaarden.nl/imgeo/def/2.1#FysiekVoorkomenBegroeidTerrein","in_onderzoek":null,"in_onderzoek_leeg":"geenWaarde","kruinlijn_leeg":"waardeOnbekend","lokaal_id":"G0034.0736ba5f053a45ac95836caaee2382fb","lv_publicatiedatum":"2025-12-03T12:50:42Z","op_talud":"false","op_talud_leeg":null,"plus_fysiek_voorkomen":null,"plus_fysiek_voorkomen_codespace":"http://www.geostandaarden.nl/imgeo/def/2.1#VoidReasonValue","plus_fysiek_voorkomen_leeg":"waardeOnbekend","plus_status":null,"plus_status_codespace":"http://www.geostandaarden.nl/imgeo/def/2.1#VoidReasonValue","plus_status_leeg":"geenWaarde","relatieve_hoogteligging":0,"status":"bestaand","status_codespace":"http://www.geostandaarden.nl/imgeo/def/2.1#Status","status_leeg":null,"termination_date":null,"termination_date_leeg":"geenWaarde","tijdstip_registratie":"2025-12-03T12:05:32Z","version":"0b0fdd7d-ddd6-340c-5e6a-f545d2dd33c3"},"geometry":{"type":"Polygon","coordinates":[[[150284.684,482983.023],[150284.227,482983.71],[150283.771,482984.397],[150283.316,482985.085],[150282.861,482985.773],[150282.408,482986.463],[150281.956,482987.153],[150281.506,482987.844],[150281.057,482988.536],[150280.611,482989.23],[150280.166,482989.924],[150279.724,482990.621],[150279.284,482991.319],[150278.858,482991.997],[150278.432,482992.675],[150278.006,482993.353],[150277.583,482994.033],[150277.162,482994.714],[150276.744,482995.398],[150276.332,482996.084],[150275.925,482996.774],[150275.525,482997.467],[150275.313,482997.844],[150275.1,482998.219],[150272.661,482996.564],[150276.701,482989.988],[150283.351,482979.883],[150292.469,482966.6],[150292.386,482966.266],[150292.145,482966.071],[150291.731,482965.869],[150291.385,482965.789],[150291.496,482965.291],[150293.651,482966.706],[150294.727,482968.408],[150294.276,482969.043],[150293.824,482969.678],[150293.373,482970.314],[150292.924,482970.95],[150292.475,482971.588],[150292.008,482972.254],[150291.543,482972.921],[150291.078,482973.588],[150290.615,482974.257],[150290.153,482974.926],[150289.693,482975.596],[150289.233,482976.267],[150288.774,482976.939],[150288.317,482977.611],[150287.86,482978.284],[150287.405,482978.958],[150286.95,482979.632],[150286.496,482980.307],[150286.044,482980.983],[150285.592,482981.659],[150285.141,482982.336],[150284.684,482983.023]]]},"id":"b3acc8e7-9a5b-5c00-8299-968d931ef5f8"},{"type":"Feature","properties":{"bronhouder":"G0034","creation_date":"2023-12-17T23:00:00Z","eind_registratie":"2025-12-03T12:05:32Z","fysiek_voorkomen":"groenvoorziening","fysiek_voorkomen_codespace":"http://www.geostandaarden.nl/imgeo/def/2.1#FysiekVoorkomenBegroeidTerrein","in_onderzoek":null,"in_onderzoek_leeg":"geenWaarde","kruinlijn_leeg":"waardeOnbekend","lokaal_id":"G0034.0bf73e422e16439da149a68d4511fa0b","lv_publicatiedatum":"2023-12-18T11:54:14Z","op_talud":"false","op_talud_leeg":null,"plus_fysiek_voorkomen":null,"plus_fysiek_voorkomen_codespace":"http://www.geostandaarden.nl/imgeo/def/2.1#VoidReasonValue","plus_fysiek_voorkomen_leeg":"waardeOnbekend","plus_status":null,"plus_status_codespace":"http://www.geostandaarden.nl/imgeo/def/2.1#VoidReasonValue","plus_status_leeg":"geenWaarde","relatieve_hoogteligging":0,"status":"bestaand","status_codespace":"http://www.geostandaarden.nl/imgeo/def/2.1#Status","status_leeg":null,"termination_date":null,"termination_date_leeg":"geenWaarde","tijdstip_registratie":"2023-12-18T10:56:15Z","version":"9e6488c4-3a6d-8b31-133a-51f06bd771af"},"geometry":{"type":"Polygon","coordinates":[[[150291.586,482984.303],[150290.616,482983.747],[150285.712,482991.599],[150281.351,482998.477],[150281.1,482998.879],[150280.852,482999.283],[150280.606,482999.688],[150280.363,483000.095],[150280.122,483000.503],[150279.884,483000.912],[150279.648,483001.324],[150279.414,483001.736],[150279.19,483002.138],[150278.968,483002.542],[150278.748,483002.946],[150278.531,483003.352],[150278.316,483003.76],[150278.103,483004.168],[150277.685,483004.989],[150277.419,483005.664],[150278.164,483005.951],[150277.788,483007.612],[150276.457,483005.507],[150276.724,483004.98],[150276.996,483004.455],[150277.273,483003.932],[150277.554,483003.412],[150277.839,483002.894],[150278.127,483002.378],[150278.419,483001.864],[150278.703,483001.371],[150278.99,483000.88],[150279.28,483000.391],[150279.574,482999.904],[150279.871,482999.419],[150280.172,482998.936],[150280.475,482998.456],[150280.782,482997.977],[150284.801,482991.583],[150290.602,482982.654],[150292.985,482983.988],[150291.586,482984.303]]]},"id":"86481b53-377a-5c2d-8d0c-b2844b237aba"},{"type":"Feature","properties":{"bronhouder":"G0034","creation_date":"2023-12-17T23:00:00Z","eind_registratie":null,"fysiek_voorkomen":"groenvoorziening","fysiek_voorkomen_codespace":"http://www.geostandaarden.nl/imgeo/def/2.1#FysiekVoorkomenBegroeidTerrein","in_onderzoek":null,"in_onderzoek_leeg":"geenWaarde","kruinlijn_leeg":"waardeOnbekend","lokaal_id":"G0034.0bf73e422e16439da149a68d4511fa0b","lv_publicatiedatum":"2025-12-03T12:50:42Z","op_talud":"false","op_talud_leeg":null,"plus_fysiek_voorkomen":null,"plus_fysiek_voorkomen_codespace":"http://www.geostandaarden.nl/imgeo/def/2.1#VoidReasonValue","plus_fysiek_voorkomen_leeg":"waardeOnbekend","plus_status":null,"plus_status_codespace":"http://www.geostandaarden.nl/imgeo/def/2.1#VoidReasonValue","plus_status_leeg":"geenWaarde","relatieve_hoogteligging":0,"status":"bestaand","status_codespace":"http://www.geostandaarden.nl/imgeo/def/2.1#Status","status_leeg":null,"termination_date":null,"termination_date_leeg":"geenWaarde","tijdstip_registratie":"2025-12-03T12:05:32Z","version":"cb3d9fb8-e8ab-a71d-8b12-69326ac88212"},"geometry":{"type":"Polygon","coordinates":[[[150279.884,483000.912],[150279.648,483001.324],[150279.414,483001.736],[150279.19,483002.138],[150278.968,483002.542],[150278.748,483002.946],[150278.531,483003.352],[150278.316,483003.76],[150278.103,483004.168],[150277.624,483004.998],[150277.52,483005.254],[150277.471,483005.607],[150278.029,483005.837],[150278.359,483005.731],[150277.788,483007.612],[150276.457,483005.507],[150276.724,483004.98],[150276.996,483004.455],[150277.273,483003.932],[150277.554,483003.412],[150277.839,483002.894],[150278.127,483002.378],[150278.419,483001.864],[150278.703,483001.371],[150278.99,483000.88],[150279.28,483000.391],[150279.574,482999.904],[150279.871,482999.419],[150280.172,482998.936],[150280.475,482998.456],[150280.782,482997.977],[150284.801,482991.583],[150290.602,482982.654],[150292.985,482983.988],[150291.586,482984.303],[150290.616,482983.747],[150285.712,482991.599],[150281.351,482998.477],[150281.1,482998.879],[150280.852,482999.283],[150280.606,482999.688],[150280.363,483000.095],[150280.122,483000.503],[150279.884,483000.912]]]},"id":"4ba35fb0-1f39-5632-a52f-a1179ea459cd"},{"type":"Feature","properties":{"bronhouder":"G0034","creation_date":"2023-12-17T23:00:00Z","eind_registratie":"2025-12-03T12:05:32Z","fysiek_voorkomen":"groenvoorziening","fysiek_voorkomen_codespace":"http://www.geostandaarden.nl/imgeo/def/2.1#FysiekVoorkomenBegroeidTerrein","in_onderzoek":null,"in_onderzoek_leeg":"geenWaarde","kruinlijn_leeg":"waardeOnbekend","lokaal_id":"G0034.0d1b5e491f3d4be1a356ba615b30e3c1","lv_publicatiedatum":"2023-12-18T11:54:14Z","op_talud":"false","op_talud_leeg":null,"plus_fysiek_voorkomen":null,"plus_fysiek_voorkomen_codespace":"http://www.geostandaarden.nl/imgeo/def/2.1#VoidReasonValue","plus_fysiek_voorkomen_leeg":"waardeOnbekend","plus_status":null,"plus_status_codespace":"http://www.geostandaarden.nl/imgeo/def/2.1#VoidReasonValue","plus_status_leeg":"geenWaarde","relatieve_hoogteligging":0,"status":"bestaand","status_codespace":"http://www.geostandaarden.nl/imgeo/def/2.1#Status","status_leeg":null,"termination_date":null,"termination_date_leeg":"geenWaarde","tijdstip_registratie":"2023-12-18T10:56:15Z","version":"78a2083b-c5a2-8634-2f33-f45e158c7e6f"},"geometry":{"type":"Polygon","coordinates":[[[150398.156,482858.612],[150397.39,482858.069],[150391.524,482866.413],[150391.381,482866.63],[150391.242,482866.85],[150391.107,482867.073],[150390.977,482867.298],[150390.851,482867.526],[150390.729,482867.756],[150390.611,482867.989],[150390.499,482868.223],[150390.378,482868.488],[150390.262,482868.756],[150390.152,482869.027],[150390.048,482869.3],[150389.95,482869.575],[150389.858,482869.852],[150389.692,482870.411],[150389.821,482872.174],[150394.836,482872.453],[150396.184,482872.38],[150397.536,482872.353],[150398.89,482872.373],[150400.243,482872.441],[150401.592,482872.555],[150402.937,482872.715],[150404.273,482872.922],[150405.599,482873.175],[150406.842,482873.465],[150408.071,482873.808],[150409.289,482874.196],[150410.496,482874.621],[150411.692,482875.078],[150412.88,482875.559],[150414.061,482876.057],[150415.234,482876.564],[150416.306,482877.042],[150417.369,482877.537],[150418.425,482878.05],[150419.471,482878.58],[150421.537,482879.693],[150426.585,482882.755],[150427.229,482881.76],[150428.355,482881.66],[150425.658,482885.524],[150424.791,482884.981],[150423.922,482884.439],[150423.05,482883.902],[150422.174,482883.372],[150421.293,482882.851],[150420.404,482882.343],[150419.374,482881.768],[150418.339,482881.201],[150417.297,482880.646],[150416.246,482880.11],[150415.184,482879.597],[150414.109,482879.112],[150413.003,482878.644],[150411.888,482878.195],[150410.762,482877.769],[150409.628,482877.371],[150408.483,482877.003],[150407.33,482876.669],[150406.166,482876.373],[150405.024,482876.119],[150403.873,482875.897],[150402.716,482875.707],[150401.553,482875.549],[150400.385,482875.423],[150399.216,482875.329],[150398.044,482875.268],[150396.873,482875.239],[150395.702,482875.243],[150392.638,482875.333],[150392.019,482875.288],[150391.712,482875.224],[150391.411,482875.135],[150391.118,482875.021],[150390.839,482874.883],[150390.575,482874.722],[150390.324,482874.536],[150390.09,482874.327],[150389.874,482874.098],[150389.678,482873.852],[150389.505,482873.591],[150389.373,482873.351],[150389.26,482873.099],[150389.166,482872.839],[150389.09,482872.573],[150389.031,482872.303],[150388.989,482872.032],[150388.965,482871.746],[150388.965,482871.458],[150388.982,482871.17],[150389.011,482870.882],[150389.045,482870.596],[150389.09,482870.28],[150389.147,482869.965],[150389.216,482869.652],[150389.296,482869.341],[150389.388,482869.034],[150389.49,482868.731],[150389.604,482868.433],[150389.73,482868.136],[150389.866,482867.845],[150390.014,482867.558],[150390.172,482867.277],[150390.34,482867.002],[150390.519,482866.734],[150390.706,482866.473],[150396.923,482857.598],[150398.914,482857.581],[150399.429,482857.809],[150398.156,482858.612]]]},"id":"43c939b5-7976-502b-abf1-bfb16c876682"},{"type":"Feature","properties":{"bronhouder":"G0034","creation_date":"2023-12-17T23:00:00Z","eind_registratie":null,"fysiek_voorkomen":"groenvoorziening","fysiek_voorkomen_codespace":"http://www.geostandaarden.nl/imgeo/def/2.1#FysiekVoorkomenBegroeidTerrein","in_onderzoek":null,"in_onderzoek_leeg":"geenWaarde","kruinlijn_leeg":"waardeOnbekend","lokaal_id":"G0034.0d1b5e491f3d4be1a356ba615b30e3c1","lv_publicatiedatum":"2025-12-03T12:50:42Z","op_talud":"false","op_talud_leeg":null,"plus_fysiek_voorkomen":null,"plus_fysiek_voorkomen_codespace":"http://www.geostandaarden.nl/imgeo/def/2.1#VoidReasonValue","plus_fysiek_voorkomen_leeg":"waardeOnbekend","plus_status":null,"plus_status_codespace":"http://www.geostandaarden.nl/imgeo/def/2.1#VoidReasonValue","plus_status_leeg":"geenWaarde","relatieve_hoogteligging":0,"status":"bestaand","status_codespace":"http://www.geostandaarden.nl/imgeo/def/2.1#Status","status_leeg":null,"termination_date":null,"termination_date_leeg":"geenWaarde","tijdstip_registratie":"2025-12-03T12:05:32Z","version":"18c0b34b-ea57-fbe7-11ae-0ebab9c2b918"},"geometry":{"type":"Polygon","coordinates":[[[150415.234,482876.564],[150416.306,482877.042],[150417.369,482877.537],[150418.425,482878.05],[150419.471,482878.58],[150421.537,482879.693],[150426.585,482882.755],[150427.229,482881.76],[150428.355,482881.66],[150425.658,482885.524],[150424.791,482884.981],[150423.922,482884.439],[150423.05,482883.902],[150422.174,482883.372],[150421.293,482882.851],[150420.404,482882.343],[150419.374,482881.768],[150418.339,482881.201],[150417.297,482880.646],[150416.246,482880.11],[150415.184,482879.597],[150414.109,482879.112],[150413.003,482878.644],[150411.888,482878.195],[150410.762,482877.769],[150409.628,482877.371],[150408.483,482877.003],[150407.33,482876.669],[150406.166,482876.373],[150405.024,482876.119],[150403.873,482875.897],[150402.716,482875.707],[150401.553,482875.549],[150400.385,482875.423],[150399.216,482875.329],[150398.044,482875.268],[150396.873,482875.239],[150395.702,482875.243],[150392.638,482875.333],[150392.019,482875.288],[150391.712,482875.224],[150391.411,482875.135],[150391.118,482875.021],[150390.839,482874.883],[150390.575,482874.722],[150390.324,482874.536],[150390.09,482874.327],[150389.874,482874.098],[150389.678,482873.852],[150389.505,482873.591],[150389.373,482873.351],[150389.26,482873.099],[150389.166,482872.839],[150389.09,482872.573],[150389.031,482872.303],[150388.989,482872.032],[150388.965,482871.746],[150388.965,482871.458],[150388.982,482871.17],[150389.011,482870.882],[150389.045,482870.596],[150389.09,482870.28],[150389.147,482869.965],[150389.216,482869.652],[150389.296,482869.341],[150389.388,482869.034],[150389.49,482868.731],[150389.604,482868.433],[150389.73,482868.136],[150389.866,482867.845],[150390.014,482867.558],[150390.172,482867.277],[150390.34,482867.002],[150390.519,482866.734],[150390.706,482866.473],[150396.923,482857.598],[150398.914,482857.581],[150399.429,482857.809],[150398.156,482858.612],[150397.39,482858.069],[150391.524,482866.413],[150391.381,482866.63],[150391.242,482866.85],[150391.107,482867.073],[150390.977,482867.298],[150390.851,482867.526],[150390.729,482867.756],[150390.611,482867.989],[150390.499,482868.223],[150390.378,482868.488],[150390.262,482868.756],[150390.152,482869.027],[150390.048,482869.3],[150389.95,482869.575],[150389.858,482869.852],[150389.692,482870.411],[150389.525,482871.3],[150389.617,482871.863],[150389.821,482872.174],[150390.41,482872.415],[150391.393,482872.57],[150394.836,482872.453],[150396.184,482872.38],[150397.536,482872.353],[150398.89,482872.373],[150400.243,482872.441],[150401.592,482872.555],[150402.937,482872.715],[150404.273,482872.922],[150405.599,482873.175],[150406.842,482873.465],[150408.071,482873.808],[150409.289,482874.196],[150410.496,482874.621],[150411.692,482875.078],[150412.88,482875.559],[150414.061,482876.057],[150415.234,482876.564]]]},"id":"92793e92-7398-5102-ac49-1f98cc180c6a"},{"type":"Feature","properties":{"bronhouder":"G0034","creation_date":"2023-12-17T23:00:00Z","eind_registratie":"2025-12-03T12:05:32Z","fysiek_voorkomen":"groenvoorziening","fysiek_voorkomen_codespace":"http://www.geostandaarden.nl/imgeo/def/2.1#FysiekVoorkomenBegroeidTerrein","in_onderzoek":null,"in_onderzoek_leeg":"geenWaarde","kruinlijn_leeg":"waardeOnbekend","lokaal_id":"G0034.2cd126b1122a407abd644d1610c52fcd","lv_publicatiedatum":"2023-12-18T11:54:14Z","op_talud":"false","op_talud_leeg":null,"plus_fysiek_voorkomen":null,"plus_fysiek_voorkomen_codespace":"http://www.geostandaarden.nl/imgeo/def/2.1#VoidReasonValue","plus_fysiek_voorkomen_leeg":"waardeOnbekend","plus_status":null,"plus_status_codespace":"http://www.geostandaarden.nl/imgeo/def/2.1#VoidReasonValue","plus_status_leeg":"geenWaarde","relatieve_hoogteligging":0,"status":"bestaand","status_codespace":"http://www.geostandaarden.nl/imgeo/def/2.1#Status","status_leeg":null,"termination_date":null,"termination_date_leeg":"geenWaarde","tijdstip_registratie":"2023-12-18T10:56:15Z","version":"4e49377f-12fa-9f39-532e-0dfebcf78997"},"geometry":{"type":"Polygon","coordinates":[[[150414.203,482999.619],[150416.057,483001.393],[150415.702,483001.714],[150415.519,483001.835],[150415.327,483001.944],[150415.129,483002.042],[150414.925,483002.129],[150414.716,483002.203],[150414.504,483002.265],[150414.289,483002.313],[150414.072,483002.349],[150413.851,483002.371],[150413.627,483002.379],[150413.403,483002.374],[150413.178,483002.355],[150412.955,483002.323],[150412.735,483002.278],[150412.308,483002.149],[150411.931,483002.068],[150409.271,482999.631],[150410.453,482996.796],[150411.19,482996.208],[150412.309,482996.572],[150411.515,482997.223],[150414.034,482999.719],[150414.056,482999.741],[150414.203,482999.619]]]},"id":"e1d77c81-2f14-5748-868e-7daaa37e244e"},{"type":"Feature","properties":{"bronhouder":"G0034","creation_date":"2023-12-17T23:00:00Z","eind_registratie":null,"fysiek_voorkomen":"groenvoorziening","fysiek_voorkomen_codespace":"http://www.geostandaarden.nl/imgeo/def/2.1#FysiekVoorkomenBegroeidTerrein","in_onderzoek":null,"in_onderzoek_leeg":"geenWaarde","kruinlijn_leeg":"waardeOnbekend","lokaal_id":"G0034.2cd126b1122a407abd644d1610c52fcd","lv_publicatiedatum":"2025-12-03T12:50:42Z","op_talud":"false","op_talud_leeg":null,"plus_fysiek_voorkomen":null,"plus_fysiek_voorkomen_codespace":"http://www.geostandaarden.nl/imgeo/def/2.1#VoidReasonValue","plus_fysiek_voorkomen_leeg":"waardeOnbekend","plus_status":null,"plus_status_codespace":"http://www.geostandaarden.nl/imgeo/def/2.1#VoidReasonValue","plus_status_leeg":"geenWaarde","relatieve_hoogteligging":0,"status":"bestaand","status_codespace":"http://www.geostandaarden.nl/imgeo/def/2.1#Status","status_leeg":null,"termination_date":null,"termination_date_leeg":"geenWaarde","tijdstip_registratie":"2025-12-03T12:05:32Z","version":"152e60be-1ae9-1735-d8e6-43b0367534d8"},"geometry":{"type":"Polygon","coordinates":[[[150413.598,482999.51],[150413.891,482999.611],[150414.184,482999.547],[150416.057,483001.393],[150415.702,483001.714],[150415.519,483001.835],[150415.327,483001.944],[150415.129,483002.042],[150414.925,483002.129],[150414.716,483002.203],[150414.504,483002.265],[150414.289,483002.313],[150414.072,483002.349],[150413.851,483002.371],[150413.627,483002.379],[150413.403,483002.374],[150413.178,483002.355],[150412.955,483002.323],[150412.735,483002.278],[150412.308,483002.149],[150411.931,483002.068],[150409.271,482999.631],[150410.453,482996.796],[150411.19,482996.208],[150412.309,482996.572],[150412.035,482996.677],[150411.816,482996.798],[150411.641,482996.978],[150411.549,482997.254],[150413.598,482999.51]]]},"id":"3e4c4877-52a2-5ba1-b7c1-15e48701eeac"},{"type":"Feature","properties":{"bronhouder":"G0034","creation_date":"2023-12-17T23:00:00Z","eind_registratie":"2025-12-03T12:05:32Z","fysiek_voorkomen":"groenvoorziening","fysiek_voorkomen_codespace":"http://www.geostandaarden.nl/imgeo/def/2.1#FysiekVoorkomenBegroeidTerrein","in_onderzoek":null,"in_onderzoek_leeg":"geenWaarde","kruinlijn_leeg":"waardeOnbekend","lokaal_id":"G0034.2e64db0cc35e4e23b2bb9e60b5ac0f04","lv_publicatiedatum":"2023-12-18T11:54:14Z","op_talud":"false","op_talud_leeg":null,"plus_fysiek_voorkomen":null,"plus_fysiek_voorkomen_codespace":"http://www.geostandaarden.nl/imgeo/def/2.1#VoidReasonValue","plus_fysiek_voorkomen_leeg":"waardeOnbekend","plus_status":null,"plus_status_codespace":"http://www.geostandaarden.nl/imgeo/def/2.1#VoidReasonValue","plus_status_leeg":"geenWaarde","relatieve_hoogteligging":0,"status":"bestaand","status_codespace":"http://www.geostandaarden.nl/imgeo/def/2.1#Status","status_leeg":null,"termination_date":null,"termination_date_leeg":"geenWaarde","tijdstip_registratie":"2023-12-18T10:56:19Z","version":"bd81c623-ba63-edf4-2350-5e03338f385b"},"geometry":{"type":"Polygon","coordinates":[[[150361.815,482941.78],[150362.295,482942.467],[150362.771,482943.156],[150363.244,482943.849],[150363.714,482944.542],[150364.244,482945.332],[150364.771,482946.125],[150365.293,482946.92],[150365.811,482947.717],[150366.326,482948.517],[150366.838,482949.319],[150367.348,482950.123],[150367.854,482950.929],[150368.358,482951.735],[150368.861,482952.543],[150369.362,482953.352],[150369.902,482954.229],[150370.44,482955.107],[150370.975,482955.986],[150371.508,482956.868],[150372.038,482957.751],[150372.565,482958.636],[150373.088,482959.523],[150373.607,482960.412],[150374.123,482961.303],[150374.634,482962.197],[150375.141,482963.093],[150375.575,482963.867],[150376.006,482964.643],[150376.435,482965.42],[150376.86,482966.198],[150377.282,482966.979],[150377.701,482967.761],[150378.115,482968.546],[150378.573,482969.426],[150379.026,482970.309],[150379.475,482971.194],[150379.919,482972.082],[150380.359,482972.972],[150380.793,482973.864],[150381.223,482974.759],[150381.648,482975.656],[150382.068,482976.555],[150382.8,482978.117],[150383.372,482979.297],[150383.922,482980.487],[150384.452,482981.688],[150384.961,482982.898],[150385.448,482984.117],[150385.914,482985.344],[150386.358,482986.579],[150386.779,482987.821],[150387.178,482989.07],[150387.573,482990.369],[150387.951,482991.674],[150388.304,482992.986],[150388.627,482994.305],[150388.913,482995.632],[150389.156,482996.967],[150389.356,482998.327],[150389.517,482999.695],[150389.638,483001.067],[150389.722,483002.442],[150389.769,483003.819],[150389.78,483005.197],[150389.757,483006.572],[150387.467,483005.895],[150388.01,483004.028],[150389.13,483003.973],[150389.117,483003.069],[150388.9,483000.876],[150388.764,482999.783],[150388.611,482998.691],[150388.439,482997.603],[150388.231,482996.403],[150388.001,482995.205],[150387.751,482994.011],[150387.479,482992.822],[150387.185,482991.639],[150386.866,482990.462],[150386.524,482989.293],[150386.156,482988.131],[150385.746,482986.929],[150385.311,482985.736],[150384.85,482984.551],[150384.364,482983.376],[150383.853,482982.212],[150383.318,482981.059],[150382.759,482979.918],[150382.176,482978.789],[150381.246,482976.744],[150381.022,482976.301],[150380.796,482975.858],[150380.57,482975.417],[150380.342,482974.975],[150380.113,482974.535],[150379.85,482974.031],[150379.585,482973.528],[150379.319,482973.025],[150379.052,482972.524],[150378.783,482972.023],[150378.513,482971.523],[150378.241,482971.023],[150377.969,482970.525],[150377.694,482970.027],[150377.141,482969.033],[150374.309,482965.063],[150373.993,482962.685],[150370.863,482957.493],[150365.966,482949.601],[150363.06,482944.982],[150362.058,482943.79],[150361.319,482944.337],[150360.046,482943.583],[150361.815,482941.78]],[[150388.949,483005.629],[150388.434,483005.484],[150388.287,483006.005],[150388.802,483006.15],[150388.949,483005.629]]]},"id":"3eb6f96c-5668-5cb3-8f0a-43f859b2f4bc"},{"type":"Feature","properties":{"bronhouder":"G0034","creation_date":"2023-12-17T23:00:00Z","eind_registratie":null,"fysiek_voorkomen":"groenvoorziening","fysiek_voorkomen_codespace":"http://www.geostandaarden.nl/imgeo/def/2.1#FysiekVoorkomenBegroeidTerrein","in_onderzoek":null,"in_onderzoek_leeg":"geenWaarde","kruinlijn_leeg":"waardeOnbekend","lokaal_id":"G0034.2e64db0cc35e4e23b2bb9e60b5ac0f04","lv_publicatiedatum":"2025-12-03T12:50:42Z","op_talud":"false","op_talud_leeg":null,"plus_fysiek_voorkomen":null,"plus_fysiek_voorkomen_codespace":"http://www.geostandaarden.nl/imgeo/def/2.1#VoidReasonValue","plus_fysiek_voorkomen_leeg":"waardeOnbekend","plus_status":null,"plus_status_codespace":"http://www.geostandaarden.nl/imgeo/def/2.1#VoidReasonValue","plus_status_leeg":"geenWaarde","relatieve_hoogteligging":0,"status":"bestaand","status_codespace":"http://www.geostandaarden.nl/imgeo/def/2.1#Status","status_leeg":null,"termination_date":null,"termination_date_leeg":"geenWaarde","tijdstip_registratie":"2025-12-03T12:05:32Z","version":"2d16c1f9-b005-500a-556a-98f50b767f6d"},"geometry":{"type":"Polygon","coordinates":[[[150372.038,482957.751],[150372.565,482958.636],[150373.088,482959.523],[150373.607,482960.412],[150374.123,482961.303],[150374.634,482962.197],[150375.141,482963.093],[150375.575,482963.867],[150376.006,482964.643],[150376.435,482965.42],[150376.86,482966.198],[150377.282,482966.979],[150377.701,482967.761],[150378.115,482968.546],[150378.573,482969.426],[150379.026,482970.309],[150379.475,482971.194],[150379.919,482972.082],[150380.359,482972.972],[150380.793,482973.864],[150381.223,482974.759],[150381.648,482975.656],[150382.068,482976.555],[150382.8,482978.117],[150383.372,482979.297],[150383.922,482980.487],[150384.452,482981.688],[150384.961,482982.898],[150385.448,482984.117],[150385.914,482985.344],[150386.358,482986.579],[150386.779,482987.821],[150387.178,482989.07],[150387.573,482990.369],[150387.951,482991.674],[150388.304,482992.986],[150388.627,482994.305],[150388.913,482995.632],[150389.156,482996.967],[150389.356,482998.327],[150389.517,482999.695],[150389.638,483001.067],[150389.722,483002.442],[150389.769,483003.819],[150389.78,483005.197],[150389.757,483006.572],[150387.467,483005.895],[150388.01,483004.028],[150389.13,483003.973],[150389.117,483003.069],[150388.9,483000.876],[150388.764,482999.783],[150388.611,482998.691],[150388.439,482997.603],[150388.231,482996.403],[150388.001,482995.205],[150387.751,482994.011],[150387.479,482992.822],[150387.185,482991.639],[150386.866,482990.462],[150386.524,482989.293],[150386.156,482988.131],[150385.746,482986.929],[150385.311,482985.736],[150384.85,482984.551],[150384.364,482983.376],[150383.853,482982.212],[150383.318,482981.059],[150382.759,482979.918],[150382.176,482978.789],[150381.246,482976.744],[150381.022,482976.301],[150380.796,482975.858],[150380.57,482975.417],[150380.342,482974.975],[150380.113,482974.535],[150379.85,482974.031],[150379.585,482973.528],[150379.319,482973.025],[150379.052,482972.524],[150378.783,482972.023],[150378.513,482971.523],[150378.241,482971.023],[150377.969,482970.525],[150377.694,482970.027],[150377.141,482969.033],[150374.309,482965.063],[150373.993,482962.685],[150370.863,482957.493],[150365.966,482949.601],[150363.06,482944.982],[150362.255,482944.024],[150361.885,482943.952],[150361.531,482944.162],[150361.448,482944.481],[150360.046,482943.583],[150361.815,482941.78],[150362.295,482942.467],[150362.771,482943.156],[150363.244,482943.849],[150363.714,482944.542],[150364.244,482945.332],[150364.771,482946.125],[150365.293,482946.92],[150365.811,482947.717],[150366.326,482948.517],[150366.838,482949.319],[150367.348,482950.123],[150367.854,482950.929],[150368.358,482951.735],[150368.861,482952.543],[150369.362,482953.352],[150369.902,482954.229],[150370.44,482955.107],[150370.975,482955.986],[150371.508,482956.868],[150372.038,482957.751]],[[150388.434,483005.484],[150388.287,483006.005],[150388.802,483006.15],[150388.949,483005.629],[150388.434,483005.484]]]},"id":"fbacf7ef-2d20-5576-b78d-0c11d1263f2d"},{"type":"Feature","properties":{"bronhouder":"G0034","creation_date":"2023-12-17T23:00:00Z","eind_registratie":"2025-12-03T12:05:32Z","fysiek_voorkomen":"groenvoorziening","fysiek_voorkomen_codespace":"http://www.geostandaarden.nl/imgeo/def/2.1#FysiekVoorkomenBegroeidTerrein","in_onderzoek":null,"in_onderzoek_leeg":"geenWaarde","kruinlijn_leeg":"waardeOnbekend","lokaal_id":"G0034.37268caf2bf24f70bcc6925f631386f8","lv_publicatiedatum":"2023-12-18T11:54:14Z","op_talud":"false","op_talud_leeg":null,"plus_fysiek_voorkomen":null,"plus_fysiek_voorkomen_codespace":"http://www.geostandaarden.nl/imgeo/def/2.1#VoidReasonValue","plus_fysiek_voorkomen_leeg":"waardeOnbekend","plus_status":null,"plus_status_codespace":"http://www.geostandaarden.nl/imgeo/def/2.1#VoidReasonValue","plus_status_leeg":"geenWaarde","relatieve_hoogteligging":0,"status":"bestaand","status_codespace":"http://www.geostandaarden.nl/imgeo/def/2.1#Status","status_leeg":null,"termination_date":null,"termination_date_leeg":"geenWaarde","tijdstip_registratie":"2023-12-18T10:56:17Z","version":"dcc4f576-1c37-fab7-d942-b5aff4b921fb"},"geometry":{"type":"Polygon","coordinates":[[[150491.701,482939.286],[150492.468,482939.806],[150493.236,482940.324],[150494.006,482940.84],[150494.777,482941.354],[150495.55,482941.864],[150496.326,482942.371],[150497.104,482942.874],[150497.972,482943.427],[150498.843,482943.976],[150499.717,482944.52],[150500.594,482945.061],[150501.472,482945.598],[150502.352,482946.132],[150503.149,482946.613],[150503.947,482947.09],[150504.747,482947.565],[150505.549,482948.037],[150506.352,482948.507],[150507.157,482948.973],[150514.021,482952.984],[150518.418,482955.582],[150519.3,482956.11],[150519.739,482956.378],[150519.075,482958.097],[150518.667,482958.602],[150518.151,482957.252],[150518.569,482956.346],[150510.671,482951.837],[150501.812,482946.66],[150501.177,482946.311],[150500.545,482945.957],[150499.916,482945.597],[150499.29,482945.232],[150498.668,482944.861],[150498.048,482944.485],[150497.432,482944.104],[150496.819,482943.718],[150496.126,482943.273],[150495.438,482942.821],[150494.753,482942.363],[150494.074,482941.897],[150493.399,482941.426],[150492.728,482940.948],[150491.401,482939.972],[150490.585,482940.634],[150488.414,482940.891],[150491.701,482939.286]]]},"id":"894a9bdd-0a47-5121-b207-0f714494bc96"},{"type":"Feature","properties":{"bronhouder":"G0034","creation_date":"2023-12-17T23:00:00Z","eind_registratie":null,"fysiek_voorkomen":"groenvoorziening","fysiek_voorkomen_codespace":"http://www.geostandaarden.nl/imgeo/def/2.1#FysiekVoorkomenBegroeidTerrein","in_onderzoek":null,"in_onderzoek_leeg":"geenWaarde","kruinlijn_leeg":"waardeOnbekend","lokaal_id":"G0034.37268caf2bf24f70bcc6925f631386f8","lv_publicatiedatum":"2025-12-03T12:50:42Z","op_talud":"false","op_talud_leeg":null,"plus_fysiek_voorkomen":null,"plus_fysiek_voorkomen_codespace":"http://www.geostandaarden.nl/imgeo/def/2.1#VoidReasonValue","plus_fysiek_voorkomen_leeg":"waardeOnbekend","plus_status":null,"plus_status_codespace":"http://www.geostandaarden.nl/imgeo/def/2.1#VoidReasonValue","plus_status_leeg":"geenWaarde","relatieve_hoogteligging":0,"status":"bestaand","status_codespace":"http://www.geostandaarden.nl/imgeo/def/2.1#Status","status_leeg":null,"termination_date":null,"termination_date_leeg":"geenWaarde","tijdstip_registratie":"2025-12-03T12:05:32Z","version":"a21ed4a7-2994-0463-3f2f-1e1a2d4828dc"},"geometry":{"type":"Polygon","coordinates":[[[150505.549,482948.037],[150506.352,482948.507],[150507.157,482948.973],[150514.021,482952.984],[150518.418,482955.582],[150519.3,482956.11],[150519.739,482956.378],[150519.075,482958.097],[150518.667,482958.602],[150518.103,482957.039],[150518.554,482956.286],[150510.671,482951.837],[150501.812,482946.66],[150501.177,482946.311],[150500.545,482945.957],[150499.916,482945.597],[150499.29,482945.232],[150498.668,482944.861],[150498.048,482944.485],[150497.432,482944.104],[150496.819,482943.718],[150496.126,482943.273],[150495.438,482942.821],[150494.753,482942.363],[150494.074,482941.897],[150493.399,482941.426],[150492.728,482940.948],[150491.401,482939.972],[150491.103,482940.062],[150490.775,482940.303],[150490.738,482940.633],[150488.414,482940.891],[150491.701,482939.286],[150492.468,482939.806],[150493.236,482940.324],[150494.006,482940.84],[150494.777,482941.354],[150495.55,482941.864],[150496.326,482942.371],[150497.104,482942.874],[150497.972,482943.427],[150498.843,482943.976],[150499.717,482944.52],[150500.594,482945.061],[150501.472,482945.598],[150502.352,482946.132],[150503.149,482946.613],[150503.947,482947.09],[150504.747,482947.565],[150505.549,482948.037]]]},"id":"71e82283-c58b-5478-a73c-ffccc6d58ed0"},{"type":"Feature","properties":{"bronhouder":"G0034","creation_date":"2023-12-17T23:00:00Z","eind_registratie":"2025-12-03T12:05:32Z","fysiek_voorkomen":"groenvoorziening","fysiek_voorkomen_codespace":"http://www.geostandaarden.nl/imgeo/def/2.1#FysiekVoorkomenBegroeidTerrein","in_onderzoek":null,"in_onderzoek_leeg":"geenWaarde","kruinlijn_leeg":"waardeOnbekend","lokaal_id":"G0034.42b880a14ea24b72b760b9fc35ac3cbc","lv_publicatiedatum":"2023-12-18T11:54:14Z","op_talud":"false","op_talud_leeg":null,"plus_fysiek_voorkomen":null,"plus_fysiek_voorkomen_codespace":"http://www.geostandaarden.nl/imgeo/def/2.1#VoidReasonValue","plus_fysiek_voorkomen_leeg":"waardeOnbekend","plus_status":null,"plus_status_codespace":"http://www.geostandaarden.nl/imgeo/def/2.1#VoidReasonValue","plus_status_leeg":"geenWaarde","relatieve_hoogteligging":0,"status":"bestaand","status_codespace":"http://www.geostandaarden.nl/imgeo/def/2.1#Status","status_leeg":null,"termination_date":null,"termination_date_leeg":"geenWaarde","tijdstip_registratie":"2023-12-18T10:56:15Z","version":"e4b760ab-6899-8bfe-9488-d19120038b78"},"geometry":{"type":"Polygon","coordinates":[[[150436.787,482887.818],[150434.439,482891.236],[150433.537,482890.633],[150432.631,482890.037],[150431.723,482889.444],[150430.813,482888.853],[150429.903,482888.262],[150432.562,482884.556],[150436.787,482887.818]],[[150433.212,482885.537],[150432.539,482886.507],[150435.605,482888.713],[150436.267,482887.764],[150433.212,482885.537]]]},"id":"3c3c24af-9eda-5435-9332-1b05ffab7a05"},{"type":"Feature","properties":{"bronhouder":"G0034","creation_date":"2023-12-17T23:00:00Z","eind_registratie":null,"fysiek_voorkomen":"groenvoorziening","fysiek_voorkomen_codespace":"http://www.geostandaarden.nl/imgeo/def/2.1#FysiekVoorkomenBegroeidTerrein","in_onderzoek":null,"in_onderzoek_leeg":"geenWaarde","kruinlijn_leeg":"waardeOnbekend","lokaal_id":"G0034.42b880a14ea24b72b760b9fc35ac3cbc","lv_publicatiedatum":"2025-12-03T12:50:42Z","op_talud":"false","op_talud_leeg":null,"plus_fysiek_voorkomen":null,"plus_fysiek_voorkomen_codespace":"http://www.geostandaarden.nl/imgeo/def/2.1#VoidReasonValue","plus_fysiek_voorkomen_leeg":"waardeOnbekend","plus_status":null,"plus_status_codespace":"http://www.geostandaarden.nl/imgeo/def/2.1#VoidReasonValue","plus_status_leeg":"geenWaarde","relatieve_hoogteligging":0,"status":"bestaand","status_codespace":"http://www.geostandaarden.nl/imgeo/def/2.1#Status","status_leeg":null,"termination_date":null,"termination_date_leeg":"geenWaarde","tijdstip_registratie":"2025-12-03T12:05:32Z","version":"f3505a6d-4784-fcd8-e33c-19db11c53810"},"geometry":{"type":"Polygon","coordinates":[[[150434.439,482891.236],[150433.537,482890.633],[150432.631,482890.037],[150431.723,482889.444],[150430.813,482888.853],[150429.903,482888.262],[150432.562,482884.556],[150436.787,482887.818],[150434.439,482891.236]],[[150435.37,482888.333],[150435.634,482888.416],[150435.802,482888.337],[150435.955,482888.145],[150436.041,482887.955],[150436.024,482887.742],[150433.422,482885.85],[150433.197,482885.836],[150432.972,482885.955],[150432.84,482886.191],[150432.794,482886.356],[150432.825,482886.512],[150435.37,482888.333]]]},"id":"21b7cfd1-5b55-5fd8-a4c5-3e0fc06e9d80"},{"type":"Feature","properties":{"bronhouder":"G0034","creation_date":"2023-12-17T23:00:00Z","eind_registratie":"2025-12-03T12:05:32Z","fysiek_voorkomen":"groenvoorziening","fysiek_voorkomen_codespace":"http://www.geostandaarden.nl/imgeo/def/2.1#FysiekVoorkomenBegroeidTerrein","in_onderzoek":null,"in_onderzoek_leeg":"geenWaarde","kruinlijn_leeg":"waardeOnbekend","lokaal_id":"G0034.4d408f860309494098a7a02b265e6516","lv_publicatiedatum":"2023-12-18T11:54:14Z","op_talud":"false","op_talud_leeg":null,"plus_fysiek_voorkomen":null,"plus_fysiek_voorkomen_codespace":"http://www.geostandaarden.nl/imgeo/def/2.1#VoidReasonValue","plus_fysiek_voorkomen_leeg":"waardeOnbekend","plus_status":null,"plus_status_codespace":"http://www.geostandaarden.nl/imgeo/def/2.1#VoidReasonValue","plus_status_leeg":"geenWaarde","relatieve_hoogteligging":0,"status":"bestaand","status_codespace":"http://www.geostandaarden.nl/imgeo/def/2.1#Status","status_leeg":null,"termination_date":null,"termination_date_leeg":"geenWaarde","tijdstip_registratie":"2023-12-18T10:56:17Z","version":"c4ec6f29-8753-9ad8-a9d6-8a4793a2f076"},"geometry":{"type":"Polygon","coordinates":[[[150492.691,482930.503],[150495.793,482932.857],[150496.561,482931.765],[150497.62,482932.27],[150497.05,482933.088],[150494.068,482935.152],[150493.417,482934.706],[150492.767,482934.258],[150492.119,482933.808],[150491.473,482933.356],[150490.827,482932.902],[150490.182,482932.448],[150492.814,482928.724],[150493.446,482929.522],[150492.691,482930.503]],[[150492.457,482930.23],[150492.019,482929.928],[150491.708,482930.379],[150492.146,482930.681],[150492.457,482930.23]]]},"id":"66e95951-57fa-5b6f-ad9b-1a841cb8a982"},{"type":"Feature","properties":{"bronhouder":"G0034","creation_date":"2023-12-17T23:00:00Z","eind_registratie":null,"fysiek_voorkomen":"groenvoorziening","fysiek_voorkomen_codespace":"http://www.geostandaarden.nl/imgeo/def/2.1#FysiekVoorkomenBegroeidTerrein","in_onderzoek":null,"in_onderzoek_leeg":"geenWaarde","kruinlijn_leeg":"waardeOnbekend","lokaal_id":"G0034.4d408f860309494098a7a02b265e6516","lv_publicatiedatum":"2025-12-03T12:50:42Z","op_talud":"false","op_talud_leeg":null,"plus_fysiek_voorkomen":null,"plus_fysiek_voorkomen_codespace":"http://www.geostandaarden.nl/imgeo/def/2.1#VoidReasonValue","plus_fysiek_voorkomen_leeg":"waardeOnbekend","plus_status":null,"plus_status_codespace":"http://www.geostandaarden.nl/imgeo/def/2.1#VoidReasonValue","plus_status_leeg":"geenWaarde","relatieve_hoogteligging":0,"status":"bestaand","status_codespace":"http://www.geostandaarden.nl/imgeo/def/2.1#Status","status_leeg":null,"termination_date":null,"termination_date_leeg":"geenWaarde","tijdstip_registratie":"2025-12-03T12:05:32Z","version":"ac3cba9f-dce7-feb1-0681-76dc07ec8efc"},"geometry":{"type":"Polygon","coordinates":[[[150495.25,482932.445],[150495.593,482932.464],[150495.837,482932.357],[150496.064,482932.208],[150496.19,482931.998],[150496.193,482931.759],[150496.075,482931.501],[150495.992,482931.379],[150497.62,482932.27],[150497.05,482933.088],[150494.068,482935.152],[150493.417,482934.706],[150492.767,482934.258],[150492.119,482933.808],[150491.473,482933.356],[150490.827,482932.902],[150490.182,482932.448],[150492.814,482928.724],[150493.446,482929.522],[150492.691,482930.503],[150495.25,482932.445]],[[150492.457,482930.23],[150492.019,482929.928],[150491.708,482930.379],[150492.146,482930.681],[150492.457,482930.23]]]},"id":"63deff90-b83f-5411-89ae-b94139529456"},{"type":"Feature","properties":{"bronhouder":"G0034","creation_date":"2023-12-17T23:00:00Z","eind_registratie":"2025-12-03T12:05:32Z","fysiek_voorkomen":"groenvoorziening","fysiek_voorkomen_codespace":"http://www.geostandaarden.nl/imgeo/def/2.1#FysiekVoorkomenBegroeidTerrein","in_onderzoek":null,"in_onderzoek_leeg":"geenWaarde","kruinlijn_leeg":"waardeOnbekend","lokaal_id":"G0034.50396451ecc64068b82ac94944fa168a","lv_publicatiedatum":"2023-12-18T11:54:14Z","op_talud":"false","op_talud_leeg":null,"plus_fysiek_voorkomen":null,"plus_fysiek_voorkomen_codespace":"http://www.geostandaarden.nl/imgeo/def/2.1#VoidReasonValue","plus_fysiek_voorkomen_leeg":"waardeOnbekend","plus_status":null,"plus_status_codespace":"http://www.geostandaarden.nl/imgeo/def/2.1#VoidReasonValue","plus_status_leeg":"geenWaarde","relatieve_hoogteligging":0,"status":"bestaand","status_codespace":"http://www.geostandaarden.nl/imgeo/def/2.1#Status","status_leeg":null,"termination_date":null,"termination_date_leeg":"geenWaarde","tijdstip_registratie":"2023-12-18T10:56:18Z","version":"40ab7495-0349-1cb8-3530-5c1f966cac64"},"geometry":{"type":"Polygon","coordinates":[[[150386.725,482864.622],[150386.42,482865.085],[150386.125,482865.57],[150385.988,482865.819],[150385.857,482866.072],[150385.732,482866.327],[150385.614,482866.586],[150385.504,482866.847],[150385.39,482867.137],[150385.285,482867.43],[150385.188,482867.726],[150385.099,482868.024],[150385.019,482868.326],[150384.948,482868.629],[150384.885,482868.933],[150384.837,482869.218],[150384.8,482869.504],[150384.77,482869.792],[150384.747,482870.08],[150384.729,482870.369],[150384.713,482870.658],[150384.698,482870.946],[150384.684,482871.231],[150384.674,482871.515],[150384.667,482871.8],[150384.663,482872.084],[150384.662,482872.369],[150384.665,482872.654],[150384.672,482874.981],[150384.635,482875.488],[150384.589,482875.741],[150384.525,482875.991],[150384.443,482876.235],[150384.345,482876.473],[150384.23,482876.701],[150384.099,482876.919],[150383.971,482877.102],[150383.829,482877.278],[150383.677,482877.445],[150383.513,482877.603],[150383.34,482877.75],[150383.159,482877.885],[150382.97,482878.008],[150382.775,482878.118],[150382.111,482878.532],[150379.136,482880.205],[150374.444,482876.812],[150375.68,482877.09],[150376.852,482878.215],[150380.389,482876.463],[150380.88,482876.221],[150381.055,482876.125],[150381.222,482876.015],[150381.379,482875.893],[150381.527,482875.758],[150381.663,482875.612],[150381.787,482875.456],[150381.898,482875.29],[150381.995,482875.116],[150382.078,482874.935],[150382.146,482874.747],[150382.199,482874.555],[150382.237,482874.359],[150382.25,482874.254],[150382.725,482869.807],[150382.76,482869.457],[150382.803,482869.107],[150382.854,482868.758],[150382.913,482868.41],[150382.98,482868.064],[150383.055,482867.719],[150383.138,482867.376],[150383.229,482867.036],[150383.328,482866.698],[150383.436,482866.357],[150383.552,482866.019],[150383.676,482865.684],[150383.808,482865.352],[150383.947,482865.023],[150384.249,482864.376],[150384.945,482862.978],[150386.725,482864.622]]]},"id":"e98e0be6-5d3d-5f94-be0d-4de80988f030"},{"type":"Feature","properties":{"bronhouder":"G0034","creation_date":"2023-12-17T23:00:00Z","eind_registratie":null,"fysiek_voorkomen":"groenvoorziening","fysiek_voorkomen_codespace":"http://www.geostandaarden.nl/imgeo/def/2.1#FysiekVoorkomenBegroeidTerrein","in_onderzoek":null,"in_onderzoek_leeg":"geenWaarde","kruinlijn_leeg":"waardeOnbekend","lokaal_id":"G0034.50396451ecc64068b82ac94944fa168a","lv_publicatiedatum":"2025-12-03T12:50:42Z","op_talud":"false","op_talud_leeg":null,"plus_fysiek_voorkomen":null,"plus_fysiek_voorkomen_codespace":"http://www.geostandaarden.nl/imgeo/def/2.1#VoidReasonValue","plus_fysiek_voorkomen_leeg":"waardeOnbekend","plus_status":null,"plus_status_codespace":"http://www.geostandaarden.nl/imgeo/def/2.1#VoidReasonValue","plus_status_leeg":"geenWaarde","relatieve_hoogteligging":0,"status":"bestaand","status_codespace":"http://www.geostandaarden.nl/imgeo/def/2.1#Status","status_leeg":null,"termination_date":null,"termination_date_leeg":"geenWaarde","tijdstip_registratie":"2025-12-03T12:05:32Z","version":"84bdad93-f169-314c-8775-2c784d2f0adf"},"geometry":{"type":"Polygon","coordinates":[[[150384.662,482872.369],[150384.665,482872.654],[150384.672,482874.981],[150384.635,482875.488],[150384.589,482875.741],[150384.525,482875.991],[150384.443,482876.235],[150384.345,482876.473],[150384.23,482876.701],[150384.099,482876.919],[150383.971,482877.102],[150383.829,482877.278],[150383.677,482877.445],[150383.513,482877.603],[150383.34,482877.75],[150383.159,482877.885],[150382.97,482878.008],[150382.775,482878.118],[150382.111,482878.532],[150379.136,482880.205],[150374.444,482876.812],[150375.68,482877.09],[150375.759,482877.483],[150376.004,482877.81],[150376.713,482878.055],[150377.83,482877.81],[150380.828,482876.066],[150381.7,482875.412],[150382.136,482873.858],[150382.545,482870.915],[150382.845,482868.081],[150383.635,482865.165],[150384.945,482862.978],[150386.725,482864.622],[150386.42,482865.085],[150386.125,482865.57],[150385.988,482865.819],[150385.857,482866.072],[150385.732,482866.327],[150385.614,482866.586],[150385.504,482866.847],[150385.39,482867.137],[150385.285,482867.43],[150385.188,482867.726],[150385.099,482868.024],[150385.019,482868.326],[150384.948,482868.629],[150384.885,482868.933],[150384.837,482869.218],[150384.8,482869.504],[150384.77,482869.792],[150384.747,482870.08],[150384.729,482870.369],[150384.713,482870.658],[150384.698,482870.946],[150384.684,482871.231],[150384.674,482871.515],[150384.667,482871.8],[150384.663,482872.084],[150384.662,482872.369]]]},"id":"4f2fe16a-ab24-591e-802d-ab6b9cc18c0a"},{"type":"Feature","properties":{"bronhouder":"G0034","creation_date":"2023-12-17T23:00:00Z","eind_registratie":"2025-12-03T12:05:32Z","fysiek_voorkomen":"groenvoorziening","fysiek_voorkomen_codespace":"http://www.geostandaarden.nl/imgeo/def/2.1#FysiekVoorkomenBegroeidTerrein","in_onderzoek":null,"in_onderzoek_leeg":"geenWaarde","kruinlijn_leeg":"waardeOnbekend","lokaal_id":"G0034.5d95ebf6fb1f4f9a8f0fc0aa7c438eff","lv_publicatiedatum":"2023-12-18T11:54:14Z","op_talud":"false","op_talud_leeg":null,"plus_fysiek_voorkomen":null,"plus_fysiek_voorkomen_codespace":"http://www.geostandaarden.nl/imgeo/def/2.1#VoidReasonValue","plus_fysiek_voorkomen_leeg":"waardeOnbekend","plus_status":null,"plus_status_codespace":"http://www.geostandaarden.nl/imgeo/def/2.1#VoidReasonValue","plus_status_leeg":"geenWaarde","relatieve_hoogteligging":0,"status":"bestaand","status_codespace":"http://www.geostandaarden.nl/imgeo/def/2.1#Status","status_leeg":null,"termination_date":null,"termination_date_leeg":"geenWaarde","tijdstip_registratie":"2023-12-18T10:56:18Z","version":"ef1e408c-8e52-30d0-ebb3-bb711cb5ce24"},"geometry":{"type":"Polygon","coordinates":[[[150388.466,482970.033],[150393.448,482976.622],[150397.118,482981.902],[150397.987,482983.072],[150398.428,482983.652],[150398.873,482984.228],[150399.323,482984.802],[150399.777,482985.372],[150400.235,482985.938],[150400.697,482986.501],[150401.163,482987.061],[150401.691,482987.686],[150402.225,482988.306],[150402.764,482988.921],[150403.307,482989.533],[150403.856,482990.139],[150404.41,482990.741],[150404.969,482991.339],[150406.045,482992.078],[150406.665,482991.602],[150407.435,482992.388],[150406.874,482993.142],[150403.894,482994.555],[150403.196,482993.865],[150402.507,482993.166],[150401.826,482992.458],[150401.154,482991.742],[150400.492,482991.018],[150399.805,482990.247],[150399.13,482989.467],[150398.465,482988.677],[150397.809,482987.88],[150397.164,482987.074],[150396.527,482986.262],[150395.898,482985.443],[150395.333,482984.686],[150394.778,482983.921],[150394.233,482983.149],[150393.696,482982.372],[150393.163,482981.591],[150392.633,482980.807],[150392.105,482980.023],[150391.576,482979.24],[150391.077,482978.5],[150390.579,482977.759],[150390.084,482977.016],[150389.591,482976.271],[150389.101,482975.525],[150388.127,482974.029],[150386.156,482971.004],[150388.549,482968.922],[150388.466,482970.033]]]},"id":"015fd228-b445-5c5b-bacc-19960196fa2e"},{"type":"Feature","properties":{"bronhouder":"G0034","creation_date":"2023-12-17T23:00:00Z","eind_registratie":null,"fysiek_voorkomen":"groenvoorziening","fysiek_voorkomen_codespace":"http://www.geostandaarden.nl/imgeo/def/2.1#FysiekVoorkomenBegroeidTerrein","in_onderzoek":null,"in_onderzoek_leeg":"geenWaarde","kruinlijn_leeg":"waardeOnbekend","lokaal_id":"G0034.5d95ebf6fb1f4f9a8f0fc0aa7c438eff","lv_publicatiedatum":"2025-12-03T12:50:42Z","op_talud":"false","op_talud_leeg":null,"plus_fysiek_voorkomen":null,"plus_fysiek_voorkomen_codespace":"http://www.geostandaarden.nl/imgeo/def/2.1#VoidReasonValue","plus_fysiek_voorkomen_leeg":"waardeOnbekend","plus_status":null,"plus_status_codespace":"http://www.geostandaarden.nl/imgeo/def/2.1#VoidReasonValue","plus_status_leeg":"geenWaarde","relatieve_hoogteligging":0,"status":"bestaand","status_codespace":"http://www.geostandaarden.nl/imgeo/def/2.1#Status","status_leeg":null,"termination_date":null,"termination_date_leeg":"geenWaarde","tijdstip_registratie":"2025-12-03T12:05:32Z","version":"8248674d-db73-7b65-4101-7036292ba205"},"geometry":{"type":"Polygon","coordinates":[[[150404.953,482991.11],[150405.444,482991.628],[150406.221,482991.751],[150406.665,482991.602],[150407.435,482992.388],[150406.874,482993.142],[150403.894,482994.555],[150403.196,482993.865],[150402.507,482993.166],[150401.826,482992.458],[150401.154,482991.742],[150400.492,482991.018],[150399.805,482990.247],[150399.13,482989.467],[150398.465,482988.677],[150397.809,482987.88],[150397.164,482987.074],[150396.527,482986.262],[150395.898,482985.443],[150395.333,482984.686],[150394.778,482983.921],[150394.233,482983.149],[150393.696,482982.372],[150393.163,482981.591],[150392.633,482980.807],[150392.105,482980.023],[150391.576,482979.24],[150391.077,482978.5],[150390.579,482977.759],[150390.084,482977.016],[150389.591,482976.271],[150389.101,482975.525],[150388.127,482974.029],[150386.156,482971.004],[150388.549,482968.922],[150389.147,482969.826],[150388.861,482969.84],[150388.466,482970.033],[150388.561,482970.453],[150388.806,482971.107],[150390.087,482972.579],[150396.437,482981.327],[150400.061,482985.551],[150404.953,482991.11]]]},"id":"8af95e49-6042-5edd-86e9-1fab4e44bea4"},{"type":"Feature","properties":{"bronhouder":"G0034","creation_date":"2023-12-17T23:00:00Z","eind_registratie":"2025-12-03T12:05:32Z","fysiek_voorkomen":"groenvoorziening","fysiek_voorkomen_codespace":"http://www.geostandaarden.nl/imgeo/def/2.1#FysiekVoorkomenBegroeidTerrein","in_onderzoek":null,"in_onderzoek_leeg":"geenWaarde","kruinlijn_leeg":"waardeOnbekend","lokaal_id":"G0034.6280bd728f444efd9e62ed17f7e2209a","lv_publicatiedatum":"2023-12-18T11:54:14Z","op_talud":"false","op_talud_leeg":null,"plus_fysiek_voorkomen":null,"plus_fysiek_voorkomen_codespace":"http://www.geostandaarden.nl/imgeo/def/2.1#VoidReasonValue","plus_fysiek_voorkomen_leeg":"waardeOnbekend","plus_status":null,"plus_status_codespace":"http://www.geostandaarden.nl/imgeo/def/2.1#VoidReasonValue","plus_status_leeg":"geenWaarde","relatieve_hoogteligging":0,"status":"bestaand","status_codespace":"http://www.geostandaarden.nl/imgeo/def/2.1#Status","status_leeg":null,"termination_date":null,"termination_date_leeg":"geenWaarde","tijdstip_registratie":"2023-12-18T10:56:17Z","version":"50fa3885-1bc8-0d77-69a8-6f9fb1d9e427"},"geometry":{"type":"Polygon","coordinates":[[[150486.443,482935.644],[150485.898,482938.548],[150485.059,482936.571],[150485.617,482935.768],[150469.539,482923.983],[150466.812,482922.034],[150462.159,482918.841],[150461.464,482919.634],[150460.926,482919.374],[150462.604,482917.976],[150480.42,482931.284],[150482.131,482932.543],[150482.989,482933.169],[150483.85,482933.791],[150484.712,482934.412],[150485.576,482935.029],[150486.443,482935.644]]]},"id":"d9a75876-429b-56b7-ab4f-b9d359b37a54"},{"type":"Feature","properties":{"bronhouder":"G0034","creation_date":"2023-12-17T23:00:00Z","eind_registratie":null,"fysiek_voorkomen":"groenvoorziening","fysiek_voorkomen_codespace":"http://www.geostandaarden.nl/imgeo/def/2.1#FysiekVoorkomenBegroeidTerrein","in_onderzoek":null,"in_onderzoek_leeg":"geenWaarde","kruinlijn_leeg":"waardeOnbekend","lokaal_id":"G0034.6280bd728f444efd9e62ed17f7e2209a","lv_publicatiedatum":"2025-12-03T12:50:42Z","op_talud":"false","op_talud_leeg":null,"plus_fysiek_voorkomen":null,"plus_fysiek_voorkomen_codespace":"http://www.geostandaarden.nl/imgeo/def/2.1#VoidReasonValue","plus_fysiek_voorkomen_leeg":"waardeOnbekend","plus_status":null,"plus_status_codespace":"http://www.geostandaarden.nl/imgeo/def/2.1#VoidReasonValue","plus_status_leeg":"geenWaarde","relatieve_hoogteligging":0,"status":"bestaand","status_codespace":"http://www.geostandaarden.nl/imgeo/def/2.1#Status","status_leeg":null,"termination_date":null,"termination_date_leeg":"geenWaarde","tijdstip_registratie":"2025-12-03T12:05:32Z","version":"a56c93da-19db-a46f-fe8a-e10857e9118a"},"geometry":{"type":"Polygon","coordinates":[[[150485.576,482935.029],[150486.443,482935.644],[150485.898,482938.548],[150485.059,482936.571],[150485.617,482935.768],[150469.539,482923.983],[150466.812,482922.034],[150462.159,482918.841],[150461.881,482918.935],[150461.614,482919.197],[150461.623,482919.585],[150460.926,482919.374],[150462.604,482917.976],[150480.42,482931.284],[150482.131,482932.543],[150482.989,482933.169],[150483.85,482933.791],[150484.712,482934.412],[150485.576,482935.029]]]},"id":"b5187daf-8707-582c-ac10-efecbfa47a47"},{"type":"Feature","properties":{"bronhouder":"G0034","creation_date":"2023-12-17T23:00:00Z","eind_registratie":"2025-12-03T12:05:32Z","fysiek_voorkomen":"groenvoorziening","fysiek_voorkomen_codespace":"http://www.geostandaarden.nl/imgeo/def/2.1#FysiekVoorkomenBegroeidTerrein","in_onderzoek":null,"in_onderzoek_leeg":"geenWaarde","kruinlijn_leeg":"waardeOnbekend","lokaal_id":"G0034.6306b407e2d543179f4b100d8744c998","lv_publicatiedatum":"2023-12-18T11:54:14Z","op_talud":"false","op_talud_leeg":null,"plus_fysiek_voorkomen":null,"plus_fysiek_voorkomen_codespace":"http://www.geostandaarden.nl/imgeo/def/2.1#VoidReasonValue","plus_fysiek_voorkomen_leeg":"waardeOnbekend","plus_status":null,"plus_status_codespace":"http://www.geostandaarden.nl/imgeo/def/2.1#VoidReasonValue","plus_status_leeg":"geenWaarde","relatieve_hoogteligging":0,"status":"bestaand","status_codespace":"http://www.geostandaarden.nl/imgeo/def/2.1#Status","status_leeg":null,"termination_date":null,"termination_date_leeg":"geenWaarde","tijdstip_registratie":"2023-12-18T10:56:19Z","version":"2d62888c-0131-34b6-ff18-a53823518138"},"geometry":{"type":"Polygon","coordinates":[[[150406.729,483022.806],[150403.672,483023.85],[150401.669,483025.02],[150400.692,483025.648],[150399.733,483026.303],[150398.792,483026.986],[150397.871,483027.695],[150396.971,483028.429],[150396.092,483029.188],[150395.237,483029.97],[150394.452,483030.729],[150393.687,483031.51],[150392.942,483032.312],[150392.219,483033.133],[150391.519,483033.973],[150390.841,483034.831],[150390.187,483035.706],[150388.708,483037.904],[150386.035,483035.558],[150388.249,483032.885],[150388.9,483032.11],[150389.565,483031.346],[150390.245,483030.596],[150390.939,483029.858],[150391.647,483029.134],[150392.368,483028.423],[150393.102,483027.726],[150393.932,483026.959],[150394.773,483026.201],[150395.628,483025.458],[150396.501,483024.738],[150397.396,483024.048],[150398.316,483023.394],[150399.265,483022.784],[150400.108,483022.278],[150400.963,483021.787],[150401.834,483021.32],[150402.719,483020.888],[150403.623,483020.501],[150404.544,483020.169],[150405.486,483019.903],[150406.289,483019.731],[150407.099,483019.597],[150407.914,483019.497],[150407.809,483023.175],[150406.729,483022.806]]]},"id":"d69d1775-c9da-5a66-b94a-6eabb6b9d806"},{"type":"Feature","properties":{"bronhouder":"G0034","creation_date":"2023-12-17T23:00:00Z","eind_registratie":null,"fysiek_voorkomen":"groenvoorziening","fysiek_voorkomen_codespace":"http://www.geostandaarden.nl/imgeo/def/2.1#FysiekVoorkomenBegroeidTerrein","in_onderzoek":null,"in_onderzoek_leeg":"geenWaarde","kruinlijn_leeg":"waardeOnbekend","lokaal_id":"G0034.6306b407e2d543179f4b100d8744c998","lv_publicatiedatum":"2025-12-03T12:50:42Z","op_talud":"false","op_talud_leeg":null,"plus_fysiek_voorkomen":null,"plus_fysiek_voorkomen_codespace":"http://www.geostandaarden.nl/imgeo/def/2.1#VoidReasonValue","plus_fysiek_voorkomen_leeg":"waardeOnbekend","plus_status":null,"plus_status_codespace":"http://www.geostandaarden.nl/imgeo/def/2.1#VoidReasonValue","plus_status_leeg":"geenWaarde","relatieve_hoogteligging":0,"status":"bestaand","status_codespace":"http://www.geostandaarden.nl/imgeo/def/2.1#Status","status_leeg":null,"termination_date":null,"termination_date_leeg":"geenWaarde","tijdstip_registratie":"2025-12-03T12:05:32Z","version":"b35c39a2-4640-dfb8-9659-63ebfc8a0a7a"},"geometry":{"type":"Polygon","coordinates":[[[150397.871,483027.695],[150396.971,483028.429],[150396.092,483029.188],[150395.237,483029.97],[150394.452,483030.729],[150393.687,483031.51],[150392.942,483032.312],[150392.219,483033.133],[150391.519,483033.973],[150390.841,483034.831],[150390.187,483035.706],[150388.708,483037.904],[150386.035,483035.558],[150388.249,483032.885],[150388.9,483032.11],[150389.565,483031.346],[150390.245,483030.596],[150390.939,483029.858],[150391.647,483029.134],[150392.368,483028.423],[150393.102,483027.726],[150393.932,483026.959],[150394.773,483026.201],[150395.628,483025.458],[150396.501,483024.738],[150397.396,483024.048],[150398.316,483023.394],[150399.265,483022.784],[150400.108,483022.278],[150400.963,483021.787],[150401.834,483021.32],[150402.719,483020.888],[150403.623,483020.501],[150404.544,483020.169],[150405.486,483019.903],[150406.289,483019.731],[150407.099,483019.597],[150407.914,483019.497],[150407.809,483023.175],[150406.683,483022.829],[150403.672,483023.85],[150401.669,483025.02],[150400.692,483025.648],[150399.733,483026.303],[150398.792,483026.986],[150397.871,483027.695]]]},"id":"f573411b-3400-5038-8d2f-2da2ab3ef6e8"},{"type":"Feature","properties":{"bronhouder":"G0034","creation_date":"2023-12-17T23:00:00Z","eind_registratie":"2025-12-03T12:05:32Z","fysiek_voorkomen":"groenvoorziening","fysiek_voorkomen_codespace":"http://www.geostandaarden.nl/imgeo/def/2.1#FysiekVoorkomenBegroeidTerrein","in_onderzoek":null,"in_onderzoek_leeg":"geenWaarde","kruinlijn_leeg":"waardeOnbekend","lokaal_id":"G0034.72fbc71d331346348c809dc9058e9b6f","lv_publicatiedatum":"2023-12-18T11:54:14Z","op_talud":"false","op_talud_leeg":null,"plus_fysiek_voorkomen":null,"plus_fysiek_voorkomen_codespace":"http://www.geostandaarden.nl/imgeo/def/2.1#VoidReasonValue","plus_fysiek_voorkomen_leeg":"waardeOnbekend","plus_status":null,"plus_status_codespace":"http://www.geostandaarden.nl/imgeo/def/2.1#VoidReasonValue","plus_status_leeg":"geenWaarde","relatieve_hoogteligging":0,"status":"bestaand","status_codespace":"http://www.geostandaarden.nl/imgeo/def/2.1#Status","status_leeg":null,"termination_date":null,"termination_date_leeg":"geenWaarde","tijdstip_registratie":"2023-12-18T10:56:17Z","version":"bf53b7a9-7bfe-b58f-3e6a-c142e131e592"},"geometry":{"type":"Polygon","coordinates":[[[150411.412,482835.043],[150411.137,482836.418],[150409.431,482840.313],[150406.442,482844.816],[150403.683,482848.643],[150404.473,482849.396],[150404.04,482851.003],[150403.211,482848.577],[150409.434,482839.692],[150411.412,482835.043]]]},"id":"215fb1a4-571c-532a-9a10-65d7c86e8dea"},{"type":"Feature","properties":{"bronhouder":"G0034","creation_date":"2023-12-17T23:00:00Z","eind_registratie":null,"fysiek_voorkomen":"groenvoorziening","fysiek_voorkomen_codespace":"http://www.geostandaarden.nl/imgeo/def/2.1#FysiekVoorkomenBegroeidTerrein","in_onderzoek":null,"in_onderzoek_leeg":"geenWaarde","kruinlijn_leeg":"waardeOnbekend","lokaal_id":"G0034.72fbc71d331346348c809dc9058e9b6f","lv_publicatiedatum":"2025-12-03T12:50:42Z","op_talud":"false","op_talud_leeg":null,"plus_fysiek_voorkomen":null,"plus_fysiek_voorkomen_codespace":"http://www.geostandaarden.nl/imgeo/def/2.1#VoidReasonValue","plus_fysiek_voorkomen_leeg":"waardeOnbekend","plus_status":null,"plus_status_codespace":"http://www.geostandaarden.nl/imgeo/def/2.1#VoidReasonValue","plus_status_leeg":"geenWaarde","relatieve_hoogteligging":0,"status":"bestaand","status_codespace":"http://www.geostandaarden.nl/imgeo/def/2.1#Status","status_leeg":null,"termination_date":null,"termination_date_leeg":"geenWaarde","tijdstip_registratie":"2025-12-03T12:05:32Z","version":"f8f34e5c-8e44-4a4b-f90d-f9023b6878be"},"geometry":{"type":"Polygon","coordinates":[[[150404.473,482849.396],[150404.04,482851.003],[150403.211,482848.577],[150409.434,482839.692],[150411.412,482835.043],[150412.049,482834.143],[150411.721,482834.981],[150409.8,482839.791],[150407.129,482843.661],[150404.268,482848.267],[150403.832,482848.649],[150404.05,482849.194],[150404.473,482849.396]]]},"id":"4d6c65e3-33d8-5166-baed-22c407af48d3"},{"type":"Feature","properties":{"bronhouder":"G0034","creation_date":"2023-12-17T23:00:00Z","eind_registratie":"2025-12-03T12:05:32Z","fysiek_voorkomen":"groenvoorziening","fysiek_voorkomen_codespace":"http://www.geostandaarden.nl/imgeo/def/2.1#FysiekVoorkomenBegroeidTerrein","in_onderzoek":null,"in_onderzoek_leeg":"geenWaarde","kruinlijn_leeg":"waardeOnbekend","lokaal_id":"G0034.75c5c60823474d928fb741d6ad1e144d","lv_publicatiedatum":"2023-12-18T11:54:14Z","op_talud":"false","op_talud_leeg":null,"plus_fysiek_voorkomen":null,"plus_fysiek_voorkomen_codespace":"http://www.geostandaarden.nl/imgeo/def/2.1#VoidReasonValue","plus_fysiek_voorkomen_leeg":"waardeOnbekend","plus_status":null,"plus_status_codespace":"http://www.geostandaarden.nl/imgeo/def/2.1#VoidReasonValue","plus_status_leeg":"geenWaarde","relatieve_hoogteligging":0,"status":"bestaand","status_codespace":"http://www.geostandaarden.nl/imgeo/def/2.1#Status","status_leeg":null,"termination_date":null,"termination_date_leeg":"geenWaarde","tijdstip_registratie":"2023-12-18T10:56:16Z","version":"4752fedc-b6e8-9b7b-46e8-dd9027ee1c78"},"geometry":{"type":"Polygon","coordinates":[[[150458.798,482915.105],[150458.496,482917.373],[150457.015,482916.023],[150457.589,482915.126],[150441.702,482903.351],[150438.512,482901.537],[150438.5,482901.466],[150439.182,482900.402],[150441.888,482902.389],[150458.798,482915.105]]]},"id":"677a26d4-d138-575d-8def-e8e6ed5cd78e"},{"type":"Feature","properties":{"bronhouder":"G0034","creation_date":"2023-12-17T23:00:00Z","eind_registratie":null,"fysiek_voorkomen":"groenvoorziening","fysiek_voorkomen_codespace":"http://www.geostandaarden.nl/imgeo/def/2.1#FysiekVoorkomenBegroeidTerrein","in_onderzoek":null,"in_onderzoek_leeg":"geenWaarde","kruinlijn_leeg":"waardeOnbekend","lokaal_id":"G0034.75c5c60823474d928fb741d6ad1e144d","lv_publicatiedatum":"2025-12-03T12:50:42Z","op_talud":"false","op_talud_leeg":null,"plus_fysiek_voorkomen":null,"plus_fysiek_voorkomen_codespace":"http://www.geostandaarden.nl/imgeo/def/2.1#VoidReasonValue","plus_fysiek_voorkomen_leeg":"waardeOnbekend","plus_status":null,"plus_status_codespace":"http://www.geostandaarden.nl/imgeo/def/2.1#VoidReasonValue","plus_status_leeg":"geenWaarde","relatieve_hoogteligging":0,"status":"bestaand","status_codespace":"http://www.geostandaarden.nl/imgeo/def/2.1#Status","status_leeg":null,"termination_date":null,"termination_date_leeg":"geenWaarde","tijdstip_registratie":"2025-12-03T12:05:32Z","version":"78213c90-0054-c7f1-ed7b-afcda4fb878e"},"geometry":{"type":"Polygon","coordinates":[[[150458.319,482914.745],[150457.851,482915.359],[150448.013,482907.952],[150438.686,482901.175],[150439.182,482900.402],[150441.888,482902.389],[150458.319,482914.745]]]},"id":"1a2bca2e-7401-5977-ac14-d768a2e46d0c"},{"type":"Feature","properties":{"bronhouder":"G0034","creation_date":"2023-12-17T23:00:00Z","eind_registratie":"2025-12-03T12:05:32Z","fysiek_voorkomen":"groenvoorziening","fysiek_voorkomen_codespace":"http://www.geostandaarden.nl/imgeo/def/2.1#FysiekVoorkomenBegroeidTerrein","in_onderzoek":null,"in_onderzoek_leeg":"geenWaarde","kruinlijn_leeg":"waardeOnbekend","lokaal_id":"G0034.778927b138dd41db9d8dbdc65cf3185d","lv_publicatiedatum":"2023-12-18T11:54:14Z","op_talud":"false","op_talud_leeg":null,"plus_fysiek_voorkomen":null,"plus_fysiek_voorkomen_codespace":"http://www.geostandaarden.nl/imgeo/def/2.1#VoidReasonValue","plus_fysiek_voorkomen_leeg":"waardeOnbekend","plus_status":null,"plus_status_codespace":"http://www.geostandaarden.nl/imgeo/def/2.1#VoidReasonValue","plus_status_leeg":"geenWaarde","relatieve_hoogteligging":0,"status":"bestaand","status_codespace":"http://www.geostandaarden.nl/imgeo/def/2.1#Status","status_leeg":null,"termination_date":null,"termination_date_leeg":"geenWaarde","tijdstip_registratie":"2023-12-18T10:56:18Z","version":"cc4013f8-9a04-099d-4430-1bce19a68b6b"},"geometry":{"type":"Polygon","coordinates":[[[150354.999,482936.401],[150355.689,482935.487],[150354.728,482934.559],[150354.165,482934.132],[150353.588,482933.722],[150352.999,482933.331],[150352.399,482932.959],[150351.724,482932.568],[150351.038,482932.197],[150350.338,482931.851],[150349.625,482931.536],[150348.898,482931.256],[150348.239,482931.036],[150347.571,482930.839],[150346.896,482930.671],[150346.214,482930.535],[150345.527,482930.433],[150344.724,482930.359],[150343.917,482930.331],[150343.111,482930.349],[150342.368,482930.408],[150341.627,482930.508],[150340.893,482930.647],[150340.168,482930.824],[150339.38,482931.072],[150338.609,482931.374],[150337.854,482931.717],[150337.111,482932.088],[150336.377,482932.473],[150335.684,482932.864],[150335.008,482933.283],[150334.344,482933.723],[150333.688,482934.176],[150333.036,482934.635],[150332.384,482935.093],[150331.762,482935.528],[150331.144,482935.967],[150330.529,482936.412],[150329.918,482936.861],[150329.311,482937.317],[150328.708,482937.778],[150328.111,482938.246],[150327.519,482938.721],[150326.933,482939.202],[150326.35,482939.693],[150325.771,482940.191],[150325.198,482940.694],[150324.63,482941.204],[150324.068,482941.72],[150323.512,482942.242],[150322.962,482942.771],[150322.418,482943.306],[150321.852,482943.881],[150321.298,482944.468],[150320.754,482945.064],[150320.216,482945.666],[150319.683,482946.273],[150319.153,482946.882],[150318.622,482947.492],[150318.09,482948.099],[150317.553,482948.702],[150317.056,482949.255],[150316.559,482949.807],[150316.063,482950.36],[150315.566,482950.913],[150315.07,482951.466],[150314.574,482952.019],[150313.582,482953.126],[150313.18,482953.554],[150312.234,482954.742],[150311.291,482955.932],[150310.35,482957.124],[150309.412,482958.318],[150308.476,482959.515],[150307.544,482960.713],[150306.614,482961.914],[150305.686,482963.117],[150304.8,482964.272],[150303.916,482965.429],[150303.034,482966.588],[150302.155,482967.749],[150301.279,482968.912],[150300.405,482970.077],[150298.665,482972.412],[150295.525,482976.968],[150296.532,482977.83],[150296.138,482978.71],[150294.148,482977.461],[150297.551,482972.674],[150299.351,482970.112],[150300.264,482968.839],[150301.184,482967.571],[150302.112,482966.31],[150303.048,482965.054],[150303.992,482963.805],[150304.943,482962.561],[150305.783,482961.477],[150306.629,482960.398],[150307.48,482959.323],[150308.338,482958.253],[150309.201,482957.187],[150310.07,482956.126],[150310.945,482955.07],[150311.826,482954.019],[150312.332,482953.433],[150313.672,482951.883],[150314.347,482951.112],[150315.024,482950.344],[150315.705,482949.579],[150316.388,482948.816],[150317.075,482948.056],[150317.677,482947.393],[150318.28,482946.73],[150318.885,482946.069],[150319.492,482945.41],[150320.104,482944.756],[150320.721,482944.106],[150321.344,482943.462],[150322.063,482942.727],[150322.785,482941.994],[150323.512,482941.266],[150324.247,482940.546],[150324.992,482939.837],[150325.75,482939.142],[150326.523,482938.465],[150327.303,482937.811],[150328.094,482937.171],[150328.897,482936.545],[150329.709,482935.932],[150330.531,482935.331],[150331.36,482934.742],[150332.132,482934.203],[150332.908,482933.668],[150333.691,482933.144],[150334.485,482932.638],[150335.293,482932.155],[150336.117,482931.702],[150336.865,482931.309],[150337.619,482930.923],[150338.384,482930.563],[150339.165,482930.249],[150339.968,482929.999],[150340.928,482929.794],[150341.903,482929.661],[150342.883,482929.591],[150343.838,482929.586],[150344.793,482929.64],[150345.744,482929.735],[150346.592,482929.843],[150347.435,482929.985],[150348.268,482930.176],[150349.195,482930.474],[150350.097,482930.85],[150350.974,482931.289],[150351.828,482931.777],[150352.663,482932.299],[150353.48,482932.84],[150354.224,482933.365],[150354.947,482933.918],[150355.651,482934.497],[150356.333,482935.1],[150357.081,482935.81],[150357.8,482936.549],[150356.039,482938.184],[150354.999,482936.401]]]},"id":"ad80984c-45f3-5356-a14b-37362fd38010"},{"type":"Feature","properties":{"bronhouder":"G0034","creation_date":"2023-12-17T23:00:00Z","eind_registratie":null,"fysiek_voorkomen":"groenvoorziening","fysiek_voorkomen_codespace":"http://www.geostandaarden.nl/imgeo/def/2.1#FysiekVoorkomenBegroeidTerrein","in_onderzoek":null,"in_onderzoek_leeg":"geenWaarde","kruinlijn_leeg":"waardeOnbekend","lokaal_id":"G0034.778927b138dd41db9d8dbdc65cf3185d","lv_publicatiedatum":"2025-12-03T12:50:42Z","op_talud":"false","op_talud_leeg":null,"plus_fysiek_voorkomen":null,"plus_fysiek_voorkomen_codespace":"http://www.geostandaarden.nl/imgeo/def/2.1#VoidReasonValue","plus_fysiek_voorkomen_leeg":"waardeOnbekend","plus_status":null,"plus_status_codespace":"http://www.geostandaarden.nl/imgeo/def/2.1#VoidReasonValue","plus_status_leeg":"geenWaarde","relatieve_hoogteligging":0,"status":"bestaand","status_codespace":"http://www.geostandaarden.nl/imgeo/def/2.1#Status","status_leeg":null,"termination_date":null,"termination_date_leeg":"geenWaarde","tijdstip_registratie":"2025-12-03T12:05:32Z","version":"3c855809-7e8f-0ac4-9e6a-722510507fae"},"geometry":{"type":"Polygon","coordinates":[[[150309.412,482958.318],[150308.476,482959.515],[150307.544,482960.713],[150306.614,482961.914],[150305.686,482963.117],[150304.8,482964.272],[150303.916,482965.429],[150303.034,482966.588],[150302.155,482967.749],[150301.279,482968.912],[150300.405,482970.077],[150298.665,482972.412],[150295.653,482976.027],[150295.343,482976.567],[150295.521,482977.009],[150296.021,482977.165],[150296.642,482977.038],[150296.138,482978.71],[150294.148,482977.461],[150297.551,482972.674],[150299.351,482970.112],[150300.264,482968.839],[150301.184,482967.571],[150302.112,482966.31],[150303.048,482965.054],[150303.992,482963.805],[150304.943,482962.561],[150305.783,482961.477],[150306.629,482960.398],[150307.48,482959.323],[150308.338,482958.253],[150309.201,482957.187],[150310.07,482956.126],[150310.945,482955.07],[150311.826,482954.019],[150312.332,482953.433],[150313.672,482951.883],[150314.347,482951.112],[150315.024,482950.344],[150315.705,482949.579],[150316.388,482948.816],[150317.075,482948.056],[150317.677,482947.393],[150318.28,482946.73],[150318.885,482946.069],[150319.492,482945.41],[150320.104,482944.756],[150320.721,482944.106],[150321.344,482943.462],[150322.063,482942.727],[150322.785,482941.994],[150323.512,482941.266],[150324.247,482940.546],[150324.992,482939.837],[150325.75,482939.142],[150326.523,482938.465],[150327.303,482937.811],[150328.094,482937.171],[150328.897,482936.545],[150329.709,482935.932],[150330.531,482935.331],[150331.36,482934.742],[150332.132,482934.203],[150332.908,482933.668],[150333.691,482933.144],[150334.485,482932.638],[150335.293,482932.155],[150336.117,482931.702],[150336.865,482931.309],[150337.619,482930.923],[150338.384,482930.563],[150339.165,482930.249],[150339.968,482929.999],[150340.928,482929.794],[150341.903,482929.661],[150342.883,482929.591],[150343.838,482929.586],[150344.793,482929.64],[150345.744,482929.735],[150346.592,482929.843],[150347.435,482929.985],[150348.268,482930.176],[150349.195,482930.474],[150350.097,482930.85],[150350.974,482931.289],[150351.828,482931.777],[150352.663,482932.299],[150353.48,482932.84],[150354.224,482933.365],[150354.947,482933.918],[150355.651,482934.497],[150356.333,482935.1],[150357.081,482935.81],[150357.8,482936.549],[150356.039,482938.184],[150354.877,482936.17],[150355.4,482936.107],[150355.584,482935.797],[150355.689,482935.487],[150354.728,482934.559],[150354.165,482934.132],[150353.588,482933.722],[150352.999,482933.331],[150352.399,482932.959],[150351.724,482932.568],[150351.038,482932.197],[150350.338,482931.851],[150349.625,482931.536],[150348.898,482931.256],[150348.239,482931.036],[150347.571,482930.839],[150346.896,482930.671],[150346.214,482930.535],[150345.527,482930.433],[150344.724,482930.359],[150343.917,482930.331],[150343.111,482930.349],[150342.368,482930.408],[150341.627,482930.508],[150340.893,482930.647],[150340.168,482930.824],[150339.38,482931.072],[150338.609,482931.374],[150337.854,482931.717],[150337.111,482932.088],[150336.377,482932.473],[150335.684,482932.864],[150335.008,482933.283],[150334.344,482933.723],[150333.688,482934.176],[150333.036,482934.635],[150332.384,482935.093],[150331.762,482935.528],[150331.144,482935.967],[150330.529,482936.412],[150329.918,482936.861],[150329.311,482937.317],[150328.708,482937.778],[150328.111,482938.246],[150327.519,482938.721],[150326.933,482939.202],[150326.35,482939.693],[150325.771,482940.191],[150325.198,482940.694],[150324.63,482941.204],[150324.068,482941.72],[150323.512,482942.242],[150322.962,482942.771],[150322.418,482943.306],[150321.852,482943.881],[150321.298,482944.468],[150320.754,482945.064],[150320.216,482945.666],[150319.683,482946.273],[150319.153,482946.882],[150318.622,482947.492],[150318.09,482948.099],[150317.553,482948.702],[150317.056,482949.255],[150316.559,482949.807],[150316.063,482950.36],[150315.566,482950.913],[150315.07,482951.466],[150314.574,482952.019],[150313.582,482953.126],[150313.18,482953.554],[150312.234,482954.742],[150311.291,482955.932],[150310.35,482957.124],[150309.412,482958.318]]]},"id":"67719f72-a1fa-57ac-9e3e-9b55a879ec22"},{"type":"Feature","properties":{"bronhouder":"G0034","creation_date":"2023-12-17T23:00:00Z","eind_registratie":"2025-12-03T12:05:32Z","fysiek_voorkomen":"groenvoorziening","fysiek_voorkomen_codespace":"http://www.geostandaarden.nl/imgeo/def/2.1#FysiekVoorkomenBegroeidTerrein","in_onderzoek":null,"in_onderzoek_leeg":"geenWaarde","kruinlijn_leeg":"waardeOnbekend","lokaal_id":"G0034.81c9ac2464a84ce888ee0128b254dfa7","lv_publicatiedatum":"2023-12-18T11:54:14Z","op_talud":"false","op_talud_leeg":null,"plus_fysiek_voorkomen":null,"plus_fysiek_voorkomen_codespace":"http://www.geostandaarden.nl/imgeo/def/2.1#VoidReasonValue","plus_fysiek_voorkomen_leeg":"waardeOnbekend","plus_status":null,"plus_status_codespace":"http://www.geostandaarden.nl/imgeo/def/2.1#VoidReasonValue","plus_status_leeg":"geenWaarde","relatieve_hoogteligging":0,"status":"bestaand","status_codespace":"http://www.geostandaarden.nl/imgeo/def/2.1#Status","status_leeg":null,"termination_date":null,"termination_date_leeg":"geenWaarde","tijdstip_registratie":"2023-12-18T10:56:15Z","version":"fd92b504-d9fa-4250-1462-f9821f52635d"},"geometry":{"type":"Polygon","coordinates":[[[150440.421,482890.124],[150439.821,482891.388],[150449.424,482897.987],[150453.616,482901.464],[150457.445,482904.368],[150458.146,482903.348],[150458.73,482903.089],[150455.978,482907.023],[150443.855,482897.914],[150442.148,482896.657],[150441.291,482896.034],[150440.432,482895.414],[150439.57,482894.798],[150438.706,482894.185],[150439.717,482890.319],[150440.166,482889.721],[150440.421,482890.124]]]},"id":"1175e974-03dd-5d6f-a3b1-3a947b86a604"},{"type":"Feature","properties":{"bronhouder":"G0034","creation_date":"2023-12-17T23:00:00Z","eind_registratie":null,"fysiek_voorkomen":"groenvoorziening","fysiek_voorkomen_codespace":"http://www.geostandaarden.nl/imgeo/def/2.1#FysiekVoorkomenBegroeidTerrein","in_onderzoek":null,"in_onderzoek_leeg":"geenWaarde","kruinlijn_leeg":"waardeOnbekend","lokaal_id":"G0034.81c9ac2464a84ce888ee0128b254dfa7","lv_publicatiedatum":"2025-12-03T12:50:42Z","op_talud":"false","op_talud_leeg":null,"plus_fysiek_voorkomen":null,"plus_fysiek_voorkomen_codespace":"http://www.geostandaarden.nl/imgeo/def/2.1#VoidReasonValue","plus_fysiek_voorkomen_leeg":"waardeOnbekend","plus_status":null,"plus_status_codespace":"http://www.geostandaarden.nl/imgeo/def/2.1#VoidReasonValue","plus_status_leeg":"geenWaarde","relatieve_hoogteligging":0,"status":"bestaand","status_codespace":"http://www.geostandaarden.nl/imgeo/def/2.1#Status","status_leeg":null,"termination_date":null,"termination_date_leeg":"geenWaarde","tijdstip_registratie":"2025-12-03T12:05:32Z","version":"a8d5595e-0510-06fb-e3cf-2c565eb17cc3"},"geometry":{"type":"Polygon","coordinates":[[[150456.026,482903.225],[150456.854,482903.8],[150457.107,482903.805],[150457.331,482903.719],[150457.434,482903.507],[150457.434,482903.305],[150457.377,482903.168],[150458.73,482903.089],[150455.978,482907.023],[150443.855,482897.914],[150442.148,482896.657],[150441.291,482896.034],[150440.432,482895.414],[150439.57,482894.798],[150438.706,482894.185],[150439.717,482890.319],[150440.166,482889.721],[150441.084,482890.777],[150440.768,482890.719],[150440.492,482890.754],[150440.291,482890.932],[150440.216,482891.185],[150440.239,482891.415],[150440.302,482891.581],[150448.785,482897.65],[150456.026,482903.225]]]},"id":"cb108262-9d7a-5c5e-8c88-b8f756f176f4"},{"type":"Feature","properties":{"bronhouder":"G0034","creation_date":"2023-12-17T23:00:00Z","eind_registratie":"2025-12-03T12:05:32Z","fysiek_voorkomen":"groenvoorziening","fysiek_voorkomen_codespace":"http://www.geostandaarden.nl/imgeo/def/2.1#FysiekVoorkomenBegroeidTerrein","in_onderzoek":null,"in_onderzoek_leeg":"geenWaarde","kruinlijn_leeg":"waardeOnbekend","lokaal_id":"G0034.84a6c5c5596e4681b724bd2f99a57e4f","lv_publicatiedatum":"2023-12-18T11:54:14Z","op_talud":"false","op_talud_leeg":null,"plus_fysiek_voorkomen":null,"plus_fysiek_voorkomen_codespace":"http://www.geostandaarden.nl/imgeo/def/2.1#VoidReasonValue","plus_fysiek_voorkomen_leeg":"waardeOnbekend","plus_status":null,"plus_status_codespace":"http://www.geostandaarden.nl/imgeo/def/2.1#VoidReasonValue","plus_status_leeg":"geenWaarde","relatieve_hoogteligging":0,"status":"bestaand","status_codespace":"http://www.geostandaarden.nl/imgeo/def/2.1#Status","status_leeg":null,"termination_date":null,"termination_date_leeg":"geenWaarde","tijdstip_registratie":"2023-12-18T10:56:19Z","version":"fb731b01-611c-1694-4920-df793c9d5bbc"},"geometry":{"type":"Polygon","coordinates":[[[150381.213,482884.414],[150381.535,482884.221],[150383.339,482883.193],[150384.266,482882.726],[150385.21,482882.291],[150386.166,482881.889],[150387.024,482881.559],[150387.89,482881.251],[150388.766,482880.972],[150389.652,482880.725],[150390.546,482880.516],[150391.54,482880.336],[150392.544,482880.205],[150393.554,482880.118],[150394.567,482880.065],[150395.581,482880.04],[150396.594,482880.036],[150397.628,482880.053],[150398.661,482880.098],[150399.693,482880.173],[150400.723,482880.277],[150401.748,482880.41],[150402.734,482880.568],[150403.715,482880.757],[150404.691,482880.972],[150405.662,482881.214],[150406.627,482881.478],[150407.585,482881.764],[150408.537,482882.068],[150409.43,482882.374],[150410.317,482882.698],[150411.196,482883.042],[150412.069,482883.404],[150412.932,482883.785],[150413.739,482884.166],[150414.537,482884.566],[150415.327,482884.981],[150416.113,482885.405],[150416.896,482885.832],[150417.75,482886.305],[150418.597,482886.789],[150419.438,482887.283],[150420.275,482887.785],[150421.108,482888.293],[150421.938,482888.807],[150422.766,482889.323],[150423.593,482889.842],[150424.419,482890.361],[150425.242,482890.88],[150426.063,482891.402],[150426.881,482891.928],[150427.697,482892.458],[150428.511,482892.991],[150429.323,482893.527],[150430.133,482894.066],[150430.942,482894.607],[150431.748,482895.151],[150432.553,482895.698],[150433.357,482896.246],[150433.044,482897.667],[150432.643,482898.114],[150433.024,482896.888],[150432.177,482896.279],[150431.327,482895.675],[150430.472,482895.076],[150429.614,482894.483],[150428.751,482893.896],[150427.885,482893.314],[150427.015,482892.739],[150426.141,482892.169],[150425.264,482891.605],[150424.382,482891.047],[150423.524,482890.509],[150422.664,482889.974],[150421.801,482889.444],[150420.935,482888.92],[150420.065,482888.402],[150419.19,482887.892],[150418.31,482887.392],[150417.424,482886.901],[150416.532,482886.422],[150415.654,482885.959],[150414.773,482885.502],[150413.884,482885.059],[150412.985,482884.64],[150412.03,482884.232],[150411.064,482883.848],[150410.09,482883.487],[150409.109,482883.146],[150408.122,482882.821],[150407.229,482882.538],[150406.333,482882.264],[150405.432,482882.005],[150404.526,482881.763],[150403.616,482881.543],[150402.7,482881.35],[150401.778,482881.187],[150400.731,482881.036],[150399.679,482880.916],[150398.624,482880.829],[150397.566,482880.777],[150396.508,482880.76],[150395.456,482880.776],[150394.404,482880.823],[150393.354,482880.907],[150392.309,482881.03],[150391.271,482881.198],[150390.232,482881.41],[150389.201,482881.661],[150388.18,482881.955],[150387.175,482882.293],[150386.188,482882.68],[150385.439,482883.012],[150384.702,482883.37],[150383.269,482884.165],[150382.161,482884.97],[150382.578,482885.975],[150381.974,482885.962],[150381.213,482884.414]]]},"id":"7f85ff46-9f96-59e3-9786-0e624d88ef9c"},{"type":"Feature","properties":{"bronhouder":"G0034","creation_date":"2023-12-17T23:00:00Z","eind_registratie":null,"fysiek_voorkomen":"groenvoorziening","fysiek_voorkomen_codespace":"http://www.geostandaarden.nl/imgeo/def/2.1#FysiekVoorkomenBegroeidTerrein","in_onderzoek":null,"in_onderzoek_leeg":"geenWaarde","kruinlijn_leeg":"waardeOnbekend","lokaal_id":"G0034.84a6c5c5596e4681b724bd2f99a57e4f","lv_publicatiedatum":"2025-12-03T12:50:42Z","op_talud":"false","op_talud_leeg":null,"plus_fysiek_voorkomen":null,"plus_fysiek_voorkomen_codespace":"http://www.geostandaarden.nl/imgeo/def/2.1#VoidReasonValue","plus_fysiek_voorkomen_leeg":"waardeOnbekend","plus_status":null,"plus_status_codespace":"http://www.geostandaarden.nl/imgeo/def/2.1#VoidReasonValue","plus_status_leeg":"geenWaarde","relatieve_hoogteligging":0,"status":"bestaand","status_codespace":"http://www.geostandaarden.nl/imgeo/def/2.1#Status","status_leeg":null,"termination_date":null,"termination_date_leeg":"geenWaarde","tijdstip_registratie":"2025-12-03T12:05:32Z","version":"9e47b0cf-bf4a-b7a7-496f-726d72a655ac"},"geometry":{"type":"Polygon","coordinates":[[[150423.593,482889.842],[150424.419,482890.361],[150425.242,482890.88],[150426.063,482891.402],[150426.881,482891.928],[150427.697,482892.458],[150428.511,482892.991],[150429.323,482893.527],[150430.133,482894.066],[150430.942,482894.607],[150431.748,482895.151],[150432.553,482895.698],[150433.357,482896.246],[150433.044,482897.667],[150432.86,482897.733],[150433.051,482897.365],[150433.088,482897.141],[150433.024,482896.888],[150432.177,482896.279],[150431.327,482895.675],[150430.472,482895.076],[150429.614,482894.483],[150428.751,482893.896],[150427.885,482893.314],[150427.015,482892.739],[150426.141,482892.169],[150425.264,482891.605],[150424.382,482891.047],[150423.524,482890.509],[150422.664,482889.974],[150421.801,482889.444],[150420.935,482888.92],[150420.065,482888.402],[150419.19,482887.892],[150418.31,482887.392],[150417.424,482886.901],[150416.532,482886.422],[150415.654,482885.959],[150414.773,482885.502],[150413.884,482885.059],[150412.985,482884.64],[150412.03,482884.232],[150411.064,482883.848],[150410.09,482883.487],[150409.109,482883.146],[150408.122,482882.821],[150407.229,482882.538],[150406.333,482882.264],[150405.432,482882.005],[150404.526,482881.763],[150403.616,482881.543],[150402.7,482881.35],[150401.778,482881.187],[150400.731,482881.036],[150399.679,482880.916],[150398.624,482880.829],[150397.566,482880.777],[150396.508,482880.76],[150395.456,482880.776],[150394.404,482880.823],[150393.354,482880.907],[150392.309,482881.03],[150391.271,482881.198],[150390.232,482881.41],[150389.201,482881.661],[150388.18,482881.955],[150387.175,482882.293],[150386.188,482882.68],[150385.439,482883.012],[150384.702,482883.37],[150383.269,482884.165],[150382.354,482884.683],[150382.161,482884.97],[150382.302,482885.43],[150382.613,482885.881],[150381.974,482885.962],[150381.213,482884.414],[150381.535,482884.221],[150383.339,482883.193],[150384.266,482882.726],[150385.21,482882.291],[150386.166,482881.889],[150387.024,482881.559],[150387.89,482881.251],[150388.766,482880.972],[150389.652,482880.725],[150390.546,482880.516],[150391.54,482880.336],[150392.544,482880.205],[150393.554,482880.118],[150394.567,482880.065],[150395.581,482880.04],[150396.594,482880.036],[150397.628,482880.053],[150398.661,482880.098],[150399.693,482880.173],[150400.723,482880.277],[150401.748,482880.41],[150402.734,482880.568],[150403.715,482880.757],[150404.691,482880.972],[150405.662,482881.214],[150406.627,482881.478],[150407.585,482881.764],[150408.537,482882.068],[150409.43,482882.374],[150410.317,482882.698],[150411.196,482883.042],[150412.069,482883.404],[150412.932,482883.785],[150413.739,482884.166],[150414.537,482884.566],[150415.327,482884.981],[150416.113,482885.405],[150416.896,482885.832],[150417.75,482886.305],[150418.597,482886.789],[150419.438,482887.283],[150420.275,482887.785],[150421.108,482888.293],[150421.938,482888.807],[150422.766,482889.323],[150423.593,482889.842]]]},"id":"4c42310a-25cf-5202-87c7-78dcf13d6394"},{"type":"Feature","properties":{"bronhouder":"G0034","creation_date":"2023-12-17T23:00:00Z","eind_registratie":"2025-12-03T12:05:32Z","fysiek_voorkomen":"groenvoorziening","fysiek_voorkomen_codespace":"http://www.geostandaarden.nl/imgeo/def/2.1#FysiekVoorkomenBegroeidTerrein","in_onderzoek":null,"in_onderzoek_leeg":"geenWaarde","kruinlijn_leeg":"waardeOnbekend","lokaal_id":"G0034.84f6674b1d0d4a5bb7f799da21adec87","lv_publicatiedatum":"2023-12-18T11:54:14Z","op_talud":"false","op_talud_leeg":null,"plus_fysiek_voorkomen":null,"plus_fysiek_voorkomen_codespace":"http://www.geostandaarden.nl/imgeo/def/2.1#VoidReasonValue","plus_fysiek_voorkomen_leeg":"waardeOnbekend","plus_status":null,"plus_status_codespace":"http://www.geostandaarden.nl/imgeo/def/2.1#VoidReasonValue","plus_status_leeg":"geenWaarde","relatieve_hoogteligging":0,"status":"bestaand","status_codespace":"http://www.geostandaarden.nl/imgeo/def/2.1#Status","status_leeg":null,"termination_date":null,"termination_date_leeg":"geenWaarde","tijdstip_registratie":"2023-12-18T10:56:15Z","version":"87548d63-6939-51f1-7edd-cbb2f0b758f9"},"geometry":{"type":"Polygon","coordinates":[[[150373.404,482883.77],[150372.94,482884.09],[150372.479,482884.413],[150372.022,482884.743],[150371.572,482885.081],[150371.131,482885.431],[150370.712,482885.783],[150370.302,482886.145],[150369.898,482886.513],[150369.497,482886.885],[150369.11,482887.252],[150368.729,482887.624],[150368.352,482888.001],[150367.977,482888.381],[150367.604,482888.762],[150367.23,482889.143],[150366.822,482889.559],[150366.416,482889.977],[150366.012,482890.396],[150365.608,482890.817],[150365.207,482891.239],[150364.806,482891.663],[150363.954,482891.375],[150362.717,482890.746],[150361.925,482890.177],[150361.886,482890.147],[150361.786,482890.059],[150361.698,482889.959],[150361.622,482889.849],[150361.56,482889.731],[150361.512,482889.606],[150361.48,482889.476],[150361.464,482889.344],[150361.463,482889.21],[150361.468,482889.113],[150361.549,482887.654],[150361.882,482888.699],[150362.667,482889.417],[150365.443,482886.795],[150368.523,482883.951],[150369.756,482882.798],[150368.887,482881.951],[150369.131,482880.844],[150373.404,482883.77]]]},"id":"0871f057-4c05-5203-be83-eddfa8dddb82"},{"type":"Feature","properties":{"bronhouder":"G0034","creation_date":"2023-12-17T23:00:00Z","eind_registratie":null,"fysiek_voorkomen":"groenvoorziening","fysiek_voorkomen_codespace":"http://www.geostandaarden.nl/imgeo/def/2.1#FysiekVoorkomenBegroeidTerrein","in_onderzoek":null,"in_onderzoek_leeg":"geenWaarde","kruinlijn_leeg":"waardeOnbekend","lokaal_id":"G0034.84f6674b1d0d4a5bb7f799da21adec87","lv_publicatiedatum":"2025-12-03T12:50:42Z","op_talud":"false","op_talud_leeg":null,"plus_fysiek_voorkomen":null,"plus_fysiek_voorkomen_codespace":"http://www.geostandaarden.nl/imgeo/def/2.1#VoidReasonValue","plus_fysiek_voorkomen_leeg":"waardeOnbekend","plus_status":null,"plus_status_codespace":"http://www.geostandaarden.nl/imgeo/def/2.1#VoidReasonValue","plus_status_leeg":"geenWaarde","relatieve_hoogteligging":0,"status":"bestaand","status_codespace":"http://www.geostandaarden.nl/imgeo/def/2.1#Status","status_leeg":null,"termination_date":null,"termination_date_leeg":"geenWaarde","tijdstip_registratie":"2025-12-03T12:05:32Z","version":"2340a496-5645-cc28-a6dc-2e2a66a4363c"},"geometry":{"type":"Polygon","coordinates":[[[150369.497,482886.885],[150369.11,482887.252],[150368.729,482887.624],[150368.352,482888.001],[150367.977,482888.381],[150367.604,482888.762],[150367.23,482889.143],[150366.822,482889.559],[150366.416,482889.977],[150366.012,482890.396],[150365.608,482890.817],[150365.207,482891.239],[150364.806,482891.663],[150363.954,482891.375],[150362.717,482890.746],[150361.925,482890.177],[150361.886,482890.147],[150361.786,482890.059],[150361.698,482889.959],[150361.622,482889.849],[150361.56,482889.731],[150361.512,482889.606],[150361.48,482889.476],[150361.464,482889.344],[150361.463,482889.21],[150361.468,482889.113],[150361.549,482887.654],[150361.938,482888.719],[150362.125,482889.092],[150362.441,482889.279],[150362.789,482889.29],[150365.443,482886.795],[150368.523,482883.951],[150369.501,482883.147],[150369.53,482882.52],[150369.277,482882.233],[150368.771,482881.963],[150369.131,482880.844],[150373.404,482883.77],[150372.94,482884.09],[150372.479,482884.413],[150372.022,482884.743],[150371.572,482885.081],[150371.131,482885.431],[150370.712,482885.783],[150370.302,482886.145],[150369.898,482886.513],[150369.497,482886.885]]]},"id":"1049560a-7d63-518a-8ad9-ddfb38d2cbbf"},{"type":"Feature","properties":{"bronhouder":"G0034","creation_date":"2023-12-17T23:00:00Z","eind_registratie":"2025-12-03T12:05:32Z","fysiek_voorkomen":"groenvoorziening","fysiek_voorkomen_codespace":"http://www.geostandaarden.nl/imgeo/def/2.1#FysiekVoorkomenBegroeidTerrein","in_onderzoek":null,"in_onderzoek_leeg":"geenWaarde","kruinlijn_leeg":"waardeOnbekend","lokaal_id":"G0034.95d763a5a7f64477bfaa1f3d83507af6","lv_publicatiedatum":"2023-12-18T11:54:14Z","op_talud":"false","op_talud_leeg":null,"plus_fysiek_voorkomen":null,"plus_fysiek_voorkomen_codespace":"http://www.geostandaarden.nl/imgeo/def/2.1#VoidReasonValue","plus_fysiek_voorkomen_leeg":"waardeOnbekend","plus_status":null,"plus_status_codespace":"http://www.geostandaarden.nl/imgeo/def/2.1#VoidReasonValue","plus_status_leeg":"geenWaarde","relatieve_hoogteligging":0,"status":"bestaand","status_codespace":"http://www.geostandaarden.nl/imgeo/def/2.1#Status","status_leeg":null,"termination_date":null,"termination_date_leeg":"geenWaarde","tijdstip_registratie":"2023-12-18T10:56:17Z","version":"43d4fd72-dd6c-915b-1dfb-7fa1beedad75"},"geometry":{"type":"Polygon","coordinates":[[[150389.359,483011.673],[150389.158,483012.985],[150388.919,483014.293],[150388.639,483015.594],[150388.318,483016.885],[150387.955,483018.164],[150387.549,483019.429],[150387.097,483020.677],[150386.608,483021.873],[150386.071,483023.049],[150385.494,483024.208],[150384.887,483025.352],[150384.258,483026.484],[150383.616,483027.608],[150382.941,483028.752],[150382.244,483029.884],[150381.525,483031.002],[150380.022,483033.193],[150373.458,483042.868],[150369.269,483049.004],[150368.783,483048.844],[150367.229,483048.282],[150368.416,483046.941],[150369.284,483047.689],[150372.155,483043.519],[150379.169,483033.255],[150380.276,483031.688],[150380.812,483030.892],[150381.336,483030.087],[150381.847,483029.275],[150382.346,483028.455],[150382.831,483027.628],[150383.325,483026.766],[150383.812,483025.899],[150384.288,483025.025],[150384.75,483024.144],[150385.195,483023.255],[150385.619,483022.356],[150386.019,483021.448],[150386.391,483020.529],[150386.732,483019.597],[150387.052,483018.628],[150387.346,483017.65],[150387.614,483016.664],[150387.854,483015.672],[150388.067,483014.673],[150388.241,483012.411],[150387.356,483012.208],[150387.018,483010.989],[150389.359,483011.673]],[[150388.608,483011.569],[150388.103,483011.413],[150387.944,483011.929],[150388.449,483012.085],[150388.608,483011.569]]]},"id":"ac02128c-7ca1-57bc-b86c-d6d784262098"},{"type":"Feature","properties":{"bronhouder":"G0034","creation_date":"2023-12-17T23:00:00Z","eind_registratie":null,"fysiek_voorkomen":"groenvoorziening","fysiek_voorkomen_codespace":"http://www.geostandaarden.nl/imgeo/def/2.1#FysiekVoorkomenBegroeidTerrein","in_onderzoek":null,"in_onderzoek_leeg":"geenWaarde","kruinlijn_leeg":"waardeOnbekend","lokaal_id":"G0034.95d763a5a7f64477bfaa1f3d83507af6","lv_publicatiedatum":"2025-12-03T12:50:42Z","op_talud":"false","op_talud_leeg":null,"plus_fysiek_voorkomen":null,"plus_fysiek_voorkomen_codespace":"http://www.geostandaarden.nl/imgeo/def/2.1#VoidReasonValue","plus_fysiek_voorkomen_leeg":"waardeOnbekend","plus_status":null,"plus_status_codespace":"http://www.geostandaarden.nl/imgeo/def/2.1#VoidReasonValue","plus_status_leeg":"geenWaarde","relatieve_hoogteligging":0,"status":"bestaand","status_codespace":"http://www.geostandaarden.nl/imgeo/def/2.1#Status","status_leeg":null,"termination_date":null,"termination_date_leeg":"geenWaarde","tijdstip_registratie":"2025-12-03T12:05:32Z","version":"bc96c942-dc91-b671-d577-d7dac22de54a"},"geometry":{"type":"Polygon","coordinates":[[[150373.458,483042.868],[150369.269,483049.004],[150368.783,483048.844],[150367.229,483048.282],[150368.416,483046.941],[150369.284,483047.689],[150372.155,483043.519],[150379.169,483033.255],[150380.276,483031.688],[150380.812,483030.892],[150381.336,483030.087],[150381.847,483029.275],[150382.346,483028.455],[150382.831,483027.628],[150383.325,483026.766],[150383.812,483025.899],[150384.288,483025.025],[150384.75,483024.144],[150385.195,483023.255],[150385.619,483022.356],[150386.019,483021.448],[150386.391,483020.529],[150386.732,483019.597],[150387.052,483018.628],[150387.346,483017.65],[150387.614,483016.664],[150387.854,483015.672],[150388.067,483014.673],[150388.165,483013.584],[150387.906,483013.222],[150387.573,483013.165],[150387.079,483013.4],[150387.018,483010.989],[150389.359,483011.673],[150389.158,483012.985],[150388.919,483014.293],[150388.639,483015.594],[150388.318,483016.885],[150387.955,483018.164],[150387.549,483019.429],[150387.097,483020.677],[150386.608,483021.873],[150386.071,483023.049],[150385.494,483024.208],[150384.887,483025.352],[150384.258,483026.484],[150383.616,483027.608],[150382.941,483028.752],[150382.244,483029.884],[150381.525,483031.002],[150380.022,483033.193],[150373.458,483042.868]],[[150388.449,483012.085],[150388.608,483011.569],[150388.103,483011.413],[150387.944,483011.929],[150388.449,483012.085]]]},"id":"fe56c8e8-594d-526f-a3c4-6db063995d2d"},{"type":"Feature","properties":{"bronhouder":"G0034","creation_date":"2023-12-17T23:00:00Z","eind_registratie":"2025-12-03T12:05:32Z","fysiek_voorkomen":"groenvoorziening","fysiek_voorkomen_codespace":"http://www.geostandaarden.nl/imgeo/def/2.1#FysiekVoorkomenBegroeidTerrein","in_onderzoek":null,"in_onderzoek_leeg":"geenWaarde","kruinlijn_leeg":"waardeOnbekend","lokaal_id":"G0034.c0d5b846684a41af86ca8d5e4c1c0667","lv_publicatiedatum":"2023-12-18T11:54:14Z","op_talud":"false","op_talud_leeg":null,"plus_fysiek_voorkomen":null,"plus_fysiek_voorkomen_codespace":"http://www.geostandaarden.nl/imgeo/def/2.1#VoidReasonValue","plus_fysiek_voorkomen_leeg":"waardeOnbekend","plus_status":null,"plus_status_codespace":"http://www.geostandaarden.nl/imgeo/def/2.1#VoidReasonValue","plus_status_leeg":"geenWaarde","relatieve_hoogteligging":0,"status":"bestaand","status_codespace":"http://www.geostandaarden.nl/imgeo/def/2.1#Status","status_leeg":null,"termination_date":null,"termination_date_leeg":"geenWaarde","tijdstip_registratie":"2023-12-18T10:56:15Z","version":"8554bab8-5ebc-4e9f-8eb8-22909a0e96a0"},"geometry":{"type":"Polygon","coordinates":[[[150414.053,482826.593],[150409.177,482833.484],[150406.47,482836.472],[150406.21,482836.844],[150405.859,482836.616],[150403.946,482836.024],[150403.858,482835.996],[150403.831,482835.988],[150403.727,482835.943],[150403.631,482835.884],[150403.544,482835.812],[150403.468,482835.729],[150403.404,482835.635],[150403.354,482835.534],[150402.973,482834.596],[150403.454,482834.394],[150403.765,482835.784],[150407.419,482834.641],[150408.708,482833.173],[150412.816,482827.72],[150412.894,482825.73],[150414.053,482826.593]]]},"id":"b1f98ab8-6ec4-5a06-b620-83e74e490189"},{"type":"Feature","properties":{"bronhouder":"G0034","creation_date":"2023-12-17T23:00:00Z","eind_registratie":null,"fysiek_voorkomen":"groenvoorziening","fysiek_voorkomen_codespace":"http://www.geostandaarden.nl/imgeo/def/2.1#FysiekVoorkomenBegroeidTerrein","in_onderzoek":null,"in_onderzoek_leeg":"geenWaarde","kruinlijn_leeg":"waardeOnbekend","lokaal_id":"G0034.c0d5b846684a41af86ca8d5e4c1c0667","lv_publicatiedatum":"2025-12-03T12:50:42Z","op_talud":"false","op_talud_leeg":null,"plus_fysiek_voorkomen":null,"plus_fysiek_voorkomen_codespace":"http://www.geostandaarden.nl/imgeo/def/2.1#VoidReasonValue","plus_fysiek_voorkomen_leeg":"waardeOnbekend","plus_status":null,"plus_status_codespace":"http://www.geostandaarden.nl/imgeo/def/2.1#VoidReasonValue","plus_status_leeg":"geenWaarde","relatieve_hoogteligging":0,"status":"bestaand","status_codespace":"http://www.geostandaarden.nl/imgeo/def/2.1#Status","status_leeg":null,"termination_date":null,"termination_date_leeg":"geenWaarde","tijdstip_registratie":"2025-12-03T12:05:32Z","version":"5f7655e4-54e9-43cd-5b09-599f7f7a1b8b"},"geometry":{"type":"Polygon","coordinates":[[[150406.47,482836.472],[150406.21,482836.844],[150405.859,482836.616],[150403.946,482836.024],[150405.355,482835.65],[150406.5,482835.132],[150407.89,482834.124],[150409.28,482832.734],[150411.051,482830.172],[150412.277,482828.401],[150412.768,482827.447],[150412.894,482825.73],[150414.053,482826.593],[150409.177,482833.484],[150406.47,482836.472]]]},"id":"ea98239e-123d-5d43-8ea3-0497c8b01535"},{"type":"Feature","properties":{"bronhouder":"G0034","creation_date":"2023-12-17T23:00:00Z","eind_registratie":"2025-12-03T12:05:32Z","fysiek_voorkomen":"groenvoorziening","fysiek_voorkomen_codespace":"http://www.geostandaarden.nl/imgeo/def/2.1#FysiekVoorkomenBegroeidTerrein","in_onderzoek":null,"in_onderzoek_leeg":"geenWaarde","kruinlijn_leeg":"waardeOnbekend","lokaal_id":"G0034.c55904717d9040c6a1134c5751c3d715","lv_publicatiedatum":"2023-12-18T11:54:14Z","op_talud":"false","op_talud_leeg":null,"plus_fysiek_voorkomen":null,"plus_fysiek_voorkomen_codespace":"http://www.geostandaarden.nl/imgeo/def/2.1#VoidReasonValue","plus_fysiek_voorkomen_leeg":"waardeOnbekend","plus_status":null,"plus_status_codespace":"http://www.geostandaarden.nl/imgeo/def/2.1#VoidReasonValue","plus_status_leeg":"geenWaarde","relatieve_hoogteligging":0,"status":"bestaand","status_codespace":"http://www.geostandaarden.nl/imgeo/def/2.1#Status","status_leeg":null,"termination_date":null,"termination_date_leeg":"geenWaarde","tijdstip_registratie":"2023-12-18T10:56:18Z","version":"0a93040f-a424-9e3e-8820-b42a9ba9155e"},"geometry":{"type":"Polygon","coordinates":[[[150303.202,482957.046],[150302.739,482957.633],[150302.277,482958.222],[150301.817,482958.812],[150301.358,482959.403],[150300.901,482959.996],[150300.417,482960.624],[150299.935,482961.254],[150299.455,482961.885],[150298.977,482962.518],[150298.503,482963.153],[150296.569,482962.644],[150294.448,482961.081],[150294.994,482960.845],[150296.187,482961.612],[150301.028,482955.389],[150299.895,482954.461],[150300.28,482954.433],[150301.46,482955.259],[150303.202,482957.046]]]},"id":"0dfb219e-6fec-518f-bf57-d2ac17239322"},{"type":"Feature","properties":{"bronhouder":"G0034","creation_date":"2023-12-17T23:00:00Z","eind_registratie":null,"fysiek_voorkomen":"groenvoorziening","fysiek_voorkomen_codespace":"http://www.geostandaarden.nl/imgeo/def/2.1#FysiekVoorkomenBegroeidTerrein","in_onderzoek":null,"in_onderzoek_leeg":"geenWaarde","kruinlijn_leeg":"waardeOnbekend","lokaal_id":"G0034.c55904717d9040c6a1134c5751c3d715","lv_publicatiedatum":"2025-12-03T12:50:42Z","op_talud":"false","op_talud_leeg":null,"plus_fysiek_voorkomen":null,"plus_fysiek_voorkomen_codespace":"http://www.geostandaarden.nl/imgeo/def/2.1#VoidReasonValue","plus_fysiek_voorkomen_leeg":"waardeOnbekend","plus_status":null,"plus_status_codespace":"http://www.geostandaarden.nl/imgeo/def/2.1#VoidReasonValue","plus_status_leeg":"geenWaarde","relatieve_hoogteligging":0,"status":"bestaand","status_codespace":"http://www.geostandaarden.nl/imgeo/def/2.1#Status","status_leeg":null,"termination_date":null,"termination_date_leeg":"geenWaarde","tijdstip_registratie":"2025-12-03T12:05:32Z","version":"2ba6a984-15c3-179f-b9ce-88f488964a1c"},"geometry":{"type":"Polygon","coordinates":[[[150300.901,482959.996],[150300.417,482960.624],[150299.935,482961.254],[150299.455,482961.885],[150298.977,482962.518],[150298.503,482963.153],[150296.569,482962.644],[150294.448,482961.081],[150294.994,482960.845],[150295.559,482961.351],[150296.007,482961.5],[150296.254,482961.454],[150300.915,482955.305],[150299.895,482954.461],[150300.28,482954.433],[150301.46,482955.259],[150303.202,482957.046],[150302.739,482957.633],[150302.277,482958.222],[150301.817,482958.812],[150301.358,482959.403],[150300.901,482959.996]]]},"id":"1b487960-52c5-53a0-ab84-b8e1d79f8ab9"},{"type":"Feature","properties":{"bronhouder":"G0034","creation_date":"2023-12-17T23:00:00Z","eind_registratie":"2025-12-03T12:05:32Z","fysiek_voorkomen":"groenvoorziening","fysiek_voorkomen_codespace":"http://www.geostandaarden.nl/imgeo/def/2.1#FysiekVoorkomenBegroeidTerrein","in_onderzoek":null,"in_onderzoek_leeg":"geenWaarde","kruinlijn_leeg":"waardeOnbekend","lokaal_id":"G0034.c6509a99357342249669f4be26986258","lv_publicatiedatum":"2023-12-18T11:54:14Z","op_talud":"false","op_talud_leeg":null,"plus_fysiek_voorkomen":null,"plus_fysiek_voorkomen_codespace":"http://www.geostandaarden.nl/imgeo/def/2.1#VoidReasonValue","plus_fysiek_voorkomen_leeg":"waardeOnbekend","plus_status":null,"plus_status_codespace":"http://www.geostandaarden.nl/imgeo/def/2.1#VoidReasonValue","plus_status_leeg":"geenWaarde","relatieve_hoogteligging":0,"status":"bestaand","status_codespace":"http://www.geostandaarden.nl/imgeo/def/2.1#Status","status_leeg":null,"termination_date":null,"termination_date_leeg":"geenWaarde","tijdstip_registratie":"2023-12-18T10:56:18Z","version":"f1a94ae7-fe28-51bd-4a34-92cf9b5717c9"},"geometry":{"type":"Polygon","coordinates":[[[150360.91,482896.014],[150360.591,482896.415],[150360.277,482896.819],[150359.968,482897.228],[150359.665,482897.641],[150359.37,482898.059],[150359.082,482898.482],[150358.778,482898.949],[150358.483,482899.421],[150358.198,482899.9],[150357.92,482900.383],[150357.652,482900.872],[150357.391,482901.365],[150357.138,482901.861],[150356.892,482902.361],[150356.654,482902.865],[150356.42,482903.375],[150356.195,482903.89],[150355.978,482904.408],[150355.769,482904.93],[150355.568,482905.455],[150355.376,482905.983],[150355.192,482906.514],[150355.016,482907.048],[150354.848,482907.584],[150352.779,482913.514],[150352.618,482913.957],[150352.535,482914.177],[150352.45,482914.397],[150352.364,482914.616],[150352.275,482914.835],[150352.181,482915.063],[150352.084,482915.291],[150351.986,482915.518],[150351.886,482915.744],[150351.784,482915.97],[150351.68,482916.194],[150351.574,482916.418],[150348.681,482916.321],[150347.18,482915.274],[150347.804,482914.91],[150348.853,482915.263],[150350.235,482911.955],[150352.169,482906.322],[150352.359,482905.733],[150352.555,482905.146],[150352.76,482904.562],[150352.972,482903.98],[150353.191,482903.401],[150353.418,482902.825],[150353.652,482902.252],[150353.893,482901.683],[150354.17,482901.052],[150354.457,482900.425],[150354.752,482899.802],[150355.056,482899.184],[150355.37,482898.57],[150355.691,482897.96],[150356.361,482896.756],[150358.342,482894.175],[150357.322,482893.521],[150357.86,482892.658],[150359.86,482894.137],[150360.91,482896.014]]]},"id":"dec55994-38a5-5278-9f78-a34c7cd42a5a"},{"type":"Feature","properties":{"bronhouder":"G0034","creation_date":"2023-12-17T23:00:00Z","eind_registratie":null,"fysiek_voorkomen":"groenvoorziening","fysiek_voorkomen_codespace":"http://www.geostandaarden.nl/imgeo/def/2.1#FysiekVoorkomenBegroeidTerrein","in_onderzoek":null,"in_onderzoek_leeg":"geenWaarde","kruinlijn_leeg":"waardeOnbekend","lokaal_id":"G0034.c6509a99357342249669f4be26986258","lv_publicatiedatum":"2025-12-03T12:50:42Z","op_talud":"false","op_talud_leeg":null,"plus_fysiek_voorkomen":null,"plus_fysiek_voorkomen_codespace":"http://www.geostandaarden.nl/imgeo/def/2.1#VoidReasonValue","plus_fysiek_voorkomen_leeg":"waardeOnbekend","plus_status":null,"plus_status_codespace":"http://www.geostandaarden.nl/imgeo/def/2.1#VoidReasonValue","plus_status_leeg":"geenWaarde","relatieve_hoogteligging":0,"status":"bestaand","status_codespace":"http://www.geostandaarden.nl/imgeo/def/2.1#Status","status_leeg":null,"termination_date":null,"termination_date_leeg":"geenWaarde","tijdstip_registratie":"2025-12-03T12:05:32Z","version":"9f5aaa4f-2f62-c868-3f03-b5c0e9902d15"},"geometry":{"type":"Polygon","coordinates":[[[150355.568,482905.455],[150355.376,482905.983],[150355.192,482906.514],[150355.016,482907.048],[150354.848,482907.584],[150352.779,482913.514],[150352.618,482913.957],[150352.535,482914.177],[150352.45,482914.397],[150352.364,482914.616],[150352.275,482914.835],[150352.181,482915.063],[150352.084,482915.291],[150351.986,482915.518],[150351.886,482915.744],[150351.784,482915.97],[150351.68,482916.194],[150351.574,482916.418],[150348.681,482916.321],[150347.18,482915.274],[150347.804,482914.91],[150348.853,482915.263],[150350.235,482911.955],[150352.169,482906.322],[150352.359,482905.733],[150352.555,482905.146],[150352.76,482904.562],[150352.972,482903.98],[150353.191,482903.401],[150353.418,482902.825],[150353.652,482902.252],[150353.893,482901.683],[150354.17,482901.052],[150354.457,482900.425],[150354.752,482899.802],[150355.056,482899.184],[150355.37,482898.57],[150355.691,482897.96],[150356.361,482896.756],[150357.26,482895.44],[150358.342,482894.175],[150358.191,482893.796],[150357.84,482893.555],[150357.375,482893.434],[150357.86,482892.658],[150359.86,482894.137],[150360.91,482896.014],[150360.591,482896.415],[150360.277,482896.819],[150359.968,482897.228],[150359.665,482897.641],[150359.37,482898.059],[150359.082,482898.482],[150358.778,482898.949],[150358.483,482899.421],[150358.198,482899.9],[150357.92,482900.383],[150357.652,482900.872],[150357.391,482901.365],[150357.138,482901.861],[150356.892,482902.361],[150356.654,482902.865],[150356.42,482903.375],[150356.195,482903.89],[150355.978,482904.408],[150355.769,482904.93],[150355.568,482905.455]]]},"id":"3a65282a-96d6-5cce-9dd8-7093a1ebadc2"},{"type":"Feature","properties":{"bronhouder":"G0034","creation_date":"2023-12-17T23:00:00Z","eind_registratie":"2025-12-03T12:05:32Z","fysiek_voorkomen":"groenvoorziening","fysiek_voorkomen_codespace":"http://www.geostandaarden.nl/imgeo/def/2.1#FysiekVoorkomenBegroeidTerrein","in_onderzoek":null,"in_onderzoek_leeg":"geenWaarde","kruinlijn_leeg":"waardeOnbekend","lokaal_id":"G0034.ceffb05aa58f447494a4929b2dc507df","lv_publicatiedatum":"2023-12-18T11:54:14Z","op_talud":"false","op_talud_leeg":null,"plus_fysiek_voorkomen":null,"plus_fysiek_voorkomen_codespace":"http://www.geostandaarden.nl/imgeo/def/2.1#VoidReasonValue","plus_fysiek_voorkomen_leeg":"waardeOnbekend","plus_status":null,"plus_status_codespace":"http://www.geostandaarden.nl/imgeo/def/2.1#VoidReasonValue","plus_status_leeg":"geenWaarde","relatieve_hoogteligging":0,"status":"bestaand","status_codespace":"http://www.geostandaarden.nl/imgeo/def/2.1#Status","status_leeg":null,"termination_date":null,"termination_date_leeg":"geenWaarde","tijdstip_registratie":"2023-12-18T10:56:16Z","version":"b48f87c9-6f34-77fb-9b0e-fcd2587422b0"},"geometry":{"type":"Polygon","coordinates":[[[150463.137,482907.393],[150462.438,482908.485],[150487.277,482926.857],[150488.15,482925.65],[150489.132,482925.886],[150487.343,482928.42],[150486.387,482929.726],[150485.761,482929.278],[150485.135,482928.83],[150484.509,482928.382],[150483.884,482927.932],[150483.261,482927.48],[150482.588,482926.987],[150481.917,482926.492],[150481.247,482925.994],[150480.579,482925.495],[150479.913,482924.993],[150460.758,482910.64],[150463.212,482907.061],[150463.137,482907.393]],[[150487.802,482927.656],[150488.112,482927.204],[150487.675,482926.904],[150487.365,482927.355],[150487.802,482927.656]]]},"id":"028bd9df-1516-54fc-b6fe-e09f396a5736"},{"type":"Feature","properties":{"bronhouder":"G0034","creation_date":"2023-12-17T23:00:00Z","eind_registratie":null,"fysiek_voorkomen":"groenvoorziening","fysiek_voorkomen_codespace":"http://www.geostandaarden.nl/imgeo/def/2.1#FysiekVoorkomenBegroeidTerrein","in_onderzoek":null,"in_onderzoek_leeg":"geenWaarde","kruinlijn_leeg":"waardeOnbekend","lokaal_id":"G0034.ceffb05aa58f447494a4929b2dc507df","lv_publicatiedatum":"2025-12-03T12:50:42Z","op_talud":"false","op_talud_leeg":null,"plus_fysiek_voorkomen":null,"plus_fysiek_voorkomen_codespace":"http://www.geostandaarden.nl/imgeo/def/2.1#VoidReasonValue","plus_fysiek_voorkomen_leeg":"waardeOnbekend","plus_status":null,"plus_status_codespace":"http://www.geostandaarden.nl/imgeo/def/2.1#VoidReasonValue","plus_status_leeg":"geenWaarde","relatieve_hoogteligging":0,"status":"bestaand","status_codespace":"http://www.geostandaarden.nl/imgeo/def/2.1#Status","status_leeg":null,"termination_date":null,"termination_date_leeg":"geenWaarde","tijdstip_registratie":"2025-12-03T12:05:32Z","version":"3dcb73b8-3285-c393-79cf-df2f60bfe0c5"},"geometry":{"type":"Polygon","coordinates":[[[150486.564,482926.469],[150486.92,482926.725],[150487.282,482926.82],[150487.676,482926.642],[150487.932,482926.383],[150488.064,482926.05],[150488.15,482925.65],[150489.132,482925.886],[150487.343,482928.42],[150486.387,482929.726],[150485.761,482929.278],[150485.135,482928.83],[150484.509,482928.382],[150483.884,482927.932],[150483.261,482927.48],[150482.588,482926.987],[150481.917,482926.492],[150481.247,482925.994],[150480.579,482925.495],[150479.913,482924.993],[150460.758,482910.64],[150463.212,482907.061],[150463.538,482907.63],[150463.154,482907.637],[150462.863,482907.874],[150462.703,482908.201],[150462.666,482908.494],[150462.789,482908.695],[150486.564,482926.469]],[[150487.365,482927.355],[150487.802,482927.656],[150488.112,482927.204],[150487.675,482926.904],[150487.365,482927.355]]]},"id":"ee9f94b6-f1ca-58dd-8f36-6c988446db1a"},{"type":"Feature","properties":{"bronhouder":"G0034","creation_date":"2023-12-17T23:00:00Z","eind_registratie":"2025-12-03T12:05:32Z","fysiek_voorkomen":"groenvoorziening","fysiek_voorkomen_codespace":"http://www.geostandaarden.nl/imgeo/def/2.1#FysiekVoorkomenBegroeidTerrein","in_onderzoek":null,"in_onderzoek_leeg":"geenWaarde","kruinlijn_leeg":"waardeOnbekend","lokaal_id":"G0034.cfa2e13d003c4579ad0d93614e66c11b","lv_publicatiedatum":"2023-12-18T11:54:14Z","op_talud":"false","op_talud_leeg":null,"plus_fysiek_voorkomen":null,"plus_fysiek_voorkomen_codespace":"http://www.geostandaarden.nl/imgeo/def/2.1#VoidReasonValue","plus_fysiek_voorkomen_leeg":"waardeOnbekend","plus_status":null,"plus_status_codespace":"http://www.geostandaarden.nl/imgeo/def/2.1#VoidReasonValue","plus_status_leeg":"geenWaarde","relatieve_hoogteligging":0,"status":"bestaand","status_codespace":"http://www.geostandaarden.nl/imgeo/def/2.1#Status","status_leeg":null,"termination_date":null,"termination_date_leeg":"geenWaarde","tijdstip_registratie":"2023-12-18T10:56:19Z","version":"159d1df3-2b83-d567-5d4a-4f0c0adf150f"},"geometry":{"type":"Polygon","coordinates":[[[150337.742,482925.787],[150337.062,482926.032],[150336.395,482926.311],[150335.737,482926.616],[150335.087,482926.936],[150334.44,482927.261],[150333.818,482927.583],[150333.202,482927.918],[150332.593,482928.264],[150331.989,482928.62],[150331.389,482928.982],[150330.792,482929.35],[150330.142,482929.759],[150329.498,482930.178],[150328.859,482930.606],[150328.226,482931.043],[150327.598,482931.487],[150326.976,482931.94],[150326.36,482932.401],[150325.749,482932.869],[150325.145,482933.345],[150324.546,482933.828],[150323.953,482934.317],[150323.365,482934.813],[150322.784,482935.316],[150322.185,482935.851],[150321.596,482936.397],[150321.017,482936.954],[150320.446,482937.519],[150319.882,482938.091],[150319.324,482938.67],[150318.77,482939.253],[150318.22,482939.839],[150317.671,482940.428],[150317.124,482941.017],[150316.575,482941.605],[150316.026,482942.191],[150315.502,482942.748],[150314.981,482943.307],[150314.461,482943.867],[150313.944,482944.43],[150313.428,482944.994],[150312.914,482945.559],[150312.402,482946.127],[150311.891,482946.696],[150311.383,482947.267],[150310.877,482947.839],[150310.372,482948.414],[150309.87,482948.989],[150309.369,482949.567],[150308.87,482950.146],[150308.373,482950.727],[150307.879,482951.31],[150307.386,482951.894],[150306.895,482952.479],[150306.252,482953.265],[150303.545,482952.397],[150304.397,482951.016],[150302.954,482950.011],[150303.493,482949.902],[150304.773,482950.773],[150305.992,482949.328],[150313.426,482940.967],[150321.78,482932.852],[150328.308,482927.526],[150331.693,482925.359],[150333.607,482924.343],[150332.938,482923.148],[150333.216,482922.734],[150337.742,482925.787]]]},"id":"2e1e4883-fd1e-5fd4-be49-61116d3aa573"},{"type":"Feature","properties":{"bronhouder":"G0034","creation_date":"2023-12-17T23:00:00Z","eind_registratie":null,"fysiek_voorkomen":"groenvoorziening","fysiek_voorkomen_codespace":"http://www.geostandaarden.nl/imgeo/def/2.1#FysiekVoorkomenBegroeidTerrein","in_onderzoek":null,"in_onderzoek_leeg":"geenWaarde","kruinlijn_leeg":"waardeOnbekend","lokaal_id":"G0034.cfa2e13d003c4579ad0d93614e66c11b","lv_publicatiedatum":"2025-12-03T12:50:42Z","op_talud":"false","op_talud_leeg":null,"plus_fysiek_voorkomen":null,"plus_fysiek_voorkomen_codespace":"http://www.geostandaarden.nl/imgeo/def/2.1#VoidReasonValue","plus_fysiek_voorkomen_leeg":"waardeOnbekend","plus_status":null,"plus_status_codespace":"http://www.geostandaarden.nl/imgeo/def/2.1#VoidReasonValue","plus_status_leeg":"geenWaarde","relatieve_hoogteligging":0,"status":"bestaand","status_codespace":"http://www.geostandaarden.nl/imgeo/def/2.1#Status","status_leeg":null,"termination_date":null,"termination_date_leeg":"geenWaarde","tijdstip_registratie":"2025-12-03T12:05:32Z","version":"31e305b5-5555-fca4-c301-6f8996f857bf"},"geometry":{"type":"Polygon","coordinates":[[[150312.402,482946.127],[150311.891,482946.696],[150311.383,482947.267],[150310.877,482947.839],[150310.372,482948.414],[150309.87,482948.989],[150309.369,482949.567],[150308.87,482950.146],[150308.373,482950.727],[150307.879,482951.31],[150307.386,482951.894],[150306.895,482952.479],[150306.252,482953.265],[150303.545,482952.397],[150304.397,482951.016],[150302.954,482950.011],[150303.493,482949.902],[150304.773,482950.773],[150305.992,482949.328],[150313.36,482940.923],[150321.78,482932.852],[150328.308,482927.526],[150331.693,482925.359],[150333.306,482924.598],[150333.587,482924.236],[150333.458,482923.762],[150333.165,482923.382],[150332.938,482923.148],[150333.216,482922.734],[150337.742,482925.787],[150337.062,482926.032],[150336.395,482926.311],[150335.737,482926.616],[150335.087,482926.936],[150334.44,482927.261],[150333.818,482927.583],[150333.202,482927.918],[150332.593,482928.264],[150331.989,482928.62],[150331.389,482928.982],[150330.792,482929.35],[150330.142,482929.759],[150329.498,482930.178],[150328.859,482930.606],[150328.226,482931.043],[150327.598,482931.487],[150326.976,482931.94],[150326.36,482932.401],[150325.749,482932.869],[150325.145,482933.345],[150324.546,482933.828],[150323.953,482934.317],[150323.365,482934.813],[150322.784,482935.316],[150322.185,482935.851],[150321.596,482936.397],[150321.017,482936.954],[150320.446,482937.519],[150319.882,482938.091],[150319.324,482938.67],[150318.77,482939.253],[150318.22,482939.839],[150317.671,482940.428],[150317.124,482941.017],[150316.575,482941.605],[150316.026,482942.191],[150315.502,482942.748],[150314.981,482943.307],[150314.461,482943.867],[150313.944,482944.43],[150313.428,482944.994],[150312.914,482945.559],[150312.402,482946.127]]]},"id":"16dab5fe-081c-5087-97ac-ab367fdf06bc"},{"type":"Feature","properties":{"bronhouder":"G0034","creation_date":"2023-12-17T23:00:00Z","eind_registratie":"2025-12-03T12:05:32Z","fysiek_voorkomen":"groenvoorziening","fysiek_voorkomen_codespace":"http://www.geostandaarden.nl/imgeo/def/2.1#FysiekVoorkomenBegroeidTerrein","in_onderzoek":null,"in_onderzoek_leeg":"geenWaarde","kruinlijn_leeg":"waardeOnbekend","lokaal_id":"G0034.d99a6a906be846248017da747043421a","lv_publicatiedatum":"2023-12-18T11:54:14Z","op_talud":"false","op_talud_leeg":null,"plus_fysiek_voorkomen":null,"plus_fysiek_voorkomen_codespace":"http://www.geostandaarden.nl/imgeo/def/2.1#VoidReasonValue","plus_fysiek_voorkomen_leeg":"waardeOnbekend","plus_status":null,"plus_status_codespace":"http://www.geostandaarden.nl/imgeo/def/2.1#VoidReasonValue","plus_status_leeg":"geenWaarde","relatieve_hoogteligging":0,"status":"bestaand","status_codespace":"http://www.geostandaarden.nl/imgeo/def/2.1#Status","status_leeg":null,"termination_date":null,"termination_date_leeg":"geenWaarde","tijdstip_registratie":"2023-12-18T10:56:19Z","version":"85e38c1e-5429-788d-f4b3-77f490b1c2fb"},"geometry":{"type":"Polygon","coordinates":[[[150413.345,483019.698],[150414.394,483019.933],[150415.426,483020.235],[150416.438,483020.598],[150417.394,483021.015],[150418.322,483021.492],[150419.228,483022.014],[150420.115,483022.566],[150420.91,483023.097],[150421.684,483023.658],[150422.44,483024.246],[150423.179,483024.854],[150423.904,483025.478],[150424.576,483026.078],[150425.235,483026.693],[150425.875,483027.327],[150426.493,483027.982],[150427.159,483028.757],[150427.791,483029.561],[150428.395,483030.387],[150428.982,483031.226],[150429.561,483032.07],[150430.18,483033.001],[150430.776,483033.946],[150431.354,483034.903],[150431.916,483035.87],[150432.463,483036.845],[150433,483037.827],[150433.529,483038.812],[150434.054,483039.816],[150434.564,483040.828],[150435.062,483041.846],[150435.549,483042.869],[150436.028,483043.896],[150436.501,483044.925],[150436.928,483045.872],[150437.348,483046.822],[150437.76,483047.776],[150438.166,483048.732],[150438.565,483049.691],[150438.959,483050.652],[150439.352,483051.633],[150439.736,483052.617],[150440.114,483053.603],[150440.487,483054.591],[150440.859,483055.58],[150441.23,483056.569],[150441.625,483057.623],[150442.019,483058.678],[150442.41,483059.734],[150442.798,483060.791],[150443.184,483061.849],[150443.568,483062.908],[150443.949,483063.967],[150444.328,483065.028],[150444.704,483066.089],[150445.078,483067.151],[150445.449,483068.214],[150445.818,483069.278],[150446.189,483070.357],[150446.557,483071.436],[150446.922,483072.517],[150447.285,483073.598],[150447.645,483074.68],[150448.003,483075.763],[150448.358,483076.847],[150448.71,483077.931],[150449.407,483080.103],[150451.357,483086.634],[150451.857,483088.372],[150452.147,483089.343],[150452.429,483090.317],[150452.702,483091.293],[150452.967,483092.271],[150453.224,483093.252],[150453.472,483094.235],[150453.711,483095.219],[150453.942,483096.206],[150454.164,483097.179],[150454.38,483098.153],[150454.589,483099.129],[150454.786,483100.107],[150454.968,483101.088],[150455.131,483102.072],[150455.279,483103.043],[150455.419,483104.016],[150455.54,483104.991],[150455.637,483105.968],[150455.699,483106.947],[150455.727,483107.834],[150455.732,483108.723],[150455.714,483109.611],[150455.673,483110.499],[150455.608,483111.385],[150455.521,483112.269],[150455.409,483113.15],[150455.275,483114.051],[150455.121,483114.951],[150454.944,483115.846],[150454.736,483116.734],[150454.495,483117.613],[150454.214,483118.478],[150453.888,483119.339],[150453.527,483120.187],[150453.132,483121.02],[150452.705,483121.838],[150452.25,483122.641],[150451.77,483123.426],[150451.273,483124.18],[150450.75,483124.916],[150450.202,483125.634],[150449.033,483127.01],[150446.005,483130.46],[150444.114,483132.551],[150443.353,483132.279],[150443.694,483131.825],[150444.975,483130.397],[150448.713,483126.287],[150449.678,483125.022],[150450.137,483124.372],[150450.579,483123.71],[150451.004,483123.038],[150451.498,483122.215],[150451.972,483121.378],[150452.42,483120.527],[150452.838,483119.662],[150453.222,483118.782],[150453.565,483117.886],[150453.864,483116.988],[150454.127,483116.077],[150454.354,483115.156],[150454.548,483114.227],[150454.708,483113.293],[150454.83,483112.362],[150454.91,483111.427],[150454.956,483110.488],[150454.971,483109.547],[150454.961,483108.605],[150454.931,483107.664],[150454.886,483106.725],[150454.825,483105.813],[150454.74,483104.904],[150454.637,483103.995],[150454.518,483103.089],[150454.387,483102.185],[150454.241,483101.281],[150454.077,483100.38],[150453.897,483099.481],[150453.706,483098.585],[150453.505,483097.691],[150453.297,483096.798],[150453.087,483095.907],[150452.865,483094.986],[150452.636,483094.068],[150452.399,483093.151],[150452.154,483092.236],[150451.902,483091.323],[150451.642,483090.412],[150451.374,483089.504],[150451.099,483088.598],[150450.826,483087.232],[150448.673,483080.096],[150447.454,483077.194],[150446.124,483077.375],[150445.329,483073.853],[150442.498,483064.764],[150441.065,483061.031],[150438.422,483054.683],[150437.142,483056.302],[150436.072,483055.032],[150435.579,483053.207],[150436.469,483052.969],[150433.492,483045.622],[150432.636,483043.602],[150432.185,483042.602],[150431.718,483041.61],[150431.235,483040.625],[150430.784,483039.727],[150430.326,483038.831],[150429.856,483037.942],[150429.371,483037.061],[150428.866,483036.192],[150428.338,483035.338],[150427.781,483034.502],[150427.159,483033.629],[150426.514,483032.771],[150425.845,483031.93],[150425.152,483031.109],[150424.436,483030.308],[150423.696,483029.531],[150422.932,483028.778],[150422.145,483028.051],[150421.39,483027.396],[150420.615,483026.763],[150419.822,483026.153],[150419.012,483025.565],[150418.185,483025.001],[150417.342,483024.461],[150416.486,483023.947],[150415.247,483023.428],[150413.407,483023.459],[150413.345,483019.698]]]},"id":"a9bc466e-6f81-554b-b367-b09b597f724f"},{"type":"Feature","properties":{"bronhouder":"G0034","creation_date":"2023-12-17T23:00:00Z","eind_registratie":null,"fysiek_voorkomen":"groenvoorziening","fysiek_voorkomen_codespace":"http://www.geostandaarden.nl/imgeo/def/2.1#FysiekVoorkomenBegroeidTerrein","in_onderzoek":null,"in_onderzoek_leeg":"geenWaarde","kruinlijn_leeg":"waardeOnbekend","lokaal_id":"G0034.d99a6a906be846248017da747043421a","lv_publicatiedatum":"2025-12-03T12:50:42Z","op_talud":"false","op_talud_leeg":null,"plus_fysiek_voorkomen":null,"plus_fysiek_voorkomen_codespace":"http://www.geostandaarden.nl/imgeo/def/2.1#VoidReasonValue","plus_fysiek_voorkomen_leeg":"waardeOnbekend","plus_status":null,"plus_status_codespace":"http://www.geostandaarden.nl/imgeo/def/2.1#VoidReasonValue","plus_status_leeg":"geenWaarde","relatieve_hoogteligging":0,"status":"bestaand","status_codespace":"http://www.geostandaarden.nl/imgeo/def/2.1#Status","status_leeg":null,"termination_date":null,"termination_date_leeg":"geenWaarde","tijdstip_registratie":"2025-12-03T12:05:32Z","version":"d1dd959d-e75c-08b6-0c85-dfe1722e0579"},"geometry":{"type":"Polygon","coordinates":[[[150428.395,483030.387],[150428.982,483031.226],[150429.561,483032.07],[150430.18,483033.001],[150430.776,483033.946],[150431.354,483034.903],[150431.916,483035.87],[150432.463,483036.845],[150433,483037.827],[150433.529,483038.812],[150434.054,483039.816],[150434.564,483040.828],[150435.062,483041.846],[150435.549,483042.869],[150436.028,483043.896],[150436.501,483044.925],[150436.928,483045.872],[150437.348,483046.822],[150437.76,483047.776],[150438.166,483048.732],[150438.565,483049.691],[150438.959,483050.652],[150439.352,483051.633],[150439.736,483052.617],[150440.114,483053.603],[150440.487,483054.591],[150440.859,483055.58],[150441.23,483056.569],[150441.625,483057.623],[150442.019,483058.678],[150442.41,483059.734],[150442.798,483060.791],[150443.184,483061.849],[150443.568,483062.908],[150443.949,483063.967],[150444.328,483065.028],[150444.704,483066.089],[150445.078,483067.151],[150445.449,483068.214],[150445.818,483069.278],[150446.189,483070.357],[150446.557,483071.436],[150446.922,483072.517],[150447.285,483073.598],[150447.645,483074.68],[150448.003,483075.763],[150448.358,483076.847],[150448.71,483077.931],[150449.407,483080.103],[150451.357,483086.634],[150451.857,483088.372],[150452.147,483089.343],[150452.429,483090.317],[150452.702,483091.293],[150452.967,483092.271],[150453.224,483093.252],[150453.472,483094.235],[150453.711,483095.219],[150453.942,483096.206],[150454.164,483097.179],[150454.38,483098.153],[150454.589,483099.129],[150454.786,483100.107],[150454.968,483101.088],[150455.131,483102.072],[150455.279,483103.043],[150455.419,483104.016],[150455.54,483104.991],[150455.637,483105.968],[150455.699,483106.947],[150455.727,483107.834],[150455.732,483108.723],[150455.714,483109.611],[150455.673,483110.499],[150455.608,483111.385],[150455.521,483112.269],[150455.409,483113.15],[150455.275,483114.051],[150455.121,483114.951],[150454.944,483115.846],[150454.736,483116.734],[150454.495,483117.613],[150454.214,483118.478],[150453.888,483119.339],[150453.527,483120.187],[150453.132,483121.02],[150452.705,483121.838],[150452.25,483122.641],[150451.77,483123.426],[150451.273,483124.18],[150450.75,483124.916],[150450.202,483125.634],[150449.033,483127.01],[150446.005,483130.46],[150444.114,483132.551],[150443.353,483132.279],[150443.92,483131.62],[150444.975,483130.397],[150448.713,483126.287],[150449.678,483125.022],[150450.137,483124.372],[150450.579,483123.71],[150451.004,483123.038],[150451.498,483122.215],[150451.972,483121.378],[150452.42,483120.527],[150452.838,483119.662],[150453.222,483118.782],[150453.565,483117.886],[150453.864,483116.988],[150454.127,483116.077],[150454.354,483115.156],[150454.548,483114.227],[150454.708,483113.293],[150454.83,483112.362],[150454.91,483111.427],[150454.956,483110.488],[150454.971,483109.547],[150454.961,483108.605],[150454.931,483107.664],[150454.886,483106.725],[150454.825,483105.813],[150454.74,483104.904],[150454.637,483103.995],[150454.518,483103.089],[150454.387,483102.185],[150454.241,483101.281],[150454.077,483100.38],[150453.897,483099.481],[150453.706,483098.585],[150453.505,483097.691],[150453.297,483096.798],[150453.087,483095.907],[150452.865,483094.986],[150452.636,483094.068],[150452.399,483093.151],[150452.154,483092.236],[150451.902,483091.323],[150451.642,483090.412],[150451.374,483089.504],[150451.099,483088.598],[150450.826,483087.232],[150448.673,483080.096],[150448.058,483077.948],[150447.483,483077.35],[150446.811,483077.557],[150446.391,483078.212],[150445.329,483073.853],[150442.498,483064.764],[150441.065,483061.031],[150438.422,483054.683],[150437.142,483056.302],[150436.072,483055.032],[150435.499,483053.056],[150435.764,483053.125],[150436.08,483053.085],[150436.315,483052.878],[150436.373,483052.665],[150433.492,483045.622],[150432.636,483043.602],[150432.185,483042.602],[150431.718,483041.61],[150431.235,483040.625],[150430.784,483039.727],[150430.326,483038.831],[150429.856,483037.942],[150429.371,483037.061],[150428.866,483036.192],[150428.338,483035.338],[150427.781,483034.502],[150427.159,483033.629],[150426.514,483032.771],[150425.845,483031.93],[150425.152,483031.109],[150424.436,483030.308],[150423.696,483029.531],[150422.932,483028.778],[150422.145,483028.051],[150421.39,483027.396],[150420.615,483026.763],[150419.822,483026.153],[150419.012,483025.565],[150418.185,483025.001],[150417.342,483024.461],[150416.486,483023.947],[150415.953,483023.636],[150415.252,483023.527],[150413.407,483023.459],[150413.345,483019.698],[150414.394,483019.933],[150415.426,483020.235],[150416.438,483020.598],[150417.394,483021.015],[150418.322,483021.492],[150419.228,483022.014],[150420.115,483022.566],[150420.91,483023.097],[150421.684,483023.658],[150422.44,483024.246],[150423.179,483024.854],[150423.904,483025.478],[150424.576,483026.078],[150425.235,483026.693],[150425.875,483027.327],[150426.493,483027.982],[150427.159,483028.757],[150427.791,483029.561],[150428.395,483030.387]]]},"id":"c193120a-e71c-5d28-9a64-80056508ee60"},{"type":"Feature","properties":{"bronhouder":"G0034","creation_date":"2023-12-17T23:00:00Z","eind_registratie":"2025-12-03T12:05:32Z","fysiek_voorkomen":"groenvoorziening","fysiek_voorkomen_codespace":"http://www.geostandaarden.nl/imgeo/def/2.1#FysiekVoorkomenBegroeidTerrein","in_onderzoek":null,"in_onderzoek_leeg":"geenWaarde","kruinlijn_leeg":"waardeOnbekend","lokaal_id":"G0034.de049d4cc65c4ea6aeb7691c10534b91","lv_publicatiedatum":"2023-12-18T11:54:14Z","op_talud":"false","op_talud_leeg":null,"plus_fysiek_voorkomen":null,"plus_fysiek_voorkomen_codespace":"http://www.geostandaarden.nl/imgeo/def/2.1#VoidReasonValue","plus_fysiek_voorkomen_leeg":"waardeOnbekend","plus_status":null,"plus_status_codespace":"http://www.geostandaarden.nl/imgeo/def/2.1#VoidReasonValue","plus_status_leeg":"geenWaarde","relatieve_hoogteligging":0,"status":"bestaand","status_codespace":"http://www.geostandaarden.nl/imgeo/def/2.1#Status","status_leeg":null,"termination_date":null,"termination_date_leeg":"geenWaarde","tijdstip_registratie":"2023-12-18T10:56:15Z","version":"05ca86d5-b982-c979-a344-886993ec7ecc"},"geometry":{"type":"Polygon","coordinates":[[[150346.414,482922.382],[150344.679,482923.721],[150343.699,482924.35],[150343.221,482924.588],[150342.722,482924.778],[150342.306,482924.877],[150341.883,482924.948],[150335.653,482920.571],[150339.199,482921.443],[150339.7,482922.442],[150342.549,482921.513],[150343.244,482921.166],[150344.66,482919.887],[150343.7,482919.254],[150344.337,482919.33],[150345.824,482920.378],[150346.414,482922.382]]]},"id":"2f75df8b-0e29-5082-be51-94dadf2d2eee"},{"type":"Feature","properties":{"bronhouder":"G0034","creation_date":"2023-12-17T23:00:00Z","eind_registratie":null,"fysiek_voorkomen":"groenvoorziening","fysiek_voorkomen_codespace":"http://www.geostandaarden.nl/imgeo/def/2.1#FysiekVoorkomenBegroeidTerrein","in_onderzoek":null,"in_onderzoek_leeg":"geenWaarde","kruinlijn_leeg":"waardeOnbekend","lokaal_id":"G0034.de049d4cc65c4ea6aeb7691c10534b91","lv_publicatiedatum":"2025-12-03T12:50:42Z","op_talud":"false","op_talud_leeg":null,"plus_fysiek_voorkomen":null,"plus_fysiek_voorkomen_codespace":"http://www.geostandaarden.nl/imgeo/def/2.1#VoidReasonValue","plus_fysiek_voorkomen_leeg":"waardeOnbekend","plus_status":null,"plus_status_codespace":"http://www.geostandaarden.nl/imgeo/def/2.1#VoidReasonValue","plus_status_leeg":"geenWaarde","relatieve_hoogteligging":0,"status":"bestaand","status_codespace":"http://www.geostandaarden.nl/imgeo/def/2.1#Status","status_leeg":null,"termination_date":null,"termination_date_leeg":"geenWaarde","tijdstip_registratie":"2025-12-03T12:05:32Z","version":"fbd61b0c-668f-5eeb-3c84-ceed640f7ca5"},"geometry":{"type":"Polygon","coordinates":[[[150346.414,482922.382],[150344.679,482923.721],[150343.699,482924.35],[150343.221,482924.588],[150342.722,482924.778],[150342.306,482924.877],[150341.883,482924.948],[150335.653,482920.571],[150339.199,482921.443],[150339.179,482921.974],[150339.409,482922.267],[150339.7,482922.442],[150341.72,482921.779],[150343.208,482921.118],[150344.507,482920.21],[150344.599,482919.997],[150344.467,482919.676],[150344.128,482919.405],[150343.7,482919.254],[150344.337,482919.33],[150345.824,482920.378],[150346.414,482922.382]]]},"id":"7feb6a00-6b21-5001-824b-d16f4506439e"},{"type":"Feature","properties":{"bronhouder":"G0034","creation_date":"2023-10-18T22:00:00Z","eind_registratie":"2025-12-03T12:05:32Z","fysiek_voorkomen":"groenvoorziening","fysiek_voorkomen_codespace":"http://www.geostandaarden.nl/imgeo/def/2.1#FysiekVoorkomenBegroeidTerrein","in_onderzoek":null,"in_onderzoek_leeg":"geenWaarde","kruinlijn_leeg":"waardeOnbekend","lokaal_id":"G0034.e900e932eb2e4d55953c9397d2b71e3f","lv_publicatiedatum":"2023-12-18T11:54:14Z","op_talud":"false","op_talud_leeg":null,"plus_fysiek_voorkomen":null,"plus_fysiek_voorkomen_codespace":"http://www.geostandaarden.nl/imgeo/def/2.1#VoidReasonValue","plus_fysiek_voorkomen_leeg":"waardeOnbekend","plus_status":null,"plus_status_codespace":"http://www.geostandaarden.nl/imgeo/def/2.1#VoidReasonValue","plus_status_leeg":"geenWaarde","relatieve_hoogteligging":0,"status":"bestaand","status_codespace":"http://www.geostandaarden.nl/imgeo/def/2.1#Status","status_leeg":null,"termination_date":null,"termination_date_leeg":"geenWaarde","tijdstip_registratie":"2023-12-18T10:55:54Z","version":"e4426a3f-0949-eb38-e600-93d5b819f756"},"geometry":{"type":"Polygon","coordinates":[[[150309.138,483130.253],[150302.487,483139.548],[150298.651,483140.127],[150295.982,483140.074],[150292.291,483137.513],[150269.393,483121.625],[150242.665,483102.646],[150223.186,483088.871],[150199.114,483071.905],[150187.209,483063.485],[150186.582,483063.711],[150184.659,483062.356],[150182.816,483061.609],[150182.92,483061.266],[150183.044,483060.929],[150183.187,483060.6],[150183.348,483060.28],[150183.527,483059.971],[150183.723,483059.675],[150233.718,482988.812],[150289.815,482909.173],[150344.29,482831.847],[150370.054,482795.336],[150374.674,482788.778],[150374.866,482788.475],[150375.085,482788.186],[150375.329,482787.915],[150375.594,482787.664],[150375.877,482787.436],[150376.177,482787.232],[150376.491,482787.057],[150376.808,482786.915],[150377.138,482786.801],[150377.479,482786.715],[150377.827,482786.654],[150378.18,482786.62],[150378.534,482786.61],[150378.885,482786.624],[150379.231,482786.662],[150379.594,482786.728],[150379.954,482786.822],[150380.306,482786.944],[150380.648,482787.09],[150381.291,482787.456],[150385.316,482790.234],[150385.264,482790.336],[150393.539,482796.035],[150390.83,482797.567],[150379.33,482789.411],[150376.546,482787.705],[150341.26,482837.604],[150293.272,482905.809],[150234.092,482989.805],[150184.588,483060.259],[150186.118,483061.497],[150292.936,483136.598],[150296.626,483139.054],[150299.005,483139.478],[150302.383,483138.947],[150308.759,483130.11],[150309.138,483130.253]]]},"id":"e08caa76-f56a-594d-9e20-745210bc82dd"},{"type":"Feature","properties":{"bronhouder":"G0034","creation_date":"2023-10-18T22:00:00Z","eind_registratie":null,"fysiek_voorkomen":"groenvoorziening","fysiek_voorkomen_codespace":"http://www.geostandaarden.nl/imgeo/def/2.1#FysiekVoorkomenBegroeidTerrein","in_onderzoek":null,"in_onderzoek_leeg":"geenWaarde","kruinlijn_leeg":"waardeOnbekend","lokaal_id":"G0034.e900e932eb2e4d55953c9397d2b71e3f","lv_publicatiedatum":"2025-12-03T12:50:42Z","op_talud":"false","op_talud_leeg":null,"plus_fysiek_voorkomen":null,"plus_fysiek_voorkomen_codespace":"http://www.geostandaarden.nl/imgeo/def/2.1#VoidReasonValue","plus_fysiek_voorkomen_leeg":"waardeOnbekend","plus_status":null,"plus_status_codespace":"http://www.geostandaarden.nl/imgeo/def/2.1#VoidReasonValue","plus_status_leeg":"geenWaarde","relatieve_hoogteligging":0,"status":"bestaand","status_codespace":"http://www.geostandaarden.nl/imgeo/def/2.1#Status","status_leeg":null,"termination_date":null,"termination_date_leeg":"geenWaarde","tijdstip_registratie":"2025-12-03T12:05:32Z","version":"2f7c105f-2176-f092-194f-af289a136977"},"geometry":{"type":"Polygon","coordinates":[[[150385.316,482790.234],[150385.264,482790.336],[150393.539,482796.035],[150390.83,482797.567],[150379.33,482789.411],[150376.546,482787.705],[150341.26,482837.604],[150293.272,482905.809],[150234.092,482989.805],[150184.588,483060.259],[150187.533,483062.529],[150186.637,483062.356],[150185.97,483062.701],[150185.441,483063.333],[150182.816,483061.609],[150182.92,483061.266],[150183.044,483060.929],[150183.187,483060.6],[150183.348,483060.28],[150183.527,483059.971],[150183.723,483059.675],[150233.718,482988.812],[150289.815,482909.173],[150344.29,482831.847],[150370.054,482795.336],[150374.674,482788.778],[150374.866,482788.475],[150375.085,482788.186],[150375.329,482787.915],[150375.594,482787.664],[150375.877,482787.436],[150376.177,482787.232],[150376.491,482787.057],[150376.808,482786.915],[150377.138,482786.801],[150377.479,482786.715],[150377.827,482786.654],[150378.18,482786.62],[150378.534,482786.61],[150378.885,482786.624],[150379.231,482786.662],[150379.594,482786.728],[150379.954,482786.822],[150380.306,482786.944],[150380.648,482787.09],[150381.291,482787.456],[150385.316,482790.234]]]},"id":"8ff53dd3-fec6-50d3-97ad-8eaba75fb368"},{"type":"Feature","properties":{"bronhouder":"G0034","creation_date":"2023-12-17T23:00:00Z","eind_registratie":"2025-12-03T12:05:32Z","fysiek_voorkomen":"groenvoorziening","fysiek_voorkomen_codespace":"http://www.geostandaarden.nl/imgeo/def/2.1#FysiekVoorkomenBegroeidTerrein","in_onderzoek":null,"in_onderzoek_leeg":"geenWaarde","kruinlijn_leeg":"waardeOnbekend","lokaal_id":"G0034.f4cb6d02054948d496fdb6764a64fe98","lv_publicatiedatum":"2023-12-18T11:54:14Z","op_talud":"false","op_talud_leeg":null,"plus_fysiek_voorkomen":null,"plus_fysiek_voorkomen_codespace":"http://www.geostandaarden.nl/imgeo/def/2.1#VoidReasonValue","plus_fysiek_voorkomen_leeg":"waardeOnbekend","plus_status":null,"plus_status_codespace":"http://www.geostandaarden.nl/imgeo/def/2.1#VoidReasonValue","plus_status_leeg":"geenWaarde","relatieve_hoogteligging":0,"status":"bestaand","status_codespace":"http://www.geostandaarden.nl/imgeo/def/2.1#Status","status_leeg":null,"termination_date":null,"termination_date_leeg":"geenWaarde","tijdstip_registratie":"2023-12-18T10:56:16Z","version":"4ffc2b27-d210-4306-8879-5ea65737dddb"},"geometry":{"type":"Polygon","coordinates":[[[150364.021,482902.833],[150363.303,482902.283],[150362.86,482903.104],[150362.436,482903.936],[150362.032,482904.777],[150361.649,482905.628],[150361.285,482906.488],[150360.925,482907.395],[150360.585,482908.311],[150360.267,482909.235],[150359.975,482910.167],[150359.711,482911.107],[150359.478,482912.055],[150359.28,482912.952],[150359.098,482913.854],[150358.939,482914.762],[150358.81,482915.673],[150358.719,482916.587],[150358.672,482917.503],[150358.676,482918.418],[150358.729,482919.271],[150358.825,482920.122],[150358.959,482920.968],[150359.127,482921.81],[150359.322,482922.646],[150359.539,482923.477],[150359.775,482924.3],[150360.052,482925.184],[150360.357,482926.059],[150360.691,482926.925],[150361.052,482927.78],[150361.439,482928.622],[150362.293,482930.267],[150364.197,482933.948],[150369.553,482942.865],[150370.312,482942.395],[150380.31,482957.893],[150383.046,482962.435],[150384.132,482963.712],[150382.076,482964.616],[150374.104,482951.934],[150370.413,482946.077],[150366.322,482939.71],[150365.641,482938.607],[150365.306,482938.053],[150364.975,482937.497],[150364.647,482936.938],[150364.322,482936.378],[150364.001,482935.815],[150363.684,482935.251],[150363.37,482934.684],[150363.055,482934.111],[150362.742,482933.536],[150362.432,482932.961],[150362.125,482932.383],[150361.822,482931.803],[150361.524,482931.22],[150361.232,482930.635],[150360.947,482930.047],[150360.67,482929.454],[150360.402,482928.858],[150360.128,482928.236],[150359.856,482927.613],[150359.588,482926.987],[150359.33,482926.358],[150359.082,482925.725],[150358.851,482925.086],[150358.637,482924.442],[150358.446,482923.791],[150358.297,482923.23],[150358.16,482922.666],[150358.035,482922.099],[150357.923,482921.529],[150357.826,482920.957],[150357.744,482920.383],[150357.673,482919.771],[150357.616,482919.156],[150357.575,482918.538],[150357.55,482917.92],[150357.543,482917.302],[150357.555,482916.684],[150357.587,482916.067],[150357.64,482915.453],[150357.717,482914.842],[150357.833,482914.173],[150357.983,482913.512],[150358.16,482912.856],[150358.356,482912.204],[150358.563,482911.555],[150358.775,482910.908],[150358.984,482910.261],[150359.177,482909.66],[150359.374,482909.06],[150359.578,482908.462],[150359.789,482907.867],[150360.009,482907.275],[150360.221,482906.721],[150360.436,482906.168],[150360.658,482905.617],[150360.888,482905.069],[150361.128,482904.527],[150361.381,482903.991],[150361.65,482903.462],[150361.966,482902.883],[150362.298,482902.312],[150362.644,482901.749],[150363.003,482901.194],[150363.373,482900.647],[150365.181,482901.544],[150364.021,482902.833]]]},"id":"0c2256c0-d01e-5e0d-94be-4ec679f8b885"},{"type":"Feature","properties":{"bronhouder":"G0034","creation_date":"2023-12-17T23:00:00Z","eind_registratie":null,"fysiek_voorkomen":"groenvoorziening","fysiek_voorkomen_codespace":"http://www.geostandaarden.nl/imgeo/def/2.1#FysiekVoorkomenBegroeidTerrein","in_onderzoek":null,"in_onderzoek_leeg":"geenWaarde","kruinlijn_leeg":"waardeOnbekend","lokaal_id":"G0034.f4cb6d02054948d496fdb6764a64fe98","lv_publicatiedatum":"2025-12-03T12:50:42Z","op_talud":"false","op_talud_leeg":null,"plus_fysiek_voorkomen":null,"plus_fysiek_voorkomen_codespace":"http://www.geostandaarden.nl/imgeo/def/2.1#VoidReasonValue","plus_fysiek_voorkomen_leeg":"waardeOnbekend","plus_status":null,"plus_status_codespace":"http://www.geostandaarden.nl/imgeo/def/2.1#VoidReasonValue","plus_status_leeg":"geenWaarde","relatieve_hoogteligging":0,"status":"bestaand","status_codespace":"http://www.geostandaarden.nl/imgeo/def/2.1#Status","status_leeg":null,"termination_date":null,"termination_date_leeg":"geenWaarde","tijdstip_registratie":"2025-12-03T12:05:32Z","version":"954ff5f5-083a-3717-f94d-1c0b359918e5"},"geometry":{"type":"Polygon","coordinates":[[[150370.312,482942.395],[150380.31,482957.893],[150383.046,482962.435],[150384.132,482963.712],[150382.076,482964.616],[150374.104,482951.934],[150370.413,482946.077],[150366.322,482939.71],[150365.641,482938.607],[150365.306,482938.053],[150364.975,482937.497],[150364.647,482936.938],[150364.322,482936.378],[150364.001,482935.815],[150363.684,482935.251],[150363.37,482934.684],[150363.055,482934.111],[150362.742,482933.536],[150362.432,482932.961],[150362.125,482932.383],[150361.822,482931.803],[150361.524,482931.22],[150361.232,482930.635],[150360.947,482930.047],[150360.67,482929.454],[150360.402,482928.858],[150360.128,482928.236],[150359.856,482927.613],[150359.588,482926.987],[150359.33,482926.358],[150359.082,482925.725],[150358.851,482925.086],[150358.637,482924.442],[150358.446,482923.791],[150358.297,482923.23],[150358.16,482922.666],[150358.035,482922.099],[150357.923,482921.529],[150357.826,482920.957],[150357.744,482920.383],[150357.673,482919.771],[150357.616,482919.156],[150357.575,482918.538],[150357.55,482917.92],[150357.543,482917.302],[150357.555,482916.684],[150357.587,482916.067],[150357.64,482915.453],[150357.717,482914.842],[150357.833,482914.173],[150357.983,482913.512],[150358.16,482912.856],[150358.356,482912.204],[150358.563,482911.555],[150358.775,482910.908],[150358.984,482910.261],[150359.177,482909.66],[150359.374,482909.06],[150359.578,482908.462],[150359.789,482907.867],[150360.009,482907.275],[150360.221,482906.721],[150360.436,482906.168],[150360.658,482905.617],[150360.888,482905.069],[150361.128,482904.527],[150361.381,482903.991],[150361.65,482903.462],[150361.966,482902.883],[150362.298,482902.312],[150362.644,482901.749],[150363.003,482901.194],[150363.373,482900.647],[150365.181,482901.544],[150364.021,482902.833],[150364.022,482902.571],[150363.885,482902.421],[150363.736,482902.367],[150363.259,482902.489],[150362.714,482902.98],[150361.174,482906.673],[150359.975,482910.338],[150358.98,482913.731],[150358.694,482916.811],[150358.912,482920.98],[150359.934,482924.278],[150361.119,482927.766],[150362.809,482931.282],[150365.289,482935.874],[150369.418,482942.605],[150369.731,482942.837],[150369.922,482942.837],[150370.085,482942.755],[150370.276,482942.619],[150370.312,482942.395]]]},"id":"15623d6c-f632-5975-b78c-479bd52f7c6b"},{"type":"Feature","properties":{"bronhouder":"G0034","creation_date":"2023-12-17T23:00:00Z","eind_registratie":"2025-12-03T12:05:32Z","fysiek_voorkomen":"groenvoorziening","fysiek_voorkomen_codespace":"http://www.geostandaarden.nl/imgeo/def/2.1#FysiekVoorkomenBegroeidTerrein","in_onderzoek":null,"in_onderzoek_leeg":"geenWaarde","kruinlijn_leeg":"waardeOnbekend","lokaal_id":"G0034.f4df7c914bb14e63a1d647b6fe9a99f5","lv_publicatiedatum":"2023-12-18T11:54:14Z","op_talud":"false","op_talud_leeg":null,"plus_fysiek_voorkomen":null,"plus_fysiek_voorkomen_codespace":"http://www.geostandaarden.nl/imgeo/def/2.1#VoidReasonValue","plus_fysiek_voorkomen_leeg":"waardeOnbekend","plus_status":null,"plus_status_codespace":"http://www.geostandaarden.nl/imgeo/def/2.1#VoidReasonValue","plus_status_leeg":"geenWaarde","relatieve_hoogteligging":0,"status":"bestaand","status_codespace":"http://www.geostandaarden.nl/imgeo/def/2.1#Status","status_leeg":null,"termination_date":null,"termination_date_leeg":"geenWaarde","tijdstip_registratie":"2023-12-18T10:56:19Z","version":"407822b8-4cff-4870-fdd6-850c0f26c5fc"},"geometry":{"type":"Polygon","coordinates":[[[150500.826,482936.325],[150511.875,482942.818],[150522.292,482949.166],[150530.388,482954.227],[150531.092,482953.443],[150530.682,482952.532],[150531.18,482952.067],[150531.594,482953.624],[150531.062,482954.402],[150528.261,482956.238],[150527.554,482955.739],[150526.833,482955.26],[150526.106,482954.79],[150525.378,482954.321],[150524.653,482953.853],[150523.925,482953.389],[150523.195,482952.929],[150522.462,482952.473],[150521.727,482952.021],[150520.99,482951.571],[150520.252,482951.125],[150519.515,482950.687],[150518.775,482950.254],[150518.033,482949.825],[150517.29,482949.399],[150516.546,482948.973],[150515.803,482948.546],[150515.061,482948.116],[150514.369,482947.713],[150513.677,482947.31],[150512.986,482946.906],[150512.295,482946.502],[150511.604,482946.097],[150510.913,482945.692],[150510.223,482945.286],[150509.534,482944.879],[150508.845,482944.47],[150508.13,482944.045],[150507.414,482943.619],[150506.7,482943.192],[150505.986,482942.764],[150505.272,482942.335],[150504.56,482941.903],[150503.85,482941.47],[150503.179,482941.058],[150502.509,482940.646],[150501.84,482940.233],[150501.172,482939.817],[150500.505,482939.399],[150499.84,482938.979],[150499.177,482938.555],[150500.102,482935.149],[150500.63,482934.407],[150501.424,482935.151],[150500.826,482936.325]]]},"id":"ba11691c-ce72-5b0f-8459-4b4dbb0d785b"},{"type":"Feature","properties":{"bronhouder":"G0034","creation_date":"2023-12-17T23:00:00Z","eind_registratie":null,"fysiek_voorkomen":"groenvoorziening","fysiek_voorkomen_codespace":"http://www.geostandaarden.nl/imgeo/def/2.1#FysiekVoorkomenBegroeidTerrein","in_onderzoek":null,"in_onderzoek_leeg":"geenWaarde","kruinlijn_leeg":"waardeOnbekend","lokaal_id":"G0034.f4df7c914bb14e63a1d647b6fe9a99f5","lv_publicatiedatum":"2025-12-03T12:50:42Z","op_talud":"false","op_talud_leeg":null,"plus_fysiek_voorkomen":null,"plus_fysiek_voorkomen_codespace":"http://www.geostandaarden.nl/imgeo/def/2.1#VoidReasonValue","plus_fysiek_voorkomen_leeg":"waardeOnbekend","plus_status":null,"plus_status_codespace":"http://www.geostandaarden.nl/imgeo/def/2.1#VoidReasonValue","plus_status_leeg":"geenWaarde","relatieve_hoogteligging":0,"status":"bestaand","status_codespace":"http://www.geostandaarden.nl/imgeo/def/2.1#Status","status_leeg":null,"termination_date":null,"termination_date_leeg":"geenWaarde","tijdstip_registratie":"2025-12-03T12:05:32Z","version":"f484449b-c3a5-6569-00e1-9559d57fcfdd"},"geometry":{"type":"Polygon","coordinates":[[[150522.292,482949.166],[150530.003,482954.064],[150530.388,482954.227],[150530.854,482953.926],[150531.092,482953.443],[150531.003,482952.949],[150530.682,482952.532],[150531.18,482952.067],[150531.594,482953.624],[150531.062,482954.402],[150528.261,482956.238],[150527.554,482955.739],[150526.833,482955.26],[150526.106,482954.79],[150525.378,482954.321],[150524.653,482953.853],[150523.925,482953.389],[150523.195,482952.929],[150522.462,482952.473],[150521.727,482952.021],[150520.99,482951.571],[150520.252,482951.125],[150519.515,482950.687],[150518.775,482950.254],[150518.033,482949.825],[150517.29,482949.399],[150516.546,482948.973],[150515.803,482948.546],[150515.061,482948.116],[150514.369,482947.713],[150513.677,482947.31],[150512.986,482946.906],[150512.295,482946.502],[150511.604,482946.097],[150510.913,482945.692],[150510.223,482945.286],[150509.534,482944.879],[150508.845,482944.47],[150508.13,482944.045],[150507.414,482943.619],[150506.7,482943.192],[150505.986,482942.764],[150505.272,482942.335],[150504.56,482941.903],[150503.85,482941.47],[150503.179,482941.058],[150502.509,482940.646],[150501.84,482940.233],[150501.172,482939.817],[150500.505,482939.399],[150499.84,482938.979],[150499.177,482938.555],[150500.102,482935.149],[150500.63,482934.407],[150501.424,482935.151],[150501.118,482935.328],[150500.906,482935.53],[150500.739,482935.892],[150500.826,482936.325],[150511.875,482942.818],[150522.292,482949.166]]]},"id":"436daf25-db28-5958-88a3-f4181f70935b"},{"type":"Feature","properties":{"bronhouder":"G0034","creation_date":"2023-12-17T23:00:00Z","eind_registratie":"2025-12-03T12:05:32Z","fysiek_voorkomen":"groenvoorziening","fysiek_voorkomen_codespace":"http://www.geostandaarden.nl/imgeo/def/2.1#FysiekVoorkomenBegroeidTerrein","in_onderzoek":null,"in_onderzoek_leeg":"geenWaarde","kruinlijn_leeg":"waardeOnbekend","lokaal_id":"G0034.fdf6d825c4994a71a9a43474accaa53c","lv_publicatiedatum":"2023-12-18T11:54:14Z","op_talud":"false","op_talud_leeg":null,"plus_fysiek_voorkomen":null,"plus_fysiek_voorkomen_codespace":"http://www.geostandaarden.nl/imgeo/def/2.1#VoidReasonValue","plus_fysiek_voorkomen_leeg":"waardeOnbekend","plus_status":null,"plus_status_codespace":"http://www.geostandaarden.nl/imgeo/def/2.1#VoidReasonValue","plus_status_leeg":"geenWaarde","relatieve_hoogteligging":0,"status":"bestaand","status_codespace":"http://www.geostandaarden.nl/imgeo/def/2.1#Status","status_leeg":null,"termination_date":null,"termination_date_leeg":"geenWaarde","tijdstip_registratie":"2023-12-18T10:56:18Z","version":"e70e4256-b25a-f0eb-5d8d-99ab751d115b"},"geometry":{"type":"Polygon","coordinates":[[[150403.191,482841.137],[150399.279,482846.71],[150391.765,482857.441],[150390.163,482856.335],[150391.937,482854.033],[150397.353,482845.622],[150401.244,482839.979],[150400.092,482838.985],[150400.055,482838.807],[150400.823,482838.866],[150400.911,482838.873],[150400.953,482838.878],[150401.056,482838.9],[150401.155,482838.938],[150401.246,482838.99],[150401.329,482839.056],[150401.4,482839.133],[150402.814,482840.907],[150403.191,482841.137]]]},"id":"f74ed7ff-6503-5ded-aa85-a7eae4fcb15a"},{"type":"Feature","properties":{"bronhouder":"G0034","creation_date":"2023-12-17T23:00:00Z","eind_registratie":null,"fysiek_voorkomen":"groenvoorziening","fysiek_voorkomen_codespace":"http://www.geostandaarden.nl/imgeo/def/2.1#FysiekVoorkomenBegroeidTerrein","in_onderzoek":null,"in_onderzoek_leeg":"geenWaarde","kruinlijn_leeg":"waardeOnbekend","lokaal_id":"G0034.fdf6d825c4994a71a9a43474accaa53c","lv_publicatiedatum":"2025-12-03T12:50:42Z","op_talud":"false","op_talud_leeg":null,"plus_fysiek_voorkomen":null,"plus_fysiek_voorkomen_codespace":"http://www.geostandaarden.nl/imgeo/def/2.1#VoidReasonValue","plus_fysiek_voorkomen_leeg":"waardeOnbekend","plus_status":null,"plus_status_codespace":"http://www.geostandaarden.nl/imgeo/def/2.1#VoidReasonValue","plus_status_leeg":"geenWaarde","relatieve_hoogteligging":0,"status":"bestaand","status_codespace":"http://www.geostandaarden.nl/imgeo/def/2.1#Status","status_leeg":null,"termination_date":null,"termination_date_leeg":"geenWaarde","tijdstip_registratie":"2025-12-03T12:05:32Z","version":"d54ec786-974f-9806-99e8-0c682b601d31"},"geometry":{"type":"Polygon","coordinates":[[[150391.765,482857.441],[150390.163,482856.335],[150396.798,482846.687],[150401.049,482840.583],[150401.4,482839.133],[150402.814,482840.907],[150403.191,482841.137],[150399.279,482846.71],[150391.765,482857.441]]]},"id":"e873293a-9c72-59e4-8ea6-da128689103d"}],"numberReturned":71}
