{"type":"FeatureCollection","timeStamp":"2026-09-22T10:56:03Z","links":[{"rel":"self","title":"This document as GeoJSON","type":"application/geo+json","href":"https://api.pdok.nl/lv/bgt/ogc/v1/collections/ondersteunendwaterdeel/items?bbox=5.3180%2C52.3334%2C5.3212%2C52.3351&crs=http%3A%2F%2Fwww.opengis.net%2Fdef%2Fcrs%2FEPSG%2F0%2F28992&f=json&limit=1000"},{"rel":"alternate","title":"This document as JSON-FG","type":"application/vnd.ogc.fg+json","href":"https://api.pdok.nl/lv/bgt/ogc/v1/collections/ondersteunendwaterdeel/items?bbox=5.3180%2C52.3334%2C5.3212%2C52.3351&crs=http%3A%2F%2Fwww.opengis.net%2Fdef%2Fcrs%2FEPSG%2F0%2F28992&f=jsonfg&limit=1000"},{"rel":"alternate","title":"This document as HTML","type":"text/html","href":"https://api.pdok.nl/lv/bgt/ogc/v1/collections/ondersteunendwaterdeel/items?bbox=5.3180%2C52.3334%2C5.3212%2C52.3351&crs=http%3A%2F%2Fwww.opengis.net%2Fdef%2Fcrs%2FEPSG%2F0%2F28992&f=html&limit=1000"}],"features":[{"type":"Feature","properties":{"bronhouder":"G0034","creation_date":"2025-12-02T23:00:00Z","eind_registratie":null,"in_onderzoek":null,"in_onderzoek_leeg":"geenWaarde","lokaal_id":"G0034.0217562f721d40aa8fe3e32200c3aeea","lv_publicatiedatum":"2025-12-03T12:50:42Z","plus_status":null,"plus_status_codespace":"http://www.geostandaarden.nl/imgeo/def/2.1#VoidReasonValue","plus_status_leeg":"geenWaarde","plus_type":null,"plus_type_codespace":"http://www.geostandaarden.nl/imgeo/def/2.1#VoidReasonValue","plus_type_leeg":"geenWaarde","relatieve_hoogteligging":0,"status":"bestaand","status_codespace":"http://www.geostandaarden.nl/imgeo/def/2.1#Status","status_leeg":null,"termination_date":null,"termination_date_leeg":"geenWaarde","tijdstip_registratie":"2025-12-03T12:05:32Z","type":"oever, slootkant","type_codespace":"http://www.geostandaarden.nl/imgeo/def/2.1#TypeOndersteunendWaterdeel","version":"8ef001bd-9528-15bc-5a86-07969a9395b9"},"geometry":{"type":"Polygon","coordinates":[[[150406.665,482991.602],[150406.221,482991.751],[150405.444,482991.628],[150404.953,482991.11],[150400.061,482985.551],[150396.437,482981.327],[150390.087,482972.579],[150388.806,482971.107],[150388.561,482970.453],[150388.466,482970.033],[150388.861,482969.84],[150389.147,482969.826],[150389.828,482970.208],[150394.229,482975.549],[150397.472,482980.196],[150404.245,482988.603],[150406.452,482990.62],[150406.929,482991.26],[150406.665,482991.602]],[[150404.177,482989.503],[150405.73,482991.179],[150405.948,482991.179],[150406.043,482991.001],[150405.703,482990.606],[150404.531,482989.421],[150399.707,482983.902],[150394.475,482976.966],[150389.31,482970.453],[150389.228,482970.535],[150389.242,482970.821],[150393.63,482976.653],[150397.527,482981.858],[150401.029,482986.164],[150404.177,482989.503]]]},"id":"bfe0a33d-5ee3-5c75-81e9-063f1e166539"},{"type":"Feature","properties":{"bronhouder":"W0650","creation_date":"2025-12-01T23:00:00Z","eind_registratie":null,"in_onderzoek":null,"in_onderzoek_leeg":"geenWaarde","lokaal_id":"G0034.10a46d3bb5f040f5b9df58a5a4adb405","lv_publicatiedatum":"2025-12-03T12:50:42Z","plus_status":null,"plus_status_codespace":"http://www.geostandaarden.nl/imgeo/def/2.1#VoidReasonValue","plus_status_leeg":"geenWaarde","plus_type":null,"plus_type_codespace":"http://www.geostandaarden.nl/imgeo/def/2.1#VoidReasonValue","plus_type_leeg":"geenWaarde","relatieve_hoogteligging":0,"status":"bestaand","status_codespace":"http://www.geostandaarden.nl/imgeo/def/2.1#Status","status_leeg":null,"termination_date":null,"termination_date_leeg":"geenWaarde","tijdstip_registratie":"2025-12-03T12:05:32Z","type":"oever, slootkant","type_codespace":"http://www.geostandaarden.nl/imgeo/def/2.1#TypeOndersteunendWaterdeel","version":"e5625094-03db-f531-9277-d6d822351b4c"},"geometry":{"type":"Polygon","coordinates":[[[150319.621,483002.759],[150319.756,483003.147],[150319.658,483003.423],[150319.448,483003.685],[150319.069,483003.892],[150318.299,483003.788],[150306.632,482997.547],[150290.839,482989.42],[150289.598,482988.742],[150288.943,482988.88],[150287.406,482991.035],[150280.767,483001.848],[150279.109,483004.685],[150278.359,483005.731],[150278.029,483005.837],[150277.471,483005.607],[150277.52,483005.254],[150277.624,483004.998],[150278.103,483004.168],[150278.316,483003.76],[150278.531,483003.352],[150278.748,483002.946],[150278.968,483002.542],[150279.19,483002.138],[150279.414,483001.736],[150279.648,483001.324],[150279.884,483000.912],[150280.122,483000.503],[150280.363,483000.095],[150280.606,482999.688],[150280.852,482999.283],[150281.1,482998.879],[150281.351,482998.477],[150285.712,482991.599],[150290.616,482983.747],[150291.586,482984.303],[150289.82,482987.264],[150290.071,482987.565],[150319.621,483002.759]],[[150307.874,482997.07],[150299.012,482992.472],[150289.747,482987.702],[150289.586,482987.403],[150289.609,482987.093],[150291.069,482984.622],[150291.092,482984.415],[150290.96,482984.288],[150290.805,482984.311],[150290.581,482984.535],[150287.523,482989.351],[150281.638,482998.535],[150278.207,483004.564],[150278.184,483004.708],[150278.244,483004.8],[150278.319,483004.826],[150278.448,483004.817],[150281.023,483000.346],[150285.426,482993.357],[150288.345,482988.587],[150288.713,482988.127],[150289.15,482987.874],[150289.759,482988.162],[150318.494,483003.3],[150318.862,483003.311],[150318.977,483003.127],[150318.862,483002.909],[150307.874,482997.07]]]},"id":"2a3fe888-a7b6-5cb7-8f2e-5d8eb29c70aa"},{"type":"Feature","properties":{"bronhouder":"W0650","creation_date":"2025-12-01T23:00:00Z","eind_registratie":null,"in_onderzoek":null,"in_onderzoek_leeg":"geenWaarde","lokaal_id":"G0034.124c5205726c4e77a1cff689800df39f","lv_publicatiedatum":"2025-12-03T12:50:42Z","plus_status":null,"plus_status_codespace":"http://www.geostandaarden.nl/imgeo/def/2.1#VoidReasonValue","plus_status_leeg":"geenWaarde","plus_type":null,"plus_type_codespace":"http://www.geostandaarden.nl/imgeo/def/2.1#VoidReasonValue","plus_type_leeg":"geenWaarde","relatieve_hoogteligging":0,"status":"bestaand","status_codespace":"http://www.geostandaarden.nl/imgeo/def/2.1#Status","status_leeg":null,"termination_date":null,"termination_date_leeg":"geenWaarde","tijdstip_registratie":"2025-12-03T12:05:32Z","type":"oever, slootkant","type_codespace":"http://www.geostandaarden.nl/imgeo/def/2.1#TypeOndersteunendWaterdeel","version":"3434d532-40cd-5221-b28e-fef31401160f"},"geometry":{"type":"Polygon","coordinates":[[[150306.316,482964.079],[150302.644,482968.957],[150297.653,482975.797],[150296.642,482977.038],[150296.021,482977.165],[150295.521,482977.009],[150295.343,482976.567],[150295.653,482976.027],[150298.665,482972.412],[150300.405,482970.077],[150301.279,482968.912],[150302.155,482967.749],[150303.034,482966.588],[150303.916,482965.429],[150304.8,482964.272],[150305.686,482963.117],[150306.614,482961.914],[150307.544,482960.713],[150308.476,482959.515],[150309.412,482958.318],[150310.35,482957.124],[150311.291,482955.932],[150312.234,482954.742],[150313.18,482953.554],[150313.582,482953.126],[150314.574,482952.019],[150315.07,482951.466],[150315.566,482950.913],[150316.063,482950.36],[150316.559,482949.807],[150317.056,482949.255],[150317.553,482948.702],[150318.09,482948.099],[150318.622,482947.492],[150319.153,482946.882],[150319.683,482946.273],[150320.216,482945.666],[150320.754,482945.064],[150321.298,482944.468],[150321.852,482943.881],[150322.418,482943.306],[150322.962,482942.771],[150323.512,482942.242],[150324.068,482941.72],[150324.63,482941.204],[150325.198,482940.694],[150325.771,482940.191],[150326.35,482939.693],[150326.933,482939.202],[150327.519,482938.721],[150328.111,482938.246],[150328.708,482937.778],[150329.311,482937.317],[150329.918,482936.861],[150330.529,482936.412],[150331.144,482935.967],[150331.762,482935.528],[150332.384,482935.093],[150333.036,482934.635],[150333.688,482934.176],[150334.344,482933.723],[150335.008,482933.283],[150335.684,482932.864],[150336.377,482932.473],[150337.111,482932.088],[150337.854,482931.717],[150338.609,482931.374],[150339.38,482931.072],[150340.168,482930.824],[150340.893,482930.647],[150341.627,482930.508],[150342.368,482930.408],[150343.111,482930.349],[150343.917,482930.331],[150344.724,482930.359],[150345.527,482930.433],[150346.214,482930.535],[150346.896,482930.671],[150347.571,482930.839],[150348.239,482931.036],[150348.898,482931.256],[150349.625,482931.536],[150350.338,482931.851],[150351.038,482932.197],[150351.724,482932.568],[150352.399,482932.959],[150352.999,482933.331],[150353.588,482933.722],[150354.165,482934.132],[150354.728,482934.559],[150355.689,482935.487],[150355.584,482935.797],[150355.4,482936.107],[150354.877,482936.17],[150353.439,482935.211],[150351.578,482933.803],[150349.617,482932.797],[150347.125,482932.004],[150344.412,482931.762],[150342.619,482931.9],[150340.09,482932.326],[150337.941,482933.073],[150335.938,482934.306],[150333.222,482935.916],[150330.067,482938.05],[150324.619,482942.613],[150319.32,482948.326],[150315.117,482953.115],[150317.044,482955.751],[150316.987,482956.211],[150316.4,482956.406],[150315.734,482955.958],[150315.159,482955.28],[150313.96,482954.423],[150313.206,482955.429],[150312.3,482956.485],[150306.316,482964.079]],[[150303.814,482966.492],[150307.987,482961.262],[150312.389,482955.573],[150313.688,482954.147],[150313.998,482953.986],[150314.251,482953.929],[150316.09,482955.607],[150316.343,482955.757],[150316.515,482955.745],[150316.55,482955.55],[150316.377,482955.343],[150314.343,482953.458],[150316.768,482950.642],[150322.205,482944.607],[150326.653,482940.377],[150329.067,482938.228],[150333.435,482935.09],[150335.757,482933.711],[150337.745,482932.584],[150339.159,482932.101],[150340.423,482931.768],[150341.665,482931.527],[150342.814,482931.389],[150344.044,482931.343],[150345.32,482931.389],[150347.412,482931.676],[150348.814,482932.055],[150349.918,482932.481],[150350.676,482932.917],[150352.033,482933.711],[150354.86,482935.63],[150355.09,482935.676],[150355.205,482935.573],[150355.182,482935.343],[150354.642,482934.86],[150350.492,482932.239],[150348.642,482931.469],[150347.205,482930.986],[150345.584,482930.722],[150343.262,482930.63],[150342.136,482930.768],[150341.01,482930.998],[150339.837,482931.297],[150338.573,482931.734],[150336.929,482932.538],[150333.998,482934.262],[150332.354,482935.389],[150330.147,482936.963],[150327.492,482939.113],[150324.757,482941.446],[150323.136,482943.113],[150321.619,482944.734],[150319.458,482947.159],[150313.808,482953.354],[150314.079,482953.607],[150313.826,482953.843],[150313.538,482953.601],[150313.044,482954.159],[150307.262,482961.4],[150303.01,482967.044],[150296.182,482976.101],[150296.073,482976.291],[150296.044,482976.446],[150296.125,482976.578],[150296.262,482976.607],[150296.469,482976.593],[150296.619,482976.458],[150296.987,482975.986],[150300.079,482971.722],[150303.814,482966.492]]]},"id":"171e43c6-9bf5-5be6-b0e8-fcc90d51217d"},{"type":"Feature","properties":{"bronhouder":"W0650","creation_date":"2025-12-02T23:00:00Z","eind_registratie":null,"in_onderzoek":null,"in_onderzoek_leeg":"geenWaarde","lokaal_id":"G0034.13b896d49f464e67952d561b8e1d98ed","lv_publicatiedatum":"2025-12-03T12:50:42Z","plus_status":null,"plus_status_codespace":"http://www.geostandaarden.nl/imgeo/def/2.1#VoidReasonValue","plus_status_leeg":"geenWaarde","plus_type":null,"plus_type_codespace":"http://www.geostandaarden.nl/imgeo/def/2.1#VoidReasonValue","plus_type_leeg":"geenWaarde","relatieve_hoogteligging":0,"status":"bestaand","status_codespace":"http://www.geostandaarden.nl/imgeo/def/2.1#Status","status_leeg":null,"termination_date":null,"termination_date_leeg":"geenWaarde","tijdstip_registratie":"2025-12-03T12:05:32Z","type":"oever, slootkant","type_codespace":"http://www.geostandaarden.nl/imgeo/def/2.1#TypeOndersteunendWaterdeel","version":"e6e739ab-4f41-7cd2-7686-6e6f11379f83"},"geometry":{"type":"Polygon","coordinates":[[[150457.851,482915.359],[150457.503,482915.814],[150457.285,482916.046],[150456.999,482916.25],[150440.852,482904.082],[150439.231,482902.978],[150438.795,482903.115],[150438.331,482903.932],[150437.732,482903.305],[150438.5,482901.466],[150438.686,482901.175],[150448.013,482907.952],[150457.851,482915.359]],[[150438.42,482903.469],[150438.938,482902.392],[150439.115,482902.324],[150439.278,482902.406],[150439.551,482902.529],[150448.408,482909.165],[150456.938,482915.501],[150457.21,482915.446],[150457.224,482915.215],[150457.142,482915.092],[150447.345,482907.993],[150439.156,482901.834],[150438.842,482901.82],[150438.706,482901.97],[150438.393,482902.638],[150438.161,482903.115],[150438.147,482903.333],[150438.42,482903.469]]]},"id":"bb7d50d5-1253-5f43-8787-699f3d5b8f78"},{"type":"Feature","properties":{"bronhouder":"W0650","creation_date":"2025-12-01T23:00:00Z","eind_registratie":null,"in_onderzoek":null,"in_onderzoek_leeg":"geenWaarde","lokaal_id":"G0034.1b9c676b094b4379a11cca950b54c9e9","lv_publicatiedatum":"2025-12-03T12:50:42Z","plus_status":null,"plus_status_codespace":"http://www.geostandaarden.nl/imgeo/def/2.1#VoidReasonValue","plus_status_leeg":"geenWaarde","plus_type":null,"plus_type_codespace":"http://www.geostandaarden.nl/imgeo/def/2.1#VoidReasonValue","plus_type_leeg":"geenWaarde","relatieve_hoogteligging":0,"status":"bestaand","status_codespace":"http://www.geostandaarden.nl/imgeo/def/2.1#Status","status_leeg":null,"termination_date":null,"termination_date_leeg":"geenWaarde","tijdstip_registratie":"2025-12-03T12:05:32Z","type":"oever, slootkant","type_codespace":"http://www.geostandaarden.nl/imgeo/def/2.1#TypeOndersteunendWaterdeel","version":"fbc5f3b2-7ca4-cbc0-8fee-41c69b7f8a6e"},"geometry":{"type":"Polygon","coordinates":[[[150411.051,482830.172],[150409.28,482832.734],[150407.89,482834.124],[150406.5,482835.132],[150405.355,482835.65],[150403.946,482836.024],[150403.858,482835.996],[150403.831,482835.988],[150403.727,482835.943],[150403.631,482835.884],[150403.544,482835.812],[150403.468,482835.729],[150403.404,482835.635],[150403.354,482835.534],[150402.973,482834.596],[150403.454,482834.394],[150405.732,482833.871],[150407.754,482832.905],[150411.301,482828.306],[150411.455,482825.819],[150412.894,482825.73],[150412.768,482827.447],[150412.277,482828.401],[150411.051,482830.172]],[[150404.056,482834.797],[150403.973,482834.952],[150403.959,482835.076],[150403.999,482835.199],[150404.166,482835.303],[150404.648,482835.222],[150405.528,482834.941],[150406.315,482834.607],[150407.028,482834.222],[150407.631,482833.826],[150408.275,482833.234],[150409.735,482831.412],[150412.217,482827.803],[150412.47,482827.308],[150412.522,482826.32],[150412.419,482826.101],[150412.321,482826.032],[150412.194,482826.027],[150412.016,482826.165],[150411.913,482827.826],[150408.47,482832.619],[150407.855,482833.285],[150407.424,482833.555],[150405.574,482834.395],[150404.056,482834.797]]]},"id":"7bb0894f-cc58-5afc-acb4-70aaa1777b93"},{"type":"Feature","properties":{"bronhouder":"W0650","creation_date":"2025-12-01T23:00:00Z","eind_registratie":null,"in_onderzoek":null,"in_onderzoek_leeg":"geenWaarde","lokaal_id":"G0034.21e5b6c2c08b46e7a18238bdcbe0042d","lv_publicatiedatum":"2025-12-03T12:50:42Z","plus_status":null,"plus_status_codespace":"http://www.geostandaarden.nl/imgeo/def/2.1#VoidReasonValue","plus_status_leeg":"geenWaarde","plus_type":null,"plus_type_codespace":"http://www.geostandaarden.nl/imgeo/def/2.1#VoidReasonValue","plus_type_leeg":"geenWaarde","relatieve_hoogteligging":0,"status":"bestaand","status_codespace":"http://www.geostandaarden.nl/imgeo/def/2.1#Status","status_leeg":null,"termination_date":null,"termination_date_leeg":"geenWaarde","tijdstip_registratie":"2025-12-03T12:05:32Z","type":"oever, slootkant","type_codespace":"http://www.geostandaarden.nl/imgeo/def/2.1#TypeOndersteunendWaterdeel","version":"cf996bd1-3cdb-79a9-ffc4-6ee55094590b"},"geometry":{"type":"Polygon","coordinates":[[[150413.329,482834.141],[150412.582,482835.557],[150410.726,482839.572],[150409.621,482841.604],[150407.106,482845.433],[150404.473,482849.396],[150404.05,482849.194],[150403.832,482848.649],[150404.268,482848.267],[150407.129,482843.661],[150409.8,482839.791],[150411.721,482834.981],[150412.049,482834.143],[150416.261,482828.187],[150416.928,482828.79],[150417.108,482828.953],[150413.329,482834.141]],[[150412.258,482835.139],[150412.999,482833.915],[150416.2,482829.363],[150416.292,482829.156],[150416.206,482829.035],[150416.074,482828.978],[150415.924,482829.081],[150412.108,482834.53],[150411.625,482835.587],[150411.269,482836.553],[150409.947,482839.863],[150404.269,482848.541],[150404.209,482848.662],[150404.219,482848.778],[150404.286,482848.857],[150404.396,482848.844],[150404.516,482848.759],[150406.217,482846.328],[150408.413,482843.058],[150410.298,482839.949],[150412.258,482835.139]]]},"id":"b6ebeb32-c0e4-5819-98c2-00a8553f0a43"},{"type":"Feature","properties":{"bronhouder":"W0650","creation_date":"2025-12-01T23:00:00Z","eind_registratie":null,"in_onderzoek":null,"in_onderzoek_leeg":"geenWaarde","lokaal_id":"G0034.26acf888c952406a89f53c2ea2037611","lv_publicatiedatum":"2025-12-03T12:50:42Z","plus_status":null,"plus_status_codespace":"http://www.geostandaarden.nl/imgeo/def/2.1#VoidReasonValue","plus_status_leeg":"geenWaarde","plus_type":null,"plus_type_codespace":"http://www.geostandaarden.nl/imgeo/def/2.1#VoidReasonValue","plus_type_leeg":"geenWaarde","relatieve_hoogteligging":0,"status":"bestaand","status_codespace":"http://www.geostandaarden.nl/imgeo/def/2.1#Status","status_leeg":null,"termination_date":null,"termination_date_leeg":"geenWaarde","tijdstip_registratie":"2025-12-03T12:05:32Z","type":"oever, slootkant","type_codespace":"http://www.geostandaarden.nl/imgeo/def/2.1#TypeOndersteunendWaterdeel","version":"d07e100a-f3b5-10f9-4c8b-0c26f2d6ebfc"},"geometry":{"type":"Polygon","coordinates":[[[150296.254,482961.454],[150296.007,482961.5],[150295.559,482961.351],[150294.994,482960.845],[150299.895,482954.461],[150300.915,482955.305],[150296.254,482961.454]],[[150297.174,482959.224],[150298.518,482957.448],[150300.317,482955.345],[150300.386,482955.214],[150300.352,482955.128],[150300.271,482955.042],[150300.168,482955.002],[150300.018,482955.042],[150295.541,482960.709],[150295.504,482960.786],[150295.498,482960.858],[150295.513,482960.956],[150295.582,482961.002],[150295.645,482960.996],[150295.793,482960.928],[150295.903,482960.789],[150297.174,482959.224]]]},"id":"6c4df7db-1836-53bf-a473-0b84c7287316"},{"type":"Feature","properties":{"bronhouder":"W0650","creation_date":"2025-12-01T23:00:00Z","eind_registratie":null,"in_onderzoek":null,"in_onderzoek_leeg":"geenWaarde","lokaal_id":"G0034.31c8d04f734640178883d61afa7e05bf","lv_publicatiedatum":"2025-12-03T12:50:42Z","plus_status":null,"plus_status_codespace":"http://www.geostandaarden.nl/imgeo/def/2.1#VoidReasonValue","plus_status_leeg":"geenWaarde","plus_type":null,"plus_type_codespace":"http://www.geostandaarden.nl/imgeo/def/2.1#VoidReasonValue","plus_type_leeg":"geenWaarde","relatieve_hoogteligging":0,"status":"bestaand","status_codespace":"http://www.geostandaarden.nl/imgeo/def/2.1#Status","status_leeg":null,"termination_date":null,"termination_date_leeg":"geenWaarde","tijdstip_registratie":"2025-12-03T12:05:32Z","type":"oever, slootkant","type_codespace":"http://www.geostandaarden.nl/imgeo/def/2.1#TypeOndersteunendWaterdeel","version":"43178a23-cee9-dcc0-3d46-488df87c19c3"},"geometry":{"type":"Polygon","coordinates":[[[150525.59,483013.224],[150531.786,483015.697],[150533.461,483016.337],[150534.06,483016.084],[150535.24,483013.687],[150536.114,483011.91],[150536.223,483011.67],[150536.318,483011.424],[150536.397,483011.172],[150536.42,483011.086],[150537.496,483006.954],[150538.396,483004.085],[150538.948,483004.144],[150539.03,483004.225],[150539.125,483004.416],[150539.221,483004.702],[150539.207,483005.384],[150538.894,483006.269],[150537.408,483011.352],[150536.046,483014.595],[150534.083,483018.41],[150531.822,483021.926],[150527.897,483027.649],[150527.597,483027.813],[150526.998,483027.894],[150526.725,483027.758],[150526.38,483027.22],[150527.185,483026.168],[150529.341,483023.313],[150531.356,483020.346],[150532.882,483017.62],[150531.333,483017.077],[150518.817,483011.995],[150509.383,483008.408],[150504.912,483006.592],[150502.636,483005.878],[150501.143,483005.558],[150500.751,483005.131],[150500.929,483004.74],[150501.527,483004.471],[150502.372,483004.529],[150503.952,483004.811],[150507.28,483005.672],[150515.222,483009.178],[150525.59,483013.224]],[[150508.492,483007.115],[150503.866,483005.23],[150503.05,483005],[150502.418,483004.851],[150501.739,483004.799],[150501.469,483004.862],[150501.389,483005.006],[150501.42,483005.138],[150501.498,483005.19],[150502.625,483005.305],[150503.659,483005.592],[150505.326,483006.236],[150508.464,483007.512],[150516.751,483010.718],[150527.429,483014.799],[150533.556,483017.155],[150533.647,483017.523],[150533.464,483017.971],[150531.544,483021.224],[150529.682,483023.764],[150527.205,483027.046],[150527.188,483027.161],[150527.248,483027.23],[150527.346,483027.25],[150527.438,483027.195],[150531.751,483021.368],[150534.28,483017.103],[150536.268,483013.172],[150536.946,483011.552],[150537.314,483010.437],[150538.872,483005.023],[150538.854,483004.816],[150538.688,483004.736],[150538.515,483004.793],[150538.349,483005.052],[150538.096,483006.052],[150536.711,483011.425],[150535.998,483013.069],[150534.216,483016.598],[150533.803,483016.747],[150533.331,483016.655],[150527.538,483014.448],[150508.492,483007.115]]]},"id":"d19535d5-918f-5256-9b5d-c655d35f68bf"},{"type":"Feature","properties":{"bronhouder":"W0650","creation_date":"2025-12-01T23:00:00Z","eind_registratie":null,"in_onderzoek":null,"in_onderzoek_leeg":"geenWaarde","lokaal_id":"G0034.3aa14cf3cd19438abb8eb2fe78edcfd1","lv_publicatiedatum":"2025-12-03T12:50:42Z","plus_status":null,"plus_status_codespace":"http://www.geostandaarden.nl/imgeo/def/2.1#VoidReasonValue","plus_status_leeg":"geenWaarde","plus_type":null,"plus_type_codespace":"http://www.geostandaarden.nl/imgeo/def/2.1#VoidReasonValue","plus_type_leeg":"geenWaarde","relatieve_hoogteligging":0,"status":"bestaand","status_codespace":"http://www.geostandaarden.nl/imgeo/def/2.1#Status","status_leeg":null,"termination_date":null,"termination_date_leeg":"geenWaarde","tijdstip_registratie":"2025-12-03T12:05:32Z","type":"oever, slootkant","type_codespace":"http://www.geostandaarden.nl/imgeo/def/2.1#TypeOndersteunendWaterdeel","version":"fb4f7125-ae62-9ed4-a431-460c84f73d9d"},"geometry":{"type":"Polygon","coordinates":[[[150500.821,483135.125],[150494.246,483143.999],[150486.223,483154.631],[150478.212,483165.229],[150469.189,483176.838],[150464.064,483183.507],[150453.338,483197.573],[150439.89,483215.309],[150430.545,483228.148],[150428.338,483230.987],[150427.787,483231.183],[150427.476,483231.045],[150427.189,483230.631],[150427.281,483229.941],[150432.476,483222.527],[150436.959,483216.516],[150441.315,483210.78],[150446.672,483203.987],[150450.729,483198.562],[150449.212,483197.435],[150449.063,483197.171],[150449.132,483196.849],[150449.304,483196.665],[150449.637,483196.631],[150451.097,483197.585],[150451.545,483197.562],[150457.535,483189.633],[150463.074,483182.585],[150466.179,483178.461],[150466.08,483178.246],[150464.769,483177.142],[150464.7,483176.809],[150464.907,483176.602],[150465.229,483176.614],[150465.689,483176.855],[150466.769,483177.706],[150470.126,483173.062],[150475.643,483165.924],[150481.689,483158.05],[150484.436,483154.729],[150483.011,483153.269],[150482.913,483153.039],[150482.959,483152.838],[150483.132,483152.665],[150483.321,483152.608],[150483.637,483152.654],[150485.2,483153.953],[150490.568,483145.987],[150499.005,483135.022],[150511.223,483118.861],[150514.936,483113.838],[150518.867,483108.849],[150518.746,483108.654],[150517.775,483107.964],[150517.442,483107.533],[150517.407,483107.309],[150517.62,483107.016],[150517.902,483106.849],[150518.189,483106.872],[150519.626,483107.838],[150519.815,483107.844],[150528.706,483095.798],[150537.338,483084.522],[150541.982,483078.211],[150549.384,483068.476],[150549.379,483068.246],[150549.149,483068.056],[150548.252,483067.441],[150548.074,483067.257],[150547.988,483067.062],[150548.028,483066.884],[150548.229,483066.74],[150548.425,483066.74],[150548.626,483066.757],[150549.12,483067.073],[150549.695,483067.464],[150550.011,483067.493],[150555.057,483060.964],[150560.482,483053.849],[150566.304,483046.234],[150566.304,483045.993],[150564.557,483044.746],[150564.287,483044.458],[150564.252,483044.183],[150564.39,483043.895],[150564.614,483043.706],[150564.861,483043.654],[150565.195,483043.763],[150566.81,483044.861],[150567.143,483044.775],[150570.706,483040.226],[150575.999,483033.3],[150582.471,483024.901],[150580.907,483023.907],[150580.66,483023.631],[150580.574,483023.338],[150580.672,483023.079],[150580.89,483022.913],[150581.229,483022.872],[150581.58,483022.958],[150582.614,483023.66],[150582.925,483023.855],[150583.074,483023.832],[150585.43,483020.671],[150588.777,483016.403],[150593.718,483009.786],[150596.627,483006.104],[150600.81,483000.556],[150604.603,482995.504],[150607.114,482992.091],[150611.655,482985.723],[150609.712,482984.378],[150609.471,482984.068],[150609.494,482983.688],[150609.758,482983.39],[150610.218,482983.114],[150610.597,482983.171],[150612.574,482984.688],[150615.31,482981.298],[150620.172,482974.665],[150624.54,482968.872],[150629.89,482961.858],[150633.752,482957.2],[150636.787,482953.461],[150637.04,482952.967],[150596.976,482924.799],[150596.447,482924.613],[150595.964,482924.882],[150585.994,482938.895],[150585.356,482939.252],[150584.689,482938.895],[150582.704,482937.278],[150582.308,482937.025],[150580.044,482935.41],[150547.328,482912.312],[150521.569,482894.181],[150480.76,482865.583],[150460.123,482851.274],[150439.765,482837.152],[150428.765,482829.673],[150424.731,482827.039],[150422.476,482825.248],[150422.242,482824.409],[150422.409,482823.805],[150422.754,482823.472],[150423.334,482823.093],[150423.966,482823.168],[150425.627,482824.31],[150461.019,482849.853],[150501.433,482878.573],[150522.218,482893.16],[150543.152,482907.614],[150582.902,482936.022],[150583.344,482936.37],[150584.878,482937.572],[150585.286,482937.767],[150585.667,482937.507],[150595.176,482923.426],[150595.899,482922.98],[150596.799,482923.258],[150638.125,482952.181],[150638.676,482952.614],[150638.792,482952.97],[150638.752,482953.344],[150638.246,482954.079],[150620.017,482977.964],[150608.109,482993.252],[150596.063,483009.596],[150585.902,483023.102],[150571.948,483041.39],[150562.097,483054.726],[150552.189,483067.921],[150545.833,483075.967],[150537.867,483086.608],[150526.833,483100.941],[150521.246,483108.493],[150507.304,483126.769],[150500.821,483135.125]],[[150509.229,483123.309],[150517.252,483112.918],[150525.413,483101.815],[150532.999,483091.93],[150536.379,483087.723],[150540.425,483081.93],[150548.746,483071.079],[150564.35,483050.573],[150568.218,483045.677],[150571.649,483040.884],[150580.54,483029.401],[150585.988,483021.769],[150594.264,483010.941],[150601.298,483001.447],[150613.551,482985.516],[150635.057,482956.884],[150637.988,482953.458],[150638.091,482952.907],[150637.873,482952.516],[150606.459,482930.401],[150598.103,482924.642],[150596.333,482923.573],[150595.976,482923.562],[150595.609,482923.78],[150594.425,482925.309],[150585.746,482937.757],[150585.298,482937.964],[150584.804,482937.78],[150580.93,482934.941],[150572.344,482928.838],[150564.379,482923.183],[150556.896,482917.999],[150546.505,482910.458],[150538.758,482905.114],[150530.183,482899.171],[150518.08,482890.734],[150503.999,482880.792],[150495.758,482874.907],[150487.149,482868.826],[150469.689,482856.55],[150457.494,482847.999],[150448.884,482841.838],[150440.689,482836.252],[150433.028,482830.855],[150425.876,482825.585],[150424.496,482824.565],[150424.298,482824.571],[150424.143,482824.668],[150423.976,482824.875],[150423.669,482825.39],[150437.545,482835.056],[150452.925,482845.792],[150471.384,482858.642],[150487.063,482869.562],[150510.223,482885.884],[150535.545,482903.596],[150556.132,482918.206],[150563.982,482923.665],[150573.396,482930.401],[150581.097,482935.878],[150585.195,482938.803],[150585.499,482938.832],[150585.81,482938.648],[150587.379,482936.28],[150592.494,482929.045],[150595.695,482924.568],[150596.2,482924.321],[150596.551,482924.303],[150597.091,482924.545],[150622.471,482942.309],[150637.298,482952.688],[150637.402,482953.056],[150637.114,482953.642],[150634.769,482956.516],[150625.689,482968.24],[150612.982,482985.453],[150612.764,482985.556],[150612.554,482985.481],[150610.927,482984.315],[150610.821,482984.298],[150610.764,482984.407],[150610.833,482984.51],[150612.333,482985.585],[150612.563,482985.849],[150612.551,482986.125],[150598.31,483004.769],[150587.459,483018.838],[150583.275,483024.165],[150583.051,483024.257],[150582.815,483024.234],[150581.31,483023.292],[150581.149,483023.326],[150581.074,483023.458],[150581.189,483023.665],[150582.407,483024.39],[150582.879,483024.734],[150582.936,483024.999],[150575.246,483035.321],[150570.419,483041.694],[150567.465,483045.068],[150566.81,483045.24],[150566.494,483045.165],[150565.252,483044.257],[150564.902,483044.027],[150564.712,483044.05],[150564.649,483044.234],[150564.718,483044.384],[150565.16,483044.683],[150566.028,483045.298],[150566.505,483045.683],[150566.718,483046.286],[150561.223,483053.734],[150550.643,483067.545],[150550.327,483067.849],[150549.999,483067.895],[150549.574,483067.752],[150548.568,483066.987],[150548.436,483066.964],[150548.367,483067.102],[150548.54,483067.263],[150549.425,483067.884],[150549.758,483068.309],[150549.7,483068.665],[150540.011,483081.585],[150530.746,483093.999],[150520.08,483107.918],[150519.735,483108.114],[150519.413,483108.022],[150518.482,483107.458],[150518.045,483107.194],[150517.792,483107.401],[150517.942,483107.711],[150519.16,483108.493],[150519.321,483108.999],[150513.976,483115.999],[150501.609,483132.137],[150490.264,483147.229],[150485.287,483154.355],[150485.126,483154.435],[150484.959,483154.349],[150483.548,483152.947],[150483.433,483152.846],[150483.321,483152.826],[150483.241,483152.872],[150483.223,483152.993],[150483.292,483153.108],[150484.844,483154.631],[150484.815,483154.907],[150477.103,483164.55],[150472.528,483170.746],[150469.723,483174.458],[150466.95,483178.252],[150465.284,483176.944],[150465.19,483176.913],[150465.109,483176.927],[150465.065,483177.004],[150465.06,483177.091],[150465.442,483177.41],[150466.771,483178.495],[150465.08,483180.792],[150455.586,483192.93],[150451.965,483197.642],[150451.568,483197.958],[150451.31,483197.97],[150451.074,483197.913],[150450.344,483197.453],[150449.741,483197.039],[150449.591,483197.022],[150449.534,483197.148],[150449.609,483197.292],[150450.769,483198.068],[150451.183,483198.481],[150451.183,483198.803],[150435.091,483219.711],[150427.942,483229.734],[150427.551,483230.367],[150427.655,483230.654],[150427.999,483230.769],[150428.551,483230.125],[150434.666,483221.596],[150437.333,483218.148],[150445.93,483206.677],[150455.057,483194.55],[150465.586,483181.022],[150470.022,483175.183],[150479.057,483163.298],[150484.275,483156.539],[150492.965,483144.746],[150501.677,483133.217],[150504.034,483130.252],[150509.229,483123.309]]]},"id":"83b1c189-fa9c-55b7-a19d-be8fbf03025a"},{"type":"Feature","properties":{"bronhouder":"W0650","creation_date":"2025-12-01T23:00:00Z","eind_registratie":null,"in_onderzoek":null,"in_onderzoek_leeg":"geenWaarde","lokaal_id":"G0034.4cb707088612476680d0edeaa1833e98","lv_publicatiedatum":"2025-12-03T12:50:42Z","plus_status":null,"plus_status_codespace":"http://www.geostandaarden.nl/imgeo/def/2.1#VoidReasonValue","plus_status_leeg":"geenWaarde","plus_type":null,"plus_type_codespace":"http://www.geostandaarden.nl/imgeo/def/2.1#VoidReasonValue","plus_type_leeg":"geenWaarde","relatieve_hoogteligging":0,"status":"bestaand","status_codespace":"http://www.geostandaarden.nl/imgeo/def/2.1#Status","status_leeg":null,"termination_date":null,"termination_date_leeg":"geenWaarde","tijdstip_registratie":"2025-12-03T12:05:32Z","type":"oever, slootkant","type_codespace":"http://www.geostandaarden.nl/imgeo/def/2.1#TypeOndersteunendWaterdeel","version":"badb07e6-89ea-af73-01b4-b04966cefd41"},"geometry":{"type":"Polygon","coordinates":[[[150352.76,482904.562],[150352.555,482905.146],[150352.359,482905.733],[150352.169,482906.322],[150350.235,482911.955],[150348.853,482915.263],[150347.804,482914.91],[150348.518,482912.992],[150349.628,482910.549],[150350.375,482908.273],[150351.472,482904.905],[150352.93,482901.577],[150353.656,482899.52],[150354.851,482897.168],[150356.178,482895.019],[150357.375,482893.434],[150357.84,482893.555],[150358.191,482893.796],[150358.342,482894.175],[150357.26,482895.44],[150356.361,482896.756],[150355.691,482897.96],[150355.37,482898.57],[150355.056,482899.184],[150354.752,482899.802],[150354.457,482900.425],[150354.17,482901.052],[150353.893,482901.683],[150353.652,482902.252],[150353.418,482902.825],[150353.191,482903.401],[150352.972,482903.98],[150352.76,482904.562]],[[150350.153,482910.842],[150350.619,482909.405],[150352.021,482905.267],[150354.527,482899.055],[150355.498,482897.405],[150356.771,482895.374],[150357.628,482894.546],[150357.751,482894.348],[150357.748,482894.216],[150357.705,482894.095],[150357.613,482894.029],[150357.415,482894.061],[150357.179,482894.244],[150356.452,482895.236],[150355.211,482897.224],[150354.188,482898.971],[150353.004,482901.845],[150351.613,482905.293],[150350.303,482909.581],[150349.349,482912.052],[150348.28,482914.523],[150348.263,482914.607],[150348.28,482914.698],[150348.406,482914.785],[150348.51,482914.767],[150348.613,482914.618],[150349.642,482912.204],[150350.153,482910.842]]]},"id":"79838338-0997-57db-a375-9609ff87eb04"},{"type":"Feature","properties":{"bronhouder":"W0650","creation_date":"2025-12-01T23:00:00Z","eind_registratie":null,"in_onderzoek":null,"in_onderzoek_leeg":"geenWaarde","lokaal_id":"G0034.4ccd9a48b888427a94cd5d7eaf41bfd0","lv_publicatiedatum":"2025-12-03T12:50:42Z","plus_status":null,"plus_status_codespace":"http://www.geostandaarden.nl/imgeo/def/2.1#VoidReasonValue","plus_status_leeg":"geenWaarde","plus_type":null,"plus_type_codespace":"http://www.geostandaarden.nl/imgeo/def/2.1#VoidReasonValue","plus_type_leeg":"geenWaarde","relatieve_hoogteligging":0,"status":"bestaand","status_codespace":"http://www.geostandaarden.nl/imgeo/def/2.1#Status","status_leeg":null,"termination_date":null,"termination_date_leeg":"geenWaarde","tijdstip_registratie":"2025-12-03T12:05:32Z","type":"oever, slootkant","type_codespace":"http://www.geostandaarden.nl/imgeo/def/2.1#TypeOndersteunendWaterdeel","version":"176164ca-de2c-7d7f-7d8b-283fa4b46203"},"geometry":{"type":"Polygon","coordinates":[[[150335.207,483060.629],[150337.471,483063.272],[150338.885,483064.893],[150341.38,483067.859],[150342.77,483068.755],[150343.759,483068.928],[150344.529,483067.997],[150344.069,483066.226],[150341.242,483060.111],[150340.023,483057.031],[150338.609,483052.468],[150338.081,483049.18],[150336.885,483043.732],[150336.104,483038.629],[150335.782,483034.79],[150336.54,483032.606],[150335.989,483031.433],[150335.506,483028.031],[150335.828,483024.468],[150336.288,483021.41],[150337.092,483017.985],[150338.793,483012.537],[150339.276,483008.169],[150340.127,483005.226],[150341.345,483003.594],[150342.655,483001.111],[150343.529,483000.238],[150344.61,482999.912],[150345.69,482999.652],[150346.54,482998.755],[150348.77,482993.744],[150353.345,482985.065],[150358.035,482977.617],[150362.218,482970.742],[150365.184,482967.144],[150366.805,482964.075],[150366.55,482963.121],[150365.731,482961.848],[150366.456,482962.317],[150367.112,482963.627],[150367.066,482964.524],[150366.031,482966.593],[150363.962,482969.512],[150362.388,482971.282],[150358.376,482977.914],[150353.64,482985.547],[150349.238,482993.937],[150347.479,482998.386],[150346.79,482999.374],[150345.514,483000.409],[150343.7,483002.014],[150340.935,483008.4],[150338.188,483017.187],[150337.508,483021.333],[150337.013,483025.107],[150336.973,483031.906],[150337.097,483035.062],[150337.716,483039.331],[150339.06,483048.021],[150339.926,483051.981],[150342.7,483060.376],[150344.061,483063.656],[150345.113,483066.316],[150346.041,483067.616],[150345.608,483069.101],[150345.188,483070.916],[150344.384,483071.164],[150343.208,483071.102],[150342.218,483070.731],[150340.733,483069.369],[150337.749,483065.758],[150333.899,483060.682],[150329.874,483054.907],[150324.724,483044.989],[150322.152,483041.412],[150320.451,483036.216],[150319.991,483033.642],[150319.071,483027.458],[150318.773,483022.952],[150318.75,483019.664],[150319.324,483016.63],[150320.819,483012.124],[150323.416,483005.963],[150327.439,482999.527],[150334.232,482989.756],[150341.865,482981.067],[150346.635,482975.101],[150351.807,482969.251],[150356.681,482963.975],[150359.278,482961.412],[150361.221,482960.078],[150363.186,482959.733],[150364.152,482959.791],[150364.888,482960.147],[150365.267,482960.653],[150365.148,482961.029],[150364.115,482960.144],[150362.895,482960.052],[150360.941,482960.719],[150359.022,482962.236],[150354.559,482966.841],[150347.033,482975.417],[150342.22,482981.367],[150334.279,482990.522],[150327.803,482999.797],[150323.875,483006.264],[150321.322,483012.33],[150320.313,483016.069],[150319.788,483020.094],[150319.529,483023.79],[150319.864,483027.329],[150320.285,483031.883],[150321,483035.721],[150323.061,483041.401],[150325.552,483043.824],[150329.184,483049.824],[150332.196,483055.801],[150335.207,483060.629]]]},"id":"6f3758f0-7a47-5542-a362-5901104adb04"},{"type":"Feature","properties":{"bronhouder":"W0650","creation_date":"2025-12-01T23:00:00Z","eind_registratie":null,"in_onderzoek":null,"in_onderzoek_leeg":"geenWaarde","lokaal_id":"G0034.5ecb259a9e75493bba7d98cafcfa1bad","lv_publicatiedatum":"2025-12-03T12:50:42Z","plus_status":null,"plus_status_codespace":"http://www.geostandaarden.nl/imgeo/def/2.1#VoidReasonValue","plus_status_leeg":"geenWaarde","plus_type":null,"plus_type_codespace":"http://www.geostandaarden.nl/imgeo/def/2.1#VoidReasonValue","plus_type_leeg":"geenWaarde","relatieve_hoogteligging":0,"status":"bestaand","status_codespace":"http://www.geostandaarden.nl/imgeo/def/2.1#Status","status_leeg":null,"termination_date":null,"termination_date_leeg":"geenWaarde","tijdstip_registratie":"2025-12-03T12:05:32Z","type":"oever, slootkant","type_codespace":"http://www.geostandaarden.nl/imgeo/def/2.1#TypeOndersteunendWaterdeel","version":"0ff0ccaf-cc74-5517-0b96-61074d3c8f54"},"geometry":{"type":"Polygon","coordinates":[[[150382.845,482868.081],[150382.545,482870.915],[150382.136,482873.858],[150381.7,482875.412],[150380.828,482876.066],[150377.83,482877.81],[150376.713,482878.055],[150376.004,482877.81],[150375.759,482877.483],[150375.68,482877.09],[150377.391,482876.196],[150379.205,482875.236],[150380.138,482874.696],[150380.541,482874.104],[150380.955,482873.54],[150381.162,482873.104],[150381.303,482872.498],[150381.445,482870.684],[150381.645,482868.155],[150382.197,482865.615],[150383.336,482863.352],[150384.381,482861.886],[150385.326,482862.404],[150384.945,482862.978],[150383.635,482865.165],[150382.845,482868.081]],[[150382.722,482866.13],[150383.383,482864.762],[150383.814,482864.158],[150384.642,482862.71],[150384.573,482862.578],[150384.447,482862.474],[150384.222,482862.543],[150383.498,482863.716],[150383.153,482864.451],[150382.487,482866.072],[150382.085,482869.233],[150381.349,482874.221],[150380.912,482874.854],[150380.268,482875.348],[150376.445,482877.265],[150376.401,482877.359],[150376.401,482877.469],[150376.521,482877.549],[150376.699,482877.526],[150380.556,482875.624],[150381.268,482875.084],[150381.625,482874.359],[150382.062,482871.118],[150382.722,482866.13]]]},"id":"f40f2e8e-848e-5d80-a672-14a2c339aa19"},{"type":"Feature","properties":{"bronhouder":"W0650","creation_date":"2025-12-01T23:00:00Z","eind_registratie":null,"in_onderzoek":null,"in_onderzoek_leeg":"geenWaarde","lokaal_id":"G0034.62d25d6096ee45d9a9e06a394b2384a1","lv_publicatiedatum":"2025-12-03T12:50:42Z","plus_status":null,"plus_status_codespace":"http://www.geostandaarden.nl/imgeo/def/2.1#VoidReasonValue","plus_status_leeg":"geenWaarde","plus_type":null,"plus_type_codespace":"http://www.geostandaarden.nl/imgeo/def/2.1#VoidReasonValue","plus_type_leeg":"geenWaarde","relatieve_hoogteligging":0,"status":"bestaand","status_codespace":"http://www.geostandaarden.nl/imgeo/def/2.1#Status","status_leeg":null,"termination_date":null,"termination_date_leeg":"geenWaarde","tijdstip_registratie":"2025-12-03T12:05:32Z","type":"oever, slootkant","type_codespace":"http://www.geostandaarden.nl/imgeo/def/2.1#TypeOndersteunendWaterdeel","version":"db88b6d6-3678-f229-bd66-879d61cb72e3"},"geometry":{"type":"Polygon","coordinates":[[[150414.215,482996.905],[150413.41,482997.537],[150413.238,482997.819],[150414.066,482998.848],[150414.066,482998.974],[150413.979,482999.101],[150413.732,482999.158],[150412.066,482997.353],[150412.054,482997.267],[150412.068,482997.164],[150412.163,482997.037],[150412.405,482996.997],[150412.606,482997.135],[150412.755,482997.302],[150412.979,482997.371],[150413.175,482997.273],[150441.295,482973.819],[150441.543,482973.658],[150441.698,482973.652],[150441.801,482973.756],[150441.623,482974.06],[150414.215,482996.905]]]},"id":"0c2c55b9-302b-528d-a072-38280f78afa8"},{"type":"Feature","properties":{"bronhouder":"W0650","creation_date":"2025-12-01T23:00:00Z","eind_registratie":null,"in_onderzoek":null,"in_onderzoek_leeg":"geenWaarde","lokaal_id":"G0034.66fe7a6f5905451b81dc25a0ad1e061e","lv_publicatiedatum":"2025-12-03T12:50:42Z","plus_status":null,"plus_status_codespace":"http://www.geostandaarden.nl/imgeo/def/2.1#VoidReasonValue","plus_status_leeg":"geenWaarde","plus_type":null,"plus_type_codespace":"http://www.geostandaarden.nl/imgeo/def/2.1#VoidReasonValue","plus_type_leeg":"geenWaarde","relatieve_hoogteligging":0,"status":"bestaand","status_codespace":"http://www.geostandaarden.nl/imgeo/def/2.1#Status","status_leeg":null,"termination_date":null,"termination_date_leeg":"geenWaarde","tijdstip_registratie":"2025-12-03T12:05:32Z","type":"oever, slootkant","type_codespace":"http://www.geostandaarden.nl/imgeo/def/2.1#TypeOndersteunendWaterdeel","version":"13d610e3-baf9-7b7d-3985-343515b3740a"},"geometry":{"type":"Polygon","coordinates":[[[150365.966,482949.601],[150365.97,482952.77],[150365.209,482952.692],[150365.209,482950.843],[150365.031,482949.598],[150364.533,482948.496],[150363.253,482946.433],[150361.448,482944.481],[150361.531,482944.162],[150361.885,482943.952],[150362.255,482944.024],[150363.06,482944.982],[150365.966,482949.601]],[[150365.49,482950.243],[150365.479,482952.07],[150365.479,482952.398],[150365.553,482952.467],[150365.674,482952.444],[150365.76,482952.346],[150365.766,482950.18],[150365.64,482949.536],[150365.393,482949.036],[150364.111,482946.852],[150363.18,482945.467],[150362.22,482944.432],[150362.065,482944.386],[150361.944,482944.421],[150361.891,482944.519],[150361.913,482944.622],[150362.973,482945.714],[150363.904,482946.955],[150364.72,482948.381],[150365.272,482949.438],[150365.49,482950.243]]]},"id":"a8123191-5a39-5eea-8c72-786f3c0acfe2"},{"type":"Feature","properties":{"bronhouder":"W0650","creation_date":"2025-12-01T23:00:00Z","eind_registratie":null,"in_onderzoek":null,"in_onderzoek_leeg":"geenWaarde","lokaal_id":"G0034.6e224656f6684fbf8e1e5a8b49bb4a15","lv_publicatiedatum":"2025-12-03T12:50:42Z","plus_status":null,"plus_status_codespace":"http://www.geostandaarden.nl/imgeo/def/2.1#VoidReasonValue","plus_status_leeg":"geenWaarde","plus_type":null,"plus_type_codespace":"http://www.geostandaarden.nl/imgeo/def/2.1#VoidReasonValue","plus_type_leeg":"geenWaarde","relatieve_hoogteligging":0,"status":"bestaand","status_codespace":"http://www.geostandaarden.nl/imgeo/def/2.1#Status","status_leeg":null,"termination_date":null,"termination_date_leeg":"geenWaarde","tijdstip_registratie":"2025-12-03T12:05:32Z","type":"oever, slootkant","type_codespace":"http://www.geostandaarden.nl/imgeo/def/2.1#TypeOndersteunendWaterdeel","version":"9616e3b7-d513-2776-7249-444c8cb1579d"},"geometry":{"type":"Polygon","coordinates":[[[150360.921,482910.304],[150360.306,482912.666],[150359.824,482914.896],[150359.573,482916.857],[150359.623,482919.271],[150359.975,482921.383],[150360.227,482922.741],[150360.78,482924.401],[150361.534,482926.513],[150362.44,482928.525],[150363.395,482930.838],[150364.401,482932.749],[150365.507,482934.61],[150366.714,482936.622],[150368.923,482940.043],[150370.312,482942.395],[150370.276,482942.619],[150370.085,482942.755],[150369.922,482942.837],[150369.731,482942.837],[150369.418,482942.605],[150365.289,482935.874],[150362.809,482931.282],[150361.119,482927.766],[150359.934,482924.278],[150358.912,482920.98],[150358.694,482916.811],[150358.98,482913.731],[150359.975,482910.338],[150361.174,482906.673],[150362.714,482902.98],[150363.259,482902.489],[150363.736,482902.367],[150363.885,482902.421],[150364.022,482902.571],[150364.021,482902.833],[150363.191,482904.315],[150362.335,482906.424],[150360.921,482910.304]],[[150360.818,482908.441],[150359.818,482911.568],[150359.438,482913.223],[150358.944,482916.418],[150358.967,482918.131],[150359.105,482920.074],[150359.473,482921.821],[150359.933,482923.717],[150360.703,482925.855],[150361.45,482927.614],[150362.461,482929.867],[150363.622,482932.338],[150365.323,482935.407],[150369.553,482942.327],[150369.703,482942.373],[150369.898,482942.35],[150369.967,482942.235],[150365.622,482935.292],[150363.875,482932.189],[150361.668,482927.441],[150360.967,482925.729],[150360.208,482923.591],[150359.818,482921.798],[150359.45,482920.074],[150359.283,482918.102],[150359.26,482916.47],[150359.72,482913.373],[150360.157,482911.602],[150362.019,482906.143],[150362.685,482904.579],[150363.478,482903.056],[150363.542,482902.895],[150363.513,482902.781],[150363.41,482902.758],[150363.3,482902.809],[150363.254,482902.855],[150362.438,482904.453],[150361.737,482906.051],[150360.818,482908.441]]]},"id":"71a60bb6-15de-564b-bf61-93273cc34a77"},{"type":"Feature","properties":{"bronhouder":"W0650","creation_date":"2025-12-01T23:00:00Z","eind_registratie":null,"in_onderzoek":null,"in_onderzoek_leeg":"geenWaarde","lokaal_id":"G0034.75db30fd5173481786974f5efa6da04f","lv_publicatiedatum":"2025-12-03T12:50:42Z","plus_status":null,"plus_status_codespace":"http://www.geostandaarden.nl/imgeo/def/2.1#VoidReasonValue","plus_status_leeg":"geenWaarde","plus_type":null,"plus_type_codespace":"http://www.geostandaarden.nl/imgeo/def/2.1#VoidReasonValue","plus_type_leeg":"geenWaarde","relatieve_hoogteligging":0,"status":"bestaand","status_codespace":"http://www.geostandaarden.nl/imgeo/def/2.1#Status","status_leeg":null,"termination_date":null,"termination_date_leeg":"geenWaarde","tijdstip_registratie":"2025-12-03T12:05:32Z","type":"oever, slootkant","type_codespace":"http://www.geostandaarden.nl/imgeo/def/2.1#TypeOndersteunendWaterdeel","version":"f29b4385-b120-754f-35ed-e9a03b6169ed"},"geometry":{"type":"Polygon","coordinates":[[[150389.133,482857.203],[150388.242,482856.561],[150389.394,482854.769],[150400.092,482838.985],[150400.055,482838.807],[150400.823,482838.866],[150400.911,482838.873],[150400.953,482838.878],[150401.056,482838.9],[150401.155,482838.938],[150401.246,482838.99],[150401.329,482839.056],[150401.4,482839.133],[150401.049,482840.583],[150396.798,482846.687],[150390.163,482856.335],[150389.133,482857.203]],[[150389.43,482856.357],[150389.597,482856.242],[150390.079,482855.645],[150394.597,482848.771],[150400.516,482840.093],[150400.551,482839.851],[150400.355,482839.691],[150400.229,482839.679],[150399.964,482839.897],[150389.114,482855.909],[150389.062,482856.064],[150389.056,482856.202],[150389.206,482856.357],[150389.43,482856.357]]]},"id":"d335378f-7a6b-595d-9c30-6c87cf9afac5"},{"type":"Feature","properties":{"bronhouder":"W0650","creation_date":"2025-12-01T23:00:00Z","eind_registratie":null,"in_onderzoek":null,"in_onderzoek_leeg":"geenWaarde","lokaal_id":"G0034.77b9eff8fa7040b9a5e4330112a1d726","lv_publicatiedatum":"2025-12-03T12:50:42Z","plus_status":null,"plus_status_codespace":"http://www.geostandaarden.nl/imgeo/def/2.1#VoidReasonValue","plus_status_leeg":"geenWaarde","plus_type":null,"plus_type_codespace":"http://www.geostandaarden.nl/imgeo/def/2.1#VoidReasonValue","plus_type_leeg":"geenWaarde","relatieve_hoogteligging":0,"status":"bestaand","status_codespace":"http://www.geostandaarden.nl/imgeo/def/2.1#Status","status_leeg":null,"termination_date":null,"termination_date_leeg":"geenWaarde","tijdstip_registratie":"2025-12-03T12:05:32Z","type":"oever, slootkant","type_codespace":"http://www.geostandaarden.nl/imgeo/def/2.1#TypeOndersteunendWaterdeel","version":"b635b149-eb66-8a47-1a49-1850bb3018e4"},"geometry":{"type":"Polygon","coordinates":[[[150237.522,482992.772],[150230.189,483002.956],[150213.637,483026.312],[150194.925,483052.749],[150189.304,483060.611],[150188.856,483061.036],[150188.465,483061.14],[150188.028,483061.071],[150187.729,483060.852],[150187.591,483060.519],[150187.609,483060.151],[150197.93,483045.415],[150215.861,483019.852],[150231.93,482996.703],[150252.827,482967.14],[150272.494,482939.657],[150293.425,482909.599],[150309.252,482887.289],[150315.333,482879.025],[150315.568,482878.174],[150316.103,482876.611],[150317.333,482875.025],[150326.827,482861.979],[150345.907,482834.921],[150356.85,482819.519],[150363.632,482809.542],[150376.137,482792.151],[150376.758,482791.611],[150377.252,482791.312],[150377.758,482791.3],[150378.413,482791.565],[150381.597,482793.772],[150389.298,482799.335],[150397.609,482805.082],[150412.85,482815.777],[150413.287,482816.226],[150413.476,482816.617],[150413.373,482817.117],[150413.068,482817.542],[150412.712,482817.818],[150412.304,482817.858],[150411.626,482817.645],[150410.557,482817.002],[150399.315,482808.691],[150390.499,482802.634],[150382.534,482797.036],[150378.603,482794.082],[150377.913,482793.864],[150377.396,482794.025],[150376.833,482794.576],[150360.361,482817.174],[150353.649,482826.588],[150339.844,482846.634],[150330.028,482860.703],[150321.545,482872.22],[150317.902,482877.048],[150317.672,482877.979],[150317.258,482878.979],[150316.568,482880.392],[150310.557,482888.68],[150303.614,482898.749],[150299.132,482905.323],[150294.948,482911.427],[150290.235,482917.921],[150287.109,482922.22],[150276.925,482936.634],[150269.338,482947.461],[150252.396,482971.714],[150245.04,482982.013],[150237.522,482992.772]],[[150316.175,482878.25],[150315.979,482878.744],[150315.761,482879.319],[150309.646,482887.469],[150293.922,482909.882],[150260.542,482957.193],[150234.542,482994.02],[150224.818,483007.951],[150216.014,483020.181],[150187.968,483060.117],[150187.959,483060.341],[150188.034,483060.525],[150188.172,483060.72],[150188.494,483060.72],[150188.792,483060.536],[150193.758,483053.295],[150202.425,483041.111],[150205.574,483036.559],[150213.528,483025.41],[150218.93,483017.502],[150226.746,483006.559],[150235.321,482994.467],[150245.367,482980.191],[150251.689,482971.18],[150260.195,482959.134],[150269.045,482946.628],[150276.586,482935.915],[150286.54,482921.525],[150298.425,482904.536],[150302.137,482899.168],[150306.551,482892.927],[150310.861,482886.95],[150316.229,482879.651],[150316.643,482878.846],[150317.091,482877.594],[150317.459,482876.433],[150332.275,482855.789],[150374.218,482796.375],[150376.833,482793.134],[150377.315,482792.892],[150378.04,482792.823],[150378.66,482793.042],[150392.959,482803.571],[150400.603,482808.812],[150409.195,482814.996],[150411.675,482816.775],[150411.778,482816.821],[150411.905,482816.844],[150412.32,482816.293],[150412.387,482816.349],[150412.416,482816.306],[150412.433,482816.167],[150412.382,482816.02],[150396.29,482804.905],[150380.473,482793.71],[150378.06,482792.078],[150377.255,482791.94],[150376.359,482792.492],[150373.6,482796.009],[150360.519,482814.951],[150348.106,482832.606],[150332.037,482855.595],[150317.06,482876.055],[150316.623,482876.721],[150316.175,482878.25]]]},"id":"787369e4-a93e-5c5d-bb3f-2efcf9010c42"},{"type":"Feature","properties":{"bronhouder":"W0650","creation_date":"2025-12-01T23:00:00Z","eind_registratie":null,"in_onderzoek":null,"in_onderzoek_leeg":"geenWaarde","lokaal_id":"G0034.7cfb091af73546e59f17b6524223c475","lv_publicatiedatum":"2025-12-03T12:50:42Z","plus_status":null,"plus_status_codespace":"http://www.geostandaarden.nl/imgeo/def/2.1#VoidReasonValue","plus_status_leeg":"geenWaarde","plus_type":null,"plus_type_codespace":"http://www.geostandaarden.nl/imgeo/def/2.1#VoidReasonValue","plus_type_leeg":"geenWaarde","relatieve_hoogteligging":0,"status":"bestaand","status_codespace":"http://www.geostandaarden.nl/imgeo/def/2.1#Status","status_leeg":null,"termination_date":null,"termination_date_leeg":"geenWaarde","tijdstip_registratie":"2025-12-03T12:05:32Z","type":"oever, slootkant","type_codespace":"http://www.geostandaarden.nl/imgeo/def/2.1#TypeOndersteunendWaterdeel","version":"a74a5893-3065-9706-f4e5-42bea072870b"},"geometry":{"type":"Polygon","coordinates":[[[150305.992,482949.328],[150304.773,482950.773],[150303.493,482949.902],[150304.524,482948.597],[150309.758,482942.402],[150315.728,482936.267],[150319.147,482933.014],[150324.765,482927.964],[150328.393,482925.475],[150331.314,482923.759],[150332.938,482923.148],[150333.165,482923.382],[150333.458,482923.762],[150333.587,482924.236],[150333.306,482924.598],[150331.693,482925.359],[150328.308,482927.526],[150321.78,482932.852],[150313.36,482940.923],[150305.992,482949.328]],[[150310.993,482942.497],[150319.194,482934.319],[150325.211,482929.003],[150326.837,482927.871],[150329.567,482925.963],[150330.596,482925.296],[150332.745,482924.239],[150332.886,482924.141],[150332.926,482924.023],[150332.826,482923.845],[150332.74,482923.79],[150332.504,482923.836],[150330.168,482925.086],[150326.547,482927.604],[150324.961,482928.776],[150321.835,482931.431],[150318.835,482934.04],[150316.329,482936.385],[150314.777,482937.948],[150310.628,482942.236],[150307.191,482946.351],[150304.352,482949.489],[150304.297,482949.624],[150304.326,482949.739],[150304.424,482949.836],[150304.631,482949.836],[150304.763,482949.756],[150306.559,482947.767],[150306.355,482947.601],[150306.636,482947.27],[150306.881,482947.417],[150307.573,482946.561],[150310.993,482942.497]]]},"id":"0272e7bd-db89-50a3-9977-9e6234939c51"},{"type":"Feature","properties":{"bronhouder":"W0650","creation_date":"2025-12-01T23:00:00Z","eind_registratie":null,"in_onderzoek":null,"in_onderzoek_leeg":"geenWaarde","lokaal_id":"G0034.81153f9be65d46528e8704839853e5b0","lv_publicatiedatum":"2025-12-03T12:50:42Z","plus_status":null,"plus_status_codespace":"http://www.geostandaarden.nl/imgeo/def/2.1#VoidReasonValue","plus_status_leeg":"geenWaarde","plus_type":null,"plus_type_codespace":"http://www.geostandaarden.nl/imgeo/def/2.1#VoidReasonValue","plus_type_leeg":"geenWaarde","relatieve_hoogteligging":0,"status":"bestaand","status_codespace":"http://www.geostandaarden.nl/imgeo/def/2.1#Status","status_leeg":null,"termination_date":null,"termination_date_leeg":"geenWaarde","tijdstip_registratie":"2025-12-03T12:05:32Z","type":"oever, slootkant","type_codespace":"http://www.geostandaarden.nl/imgeo/def/2.1#TypeOndersteunendWaterdeel","version":"5a206872-d8c3-d32c-d8d9-7047f8957b56"},"geometry":{"type":"Polygon","coordinates":[[[150362.789,482889.29],[150362.441,482889.279],[150362.125,482889.092],[150361.938,482888.719],[150362.214,482888.17],[150363.906,482886.249],[150365.749,482884.485],[150367.614,482882.948],[150368.771,482881.963],[150369.277,482882.233],[150369.53,482882.52],[150369.501,482883.147],[150368.523,482883.951],[150365.443,482886.795],[150362.789,482889.29]],[[150362.605,482888.538],[150362.662,482888.63],[150362.789,482888.647],[150362.938,482888.572],[150369.013,482882.744],[150368.99,482882.647],[150368.903,482882.578],[150368.731,482882.572],[150362.656,482888.365],[150362.605,482888.538]]]},"id":"b3b273fd-1266-5852-a781-1057d50de3bf"},{"type":"Feature","properties":{"bronhouder":"W0650","creation_date":"2025-12-01T23:00:00Z","eind_registratie":null,"in_onderzoek":null,"in_onderzoek_leeg":"geenWaarde","lokaal_id":"G0034.833d0c17cf0349b7a333d8a81450526d","lv_publicatiedatum":"2025-12-03T12:50:42Z","plus_status":null,"plus_status_codespace":"http://www.geostandaarden.nl/imgeo/def/2.1#VoidReasonValue","plus_status_leeg":"geenWaarde","plus_type":null,"plus_type_codespace":"http://www.geostandaarden.nl/imgeo/def/2.1#VoidReasonValue","plus_type_leeg":"geenWaarde","relatieve_hoogteligging":0,"status":"bestaand","status_codespace":"http://www.geostandaarden.nl/imgeo/def/2.1#Status","status_leeg":null,"termination_date":null,"termination_date_leeg":"geenWaarde","tijdstip_registratie":"2025-12-03T12:05:32Z","type":"oever, slootkant","type_codespace":"http://www.geostandaarden.nl/imgeo/def/2.1#TypeOndersteunendWaterdeel","version":"8e7a6409-6f5a-2943-58aa-bd2d9270e0cd"},"geometry":{"type":"Polygon","coordinates":[[[150483.26,483019.906],[150477.995,483022.871],[150471.857,483026.044],[150463.8,483031.147],[150456.57,483036.32],[150453.731,483039.262],[150451.294,483041.71],[150450.271,483042.377],[150449.076,483042.653],[150448.225,483042.446],[150447.076,483041.699],[150446.926,483040.963],[150446.972,483039.009],[150447.398,483037.607],[150447.696,483037.124],[150448.696,483035.733],[150450.087,483034.216],[150451.639,483033.078],[150458.076,483028.032],[150472.857,483016.998],[150477.191,483013.596],[150480.559,483010.435],[150482.444,483008.182],[150483.317,483006.159],[150483.34,483004.779],[150483.202,483003.584],[150482.409,483001.906],[150481.271,482999.837],[150480.49,482998.71],[150479.754,482997.653],[150479.133,482996.331],[150478.811,482995.676],[150476.34,482993.251],[150473.639,482991.504],[150468.719,482988.354],[150462.604,482984.331],[150457.938,482981.205],[150455.306,482979.538],[150453.444,482978.182],[150450.214,482975.561],[150448.306,482973.871],[150445.984,482972.216],[150444.03,482970.664],[150435.663,482963.437],[150431.87,482960.208],[150428.215,482957.15],[150426.974,482955.656],[150426.422,482954.047],[150423.87,482951.346],[150418.56,482946.679],[150414.928,482943.863],[150410.893,482941.012],[150407.847,482939.598],[150405.514,482938.759],[150403.066,482938.196],[150400.64,482938.357],[150399.02,482938.782],[150395.192,482940.311],[150392.698,482942.047],[150389.675,482944.196],[150386.732,482946.679],[150383.824,482948.771],[150381.56,482949.886],[150380.204,482950.093],[150379.514,482949.978],[150378.698,482949.242],[150378.548,482948.265],[150378.824,482946.966],[150379.146,482946.139],[150380.652,482943.713],[150382.571,482941.667],[150386.882,482937.185],[150392.686,482932.495],[150398.123,482928.587],[150399.916,482927.357],[150403.537,482925.759],[150405.422,482925.334],[150408.663,482925.575],[150411.181,482926.116],[150413.457,482927.047],[150417.261,482929.07],[150419.307,482931.104],[150424.215,482936.644],[150425.788,482939.228],[150427.064,482940.423],[150427.501,482941.561],[150427.846,482942.32],[150428.49,482943.055],[150428.972,482943.504],[150429.248,482944.067],[150430.409,482946.09],[150431.444,482947.676],[150432.283,482948.929],[150434.317,482951.435],[150436.581,482954.124],[150438.34,482955.883],[150441.26,482958.078],[150444.788,482960.929],[150446.949,482962.343],[150451.639,482964.687],[150458.375,482967.4],[150464.513,482969.791],[150469.593,482971.791],[150475.616,482974.205],[150486.329,482978.561],[150489.616,482980.239],[150492.237,482981.538],[150494.34,482983.182],[150496.869,482985.446],[150499.018,482988.825],[150499.673,482990.791],[150499.903,482992.664],[150500.076,482994.607],[150500.053,482997.791],[150499.662,483002.055],[150499.007,483005.504],[150498.064,483007.538],[150496.593,483009.929],[150494.604,483012.147],[150491.834,483014.389],[150488.616,483016.745],[150483.26,483019.906]],[[150487.811,483016.354],[150491.487,483013.728],[150493.981,483011.41],[150495.818,483009.397],[150497.218,483006.859],[150498.268,483004.934],[150498.857,482998.793],[150499.412,482994.362],[150499.366,482991.121],[150498.861,482989.19],[150496.401,482985.88],[150493.858,482983.559],[150491.939,482982.074],[150489.402,482980.775],[150486.185,482978.981],[150481.792,482977.186],[150475.48,482974.587],[150469.417,482972.298],[150464.585,482970.454],[150461.435,482969.08],[150451.375,482965.031],[150446.674,482962.506],[150444.846,482961.299],[150441.57,482958.679],[150439.72,482957.311],[150438.042,482956.012],[150436.639,482954.633],[150435.57,482953.449],[150433.881,482951.322],[150432.134,482949.219],[150431.122,482947.862],[150429.996,482946.196],[150429.019,482944.127],[150428.777,482943.667],[150428.398,482943.207],[150427.685,482942.426],[150427.283,482941.598],[150426.984,482940.736],[150425.559,482939.437],[150419.8,482932.61],[150417.973,482930.793],[150416.743,482929.621],[150413.168,482927.805],[150411.639,482926.954],[150410.134,482926.61],[150408.754,482926.426],[150407.191,482926.207],[150405.042,482926.173],[150404.053,482926.403],[150401.869,482927.322],[150400.053,482928.058],[150399.088,482928.782],[150396.915,482930.161],[150393.286,482932.758],[150388.08,482936.914],[150385.017,482940.021],[150381.162,482943.955],[150380.243,482945.355],[150379.281,482946.624],[150379.193,482947.98],[150379.145,482948.523],[150379.387,482949.11],[150379.777,482949.328],[150380.421,482949.477],[150381.364,482949.408],[150382.456,482948.937],[150384.306,482947.811],[150385.927,482946.604],[150387.869,482944.949],[150389.111,482943.857],[150390.662,482942.65],[150392.582,482941.408],[150395.641,482939.207],[150397.872,482938.288],[150400.134,482937.816],[150403.065,482937.728],[150405.603,482938.035],[150407.965,482939.041],[150411.334,482940.572],[150414.178,482942.498],[150417.134,482944.77],[150423.754,482950.31],[150426.675,482953.38],[150432.353,482959.771],[150439.242,482965.274],[150444.297,482970.528],[150448.567,482973.684],[150453.764,482977.953],[150458.979,482981.545],[150465.279,482985.92],[150471.527,482989.983],[150476.393,482993.008],[150479.079,482995.707],[150480.01,482997.569],[150483.539,483002.041],[150484.001,483004.797],[150483.913,483006.198],[150482.776,483008.648],[150480.85,483010.923],[150477.805,483013.934],[150473.35,483017.399],[150467.162,483021.978],[150458.265,483028.414],[150452.118,483033.576],[150450.849,483034.561],[150449.121,483036.048],[150448.049,483037.317],[150447.415,483039.067],[150447.349,483040.402],[150447.568,483041.364],[150448.06,483041.704],[150448.746,483042.179],[150449.608,483042.213],[150451.033,483041.408],[150456.162,483036.073],[150460.447,483033.018],[150463.389,483030.949],[150471.355,483025.483],[150477.543,483022.265],[150482.678,483019.295],[150487.811,483016.354]]]},"id":"d5889489-aa6b-5401-bb76-a2db6c401718"},{"type":"Feature","properties":{"bronhouder":"W0650","creation_date":"2025-12-01T23:00:00Z","eind_registratie":null,"in_onderzoek":null,"in_onderzoek_leeg":"geenWaarde","lokaal_id":"G0034.84e99bcc2a98482e85289c75d01955f8","lv_publicatiedatum":"2025-12-03T12:50:42Z","plus_status":null,"plus_status_codespace":"http://www.geostandaarden.nl/imgeo/def/2.1#VoidReasonValue","plus_status_leeg":"geenWaarde","plus_type":null,"plus_type_codespace":"http://www.geostandaarden.nl/imgeo/def/2.1#VoidReasonValue","plus_type_leeg":"geenWaarde","relatieve_hoogteligging":0,"status":"bestaand","status_codespace":"http://www.geostandaarden.nl/imgeo/def/2.1#Status","status_leeg":null,"termination_date":null,"termination_date_leeg":"geenWaarde","tijdstip_registratie":"2025-12-03T12:05:32Z","type":"oever, slootkant","type_codespace":"http://www.geostandaarden.nl/imgeo/def/2.1#TypeOndersteunendWaterdeel","version":"19a25d61-5135-4ad2-c121-a072edbfedea"},"geometry":{"type":"Polygon","coordinates":[[[150377.141,482969.033],[150377.694,482970.027],[150377.969,482970.525],[150378.241,482971.023],[150378.513,482971.523],[150378.783,482972.023],[150379.052,482972.524],[150379.319,482973.025],[150379.585,482973.528],[150379.85,482974.031],[150380.113,482974.535],[150380.342,482974.975],[150380.57,482975.417],[150380.796,482975.858],[150381.022,482976.301],[150381.246,482976.744],[150382.176,482978.789],[150382.759,482979.918],[150383.318,482981.059],[150383.853,482982.212],[150384.364,482983.376],[150384.85,482984.551],[150385.311,482985.736],[150385.746,482986.929],[150386.156,482988.131],[150386.524,482989.293],[150386.866,482990.462],[150387.185,482991.639],[150387.479,482992.822],[150387.751,482994.011],[150388.001,482995.205],[150388.231,482996.403],[150388.439,482997.603],[150388.611,482998.691],[150388.764,482999.783],[150388.9,483000.876],[150389.117,483003.069],[150389.13,483003.973],[150388.01,483004.028],[150387.791,483001.661],[150387.648,482998.46],[150387.008,482995.26],[150386.153,482991.708],[150384.636,482987.179],[150381.745,482980.324],[150378.402,482973.709],[150376.126,482969.371],[150375.262,482968.116],[150373.969,482966.558],[150373.038,482965.728],[150371.93,482965.103],[150371.127,482965.09],[150370.426,482965.007],[150370.271,482964.742],[150370.283,482964.346],[150370.461,482964.099],[150371.93,482964.179],[150373.068,482964.392],[150374.309,482965.063],[150377.141,482969.033]],[[150378.602,482973.213],[150382.119,482980.202],[150382.992,482982.248],[150384.785,482986.708],[150386.027,482990.018],[150387.153,482994.397],[150388.004,482998.903],[150388.28,483001.133],[150388.349,483003.259],[150388.475,483003.42],[150388.659,483003.363],[150388.739,483003.133],[150388.682,483001.524],[150388.337,482998.788],[150387.533,482994.282],[150386.441,482989.961],[150385.176,482986.455],[150383.211,482981.708],[150382.36,482979.892],[150378.992,482972.972],[150376.739,482969.03],[150374.739,482966.145],[150374.142,482965.443],[150373.337,482964.892],[150372.579,482964.57],[150371.831,482964.386],[150371.073,482964.34],[150370.918,482964.392],[150370.872,482964.518],[150370.923,482964.627],[150371.033,482964.673],[150371.906,482964.725],[150372.923,482965.053],[150373.895,482965.736],[150374.51,482966.374],[150375.785,482968.122],[150376.446,482969.162],[150377.027,482970.116],[150378.602,482973.213]]]},"id":"f1dbf8ea-c438-5eed-9413-f151c0768cc5"},{"type":"Feature","properties":{"bronhouder":"W0650","creation_date":"2025-12-01T23:00:00Z","eind_registratie":null,"in_onderzoek":null,"in_onderzoek_leeg":"geenWaarde","lokaal_id":"G0034.9b0683bc3eea4b1fa1f753cfff636cf5","lv_publicatiedatum":"2025-12-03T12:50:42Z","plus_status":null,"plus_status_codespace":"http://www.geostandaarden.nl/imgeo/def/2.1#VoidReasonValue","plus_status_leeg":"geenWaarde","plus_type":null,"plus_type_codespace":"http://www.geostandaarden.nl/imgeo/def/2.1#VoidReasonValue","plus_type_leeg":"geenWaarde","relatieve_hoogteligging":0,"status":"bestaand","status_codespace":"http://www.geostandaarden.nl/imgeo/def/2.1#Status","status_leeg":null,"termination_date":null,"termination_date_leeg":"geenWaarde","tijdstip_registratie":"2025-12-03T12:05:32Z","type":"oever, slootkant","type_codespace":"http://www.geostandaarden.nl/imgeo/def/2.1#TypeOndersteunendWaterdeel","version":"13bfab69-8c21-3c87-d118-4487601395ca"},"geometry":{"type":"Polygon","coordinates":[[[150455.429,482942.657],[150447.232,482956.034],[150445.895,482958.143],[150445.685,482958.298],[150445.601,482958.304],[150445.285,482958.088],[150445.208,482957.982],[150445.246,482957.714],[150448.137,482952.765],[150455.932,482939.69],[150463.476,482926.312],[150465.286,482923.445],[150465.789,482922.842],[150465.337,482922.339],[150463.979,482921.283],[150462.623,482920.343],[150461.623,482919.585],[150461.614,482919.197],[150461.881,482918.935],[150462.159,482918.841],[150466.812,482922.034],[150469.539,482923.983],[150485.617,482935.768],[150485.059,482936.571],[150468.938,482924.85],[150466.914,482923.579],[150466.323,482924.025],[150455.429,482942.657]],[[150465.841,482923.903],[150466.295,482923.271],[150466.594,482922.932],[150466.749,482922.915],[150467.358,482923.208],[150470.381,482925.335],[150473.715,482927.766],[150479.393,482932.07],[150483.674,482935.162],[150484.766,482935.961],[150485.014,482936.059],[150485.14,482936.001],[150485.197,482935.892],[150485.163,482935.737],[150484.824,482935.472],[150479.588,482931.823],[150473.594,482927.403],[150469.123,482924.053],[150465.347,482921.432],[150462.266,482919.277],[150462.1,482919.271],[150462.008,482919.358],[150461.985,482919.458],[150462.005,482919.562],[150466.43,482922.711],[150465.614,482923.837],[150464.074,482926.355],[150462.809,482928.481],[150459.787,482933.585],[150456.131,482939.941],[150455.039,482941.699],[150451.292,482947.849],[150448.614,482952.366],[150446.384,482956.263],[150445.574,482957.705],[150445.528,482957.791],[150445.551,482957.869],[150445.597,482957.901],[150445.683,482957.921],[150445.764,482957.883],[150465.841,482923.903]]]},"id":"e332bb63-dd5f-5136-8617-1b033d289333"},{"type":"Feature","properties":{"bronhouder":"W0650","creation_date":"2025-12-01T23:00:00Z","eind_registratie":null,"in_onderzoek":null,"in_onderzoek_leeg":"geenWaarde","lokaal_id":"G0034.9deb16ccd15e45edae06bac996703860","lv_publicatiedatum":"2025-12-03T12:50:42Z","plus_status":null,"plus_status_codespace":"http://www.geostandaarden.nl/imgeo/def/2.1#VoidReasonValue","plus_status_leeg":"geenWaarde","plus_type":null,"plus_type_codespace":"http://www.geostandaarden.nl/imgeo/def/2.1#VoidReasonValue","plus_type_leeg":"geenWaarde","relatieve_hoogteligging":0,"status":"bestaand","status_codespace":"http://www.geostandaarden.nl/imgeo/def/2.1#Status","status_leeg":null,"termination_date":null,"termination_date_leeg":"geenWaarde","tijdstip_registratie":"2025-12-03T12:05:32Z","type":"oever, slootkant","type_codespace":"http://www.geostandaarden.nl/imgeo/def/2.1#TypeOndersteunendWaterdeel","version":"9cce8d9f-e2f2-2f68-2b15-f5c724c090b1"},"geometry":{"type":"Polygon","coordinates":[[[150496.19,482931.998],[150496.064,482932.208],[150495.837,482932.357],[150495.593,482932.464],[150495.25,482932.445],[150492.691,482930.503],[150493.446,482929.522],[150495.959,482931.331],[150495.992,482931.379],[150496.075,482931.501],[150496.193,482931.759],[150496.19,482931.998]],[[150495.748,482931.759],[150495.707,482931.599],[150493.621,482930.041],[150493.271,482930.432],[150495.182,482931.918],[150495.443,482931.984],[150495.656,482931.915],[150495.748,482931.759]]]},"id":"6240d908-bc7b-572c-81d1-dfdf07a53fe1"},{"type":"Feature","properties":{"bronhouder":"W0650","creation_date":"2025-12-01T23:00:00Z","eind_registratie":null,"in_onderzoek":null,"in_onderzoek_leeg":"geenWaarde","lokaal_id":"G0034.a0ce5138966247378fcf7cef41a4e300","lv_publicatiedatum":"2025-12-03T12:50:42Z","plus_status":null,"plus_status_codespace":"http://www.geostandaarden.nl/imgeo/def/2.1#VoidReasonValue","plus_status_leeg":"geenWaarde","plus_type":null,"plus_type_codespace":"http://www.geostandaarden.nl/imgeo/def/2.1#VoidReasonValue","plus_type_leeg":"geenWaarde","relatieve_hoogteligging":0,"status":"bestaand","status_codespace":"http://www.geostandaarden.nl/imgeo/def/2.1#Status","status_leeg":null,"termination_date":null,"termination_date_leeg":"geenWaarde","tijdstip_registratie":"2025-12-03T12:05:32Z","type":"oever, slootkant","type_codespace":"http://www.geostandaarden.nl/imgeo/def/2.1#TypeOndersteunendWaterdeel","version":"2b18f758-bccf-9bcb-c48c-1086f2e0a7f3"},"geometry":{"type":"Polygon","coordinates":[[[150511.26,482978.068],[150504.513,482980.407],[150499.9,482981.991],[150498.95,482981.809],[150498.685,482981.235],[150498.912,482980.612],[150499.831,482980.037],[150508.383,482977.221],[150519.06,482973.796],[150527.652,482970.998],[150532.399,482969.348],[150529.805,482966.013],[150526.036,482962.777],[150524.067,482961.304],[150524.082,482960.812],[150524.259,482960.689],[150524.504,482960.539],[150524.831,482960.553],[150526.603,482961.657],[150528.279,482963.115],[150531.603,482966.48],[150534.138,482970.241],[150536.4,482974.52],[150538.853,482980.08],[150539.834,482983.459],[150540.651,482988.882],[150540.774,482995.559],[150540.692,482996.717],[150540.583,482997.249],[150540.052,482997.521],[150539.467,482997.549],[150539.331,482996.047],[150539.3,482990.871],[150539.158,482986.355],[150538.411,482982.372],[150537.167,482978.709],[150535.566,482975.259],[150532.865,482970.035],[150532.297,482970.302],[150511.26,482978.068]],[[150521.769,482973.783],[150525.953,482972.392],[150528.936,482971.358],[150531.947,482970.185],[150532.756,482969.861],[150532.896,482969.8],[150534.907,482973.225],[150536.792,482977.168],[150537.666,482979.386],[150538.287,482981.237],[150538.827,482983.087],[150539.413,482986.386],[150539.631,482990.915],[150539.643,482996.616],[150539.746,482996.8],[150539.988,482996.858],[150540.241,482996.731],[150540.332,482996.352],[150540.275,482990.8],[150540.16,482988.513],[150539.735,482985.237],[150539.505,482983.903],[150538.781,482981.168],[150538.172,482979.444],[150537.516,482977.858],[150536.137,482974.766],[150534.827,482972.34],[150533.246,482969.444],[150531.873,482967.541],[150530.781,482966.22],[150529.562,482964.926],[150527.534,482963.024],[150525.039,482960.99],[150524.832,482960.903],[150524.666,482960.938],[150524.574,482961.047],[150524.597,482961.197],[150524.723,482961.323],[150526.913,482963.036],[150529.591,482965.392],[150531.097,482967.243],[150532.671,482969.363],[150532.575,482969.578],[150532.545,482969.645],[150531.453,482970.093],[150524.672,482972.438],[150519.568,482974.162],[150512.741,482976.369],[150506.373,482978.392],[150499.918,482980.578],[150499.682,482980.779],[150499.682,482981.066],[150499.869,482981.287],[150500.17,482981.29],[150506.625,482978.922],[150517.844,482975.145],[150521.769,482973.783]]]},"id":"66e4b833-9629-5fe0-8c4b-b7f31f43e02b"},{"type":"Feature","properties":{"bronhouder":"W0650","creation_date":"2025-12-01T23:00:00Z","eind_registratie":null,"in_onderzoek":null,"in_onderzoek_leeg":"geenWaarde","lokaal_id":"G0034.a7e519ab36fc49f9928f184f56eda31a","lv_publicatiedatum":"2025-12-03T12:50:42Z","plus_status":null,"plus_status_codespace":"http://www.geostandaarden.nl/imgeo/def/2.1#VoidReasonValue","plus_status_leeg":"geenWaarde","plus_type":null,"plus_type_codespace":"http://www.geostandaarden.nl/imgeo/def/2.1#VoidReasonValue","plus_type_leeg":"geenWaarde","relatieve_hoogteligging":0,"status":"bestaand","status_codespace":"http://www.geostandaarden.nl/imgeo/def/2.1#Status","status_leeg":null,"termination_date":null,"termination_date_leeg":"geenWaarde","tijdstip_registratie":"2025-12-03T12:05:32Z","type":"oever, slootkant","type_codespace":"http://www.geostandaarden.nl/imgeo/def/2.1#TypeOndersteunendWaterdeel","version":"1094c7f0-b458-12c9-7981-3faa98e1ec46"},"geometry":{"type":"Polygon","coordinates":[[[150383.127,482960.834],[150383.931,482961.895],[150383.046,482962.435],[150380.31,482957.893],[150380.709,482952.578],[150380.837,482952.066],[150381.301,482952.108],[150380.964,482956.491],[150381.006,482958.093],[150381.975,482959.315],[150383.127,482960.834]],[[150381.032,482953.635],[150381.149,482952.452],[150381.138,482952.397],[150381.101,482952.357],[150381.029,482952.354],[150380.963,482952.377],[150380.537,482957.687],[150380.583,482958.049],[150380.756,482958.354],[150383.06,482961.888],[150383.204,482961.94],[150383.331,482961.923],[150383.376,482961.848],[150383.388,482961.71],[150380.819,482958.049],[150380.767,482957.601],[150381.032,482953.635]]]},"id":"9e7f8c7d-d84f-53b1-bd16-d4e62113569a"},{"type":"Feature","properties":{"bronhouder":"W0650","creation_date":"2025-12-01T23:00:00Z","eind_registratie":null,"in_onderzoek":null,"in_onderzoek_leeg":"geenWaarde","lokaal_id":"G0034.b025ec9961884e8694da7f8b636f59e3","lv_publicatiedatum":"2025-12-03T12:50:42Z","plus_status":null,"plus_status_codespace":"http://www.geostandaarden.nl/imgeo/def/2.1#VoidReasonValue","plus_status_leeg":"geenWaarde","plus_type":null,"plus_type_codespace":"http://www.geostandaarden.nl/imgeo/def/2.1#VoidReasonValue","plus_type_leeg":"geenWaarde","relatieve_hoogteligging":0,"status":"bestaand","status_codespace":"http://www.geostandaarden.nl/imgeo/def/2.1#Status","status_leeg":null,"termination_date":null,"termination_date_leeg":"geenWaarde","tijdstip_registratie":"2025-12-03T12:05:32Z","type":"oever, slootkant","type_codespace":"http://www.geostandaarden.nl/imgeo/def/2.1#TypeOndersteunendWaterdeel","version":"ad47b309-fa47-b063-0138-d823bc9fdd6b"},"geometry":{"type":"Polygon","coordinates":[[[150385.195,483023.255],[150384.75,483024.144],[150384.288,483025.025],[150383.812,483025.899],[150383.325,483026.766],[150382.831,483027.628],[150382.346,483028.455],[150381.847,483029.275],[150381.336,483030.087],[150380.812,483030.892],[150380.276,483031.688],[150379.169,483033.255],[150372.155,483043.519],[150369.284,483047.689],[150368.416,483046.941],[150376.883,483034.19],[150380.755,483028.557],[150382.918,483024.886],[150384.728,483021.566],[150385.784,483018.851],[150385.935,483017.895],[150373.395,483016.314],[150347.222,483013.515],[150346.785,483013.32],[150346.584,483013.038],[150346.642,483012.777],[150346.803,483012.509],[150347.16,483012.363],[150358.074,483013.369],[150383.102,483016.159],[150386.237,483016.386],[150386.945,483014.427],[150387.079,483013.4],[150387.573,483013.165],[150387.906,483013.222],[150388.165,483013.584],[150388.067,483014.673],[150387.854,483015.672],[150387.614,483016.664],[150387.346,483017.65],[150387.052,483018.628],[150386.732,483019.597],[150386.391,483020.529],[150386.019,483021.448],[150385.619,483022.356],[150385.195,483023.255]],[[150362.584,483014.63],[150386.13,483017.435],[150386.372,483017.607],[150386.423,483017.82],[150385.923,483019.515],[150385.285,483021.349],[150384.538,483023.09],[150383.722,483024.596],[150382.32,483026.883],[150380.55,483029.676],[150372.4,483041.768],[150369.021,483046.757],[150368.975,483046.857],[150368.955,483046.972],[150368.978,483047.084],[150369.079,483047.153],[150369.262,483047.113],[150369.423,483046.981],[150373.739,483040.429],[150376.751,483035.935],[150380.889,483029.9],[150383.579,483025.601],[150384.682,483023.624],[150385.785,483021.05],[150386.59,483018.889],[150387.073,483017.303],[150387.636,483014.797],[150387.797,483014.027],[150387.716,483013.831],[150387.544,483013.762],[150387.395,483013.866],[150386.785,483016.314],[150386.625,483016.82],[150386.142,483016.981],[150375.176,483015.601],[150362.636,483014.245],[150359.142,483013.866],[150348.975,483012.975],[150347.291,483012.843],[150347.01,483012.9],[150346.923,483013.027],[150347.044,483013.211],[150347.308,483013.268],[150362.584,483014.63]]]},"id":"d9ef5f66-093a-55d6-940c-a2c6a2253578"},{"type":"Feature","properties":{"bronhouder":"W0650","creation_date":"2025-12-01T23:00:00Z","eind_registratie":null,"in_onderzoek":null,"in_onderzoek_leeg":"geenWaarde","lokaal_id":"G0034.b3a2de6cc50d4a73bb812f8a0f2dd85f","lv_publicatiedatum":"2025-12-03T12:50:42Z","plus_status":null,"plus_status_codespace":"http://www.geostandaarden.nl/imgeo/def/2.1#VoidReasonValue","plus_status_leeg":"geenWaarde","plus_type":null,"plus_type_codespace":"http://www.geostandaarden.nl/imgeo/def/2.1#VoidReasonValue","plus_type_leeg":"geenWaarde","relatieve_hoogteligging":0,"status":"bestaand","status_codespace":"http://www.geostandaarden.nl/imgeo/def/2.1#Status","status_leeg":null,"termination_date":null,"termination_date_leeg":"geenWaarde","tijdstip_registratie":"2025-12-03T12:05:32Z","type":"oever, slootkant","type_codespace":"http://www.geostandaarden.nl/imgeo/def/2.1#TypeOndersteunendWaterdeel","version":"092d9744-7a26-2112-a4ee-1b08dde2f69c"},"geometry":{"type":"Polygon","coordinates":[[[150488.064,482926.05],[150487.932,482926.383],[150487.676,482926.642],[150487.282,482926.82],[150486.92,482926.725],[150486.564,482926.469],[150462.789,482908.695],[150462.666,482908.494],[150462.703,482908.201],[150462.863,482907.874],[150463.154,482907.637],[150463.538,482907.63],[150464.762,482908.509],[150488.15,482925.65],[150488.064,482926.05]],[[150487.031,482925.951],[150487.218,482925.939],[150487.312,482925.862],[150487.341,482925.767],[150487.312,482925.64],[150487.241,482925.543],[150463.473,482908.005],[150463.324,482908.005],[150463.215,482908.091],[150463.174,482908.189],[150463.169,482908.293],[150470.812,482914.155],[150482.031,482922.316],[150486.881,482925.902],[150487.031,482925.951]]]},"id":"e6f2a5de-57f2-568a-938e-02941490fa82"},{"type":"Feature","properties":{"bronhouder":"W0650","creation_date":"2025-12-01T23:00:00Z","eind_registratie":null,"in_onderzoek":null,"in_onderzoek_leeg":"geenWaarde","lokaal_id":"G0034.cc78a23a6d384532b9a1b9e0bcf991ec","lv_publicatiedatum":"2025-12-03T12:50:42Z","plus_status":null,"plus_status_codespace":"http://www.geostandaarden.nl/imgeo/def/2.1#VoidReasonValue","plus_status_leeg":"geenWaarde","plus_type":null,"plus_type_codespace":"http://www.geostandaarden.nl/imgeo/def/2.1#VoidReasonValue","plus_type_leeg":"geenWaarde","relatieve_hoogteligging":0,"status":"bestaand","status_codespace":"http://www.geostandaarden.nl/imgeo/def/2.1#Status","status_leeg":null,"termination_date":null,"termination_date_leeg":"geenWaarde","tijdstip_registratie":"2025-12-03T12:05:32Z","type":"oever, slootkant","type_codespace":"http://www.geostandaarden.nl/imgeo/def/2.1#TypeOndersteunendWaterdeel","version":"26ee7de7-bf53-a142-b468-70af3af26e94"},"geometry":{"type":"Polygon","coordinates":[[[150435.955,482888.145],[150435.802,482888.337],[150435.634,482888.416],[150435.37,482888.333],[150432.825,482886.512],[150432.794,482886.356],[150432.84,482886.191],[150432.972,482885.955],[150433.197,482885.836],[150433.422,482885.85],[150436.024,482887.742],[150436.041,482887.955],[150435.955,482888.145]],[[150435.575,482887.972],[150435.639,482887.895],[150435.641,482887.826],[150433.371,482886.245],[150433.288,482886.257],[150433.219,482886.32],[150433.196,482886.389],[150433.19,482886.461],[150435.469,482887.998],[150435.575,482887.972]]]},"id":"3f8060a8-4fa9-5b61-907c-03e963ef65f4"},{"type":"Feature","properties":{"bronhouder":"W0650","creation_date":"2025-12-01T23:00:00Z","eind_registratie":null,"in_onderzoek":null,"in_onderzoek_leeg":"geenWaarde","lokaal_id":"G0034.d52ff5c4a3e34fbd9ed06cabe878249d","lv_publicatiedatum":"2025-12-03T12:50:42Z","plus_status":null,"plus_status_codespace":"http://www.geostandaarden.nl/imgeo/def/2.1#VoidReasonValue","plus_status_leeg":"geenWaarde","plus_type":null,"plus_type_codespace":"http://www.geostandaarden.nl/imgeo/def/2.1#VoidReasonValue","plus_type_leeg":"geenWaarde","relatieve_hoogteligging":0,"status":"bestaand","status_codespace":"http://www.geostandaarden.nl/imgeo/def/2.1#Status","status_leeg":null,"termination_date":null,"termination_date_leeg":"geenWaarde","tijdstip_registratie":"2025-12-03T12:05:32Z","type":"oever, slootkant","type_codespace":"http://www.geostandaarden.nl/imgeo/def/2.1#TypeOndersteunendWaterdeel","version":"e5f70613-1d7b-294a-26a7-5b9dd201f391"},"geometry":{"type":"Polygon","coordinates":[[[150452.061,482898.771],[150457.377,482903.168],[150457.434,482903.305],[150457.434,482903.507],[150457.331,482903.719],[150457.107,482903.805],[150456.854,482903.8],[150456.026,482903.225],[150448.785,482897.65],[150440.302,482891.581],[150440.239,482891.415],[150440.216,482891.185],[150440.291,482890.932],[150440.492,482890.754],[150440.768,482890.719],[150441.084,482890.777],[150452.061,482898.771]],[[150456.457,482903.124],[150456.992,482903.55],[150457.118,482903.567],[150457.19,482903.524],[150457.216,482903.435],[150457.167,482903.36],[150453.423,482900.326],[150450.084,482897.711],[150446.641,482895.17],[150440.814,482891.05],[150440.69,482891.041],[150440.601,482891.096],[150440.59,482891.176],[150440.613,482891.248],[150440.659,482891.303],[150446.526,482895.504],[150449.923,482897.987],[150456.457,482903.124]]]},"id":"3ba16e8b-bf4c-510a-86bd-b7be82846f42"},{"type":"Feature","properties":{"bronhouder":"W0650","creation_date":"2025-12-01T23:00:00Z","eind_registratie":null,"in_onderzoek":null,"in_onderzoek_leeg":"geenWaarde","lokaal_id":"G0034.de18a2b624784234a786aa4477220551","lv_publicatiedatum":"2025-12-03T12:50:42Z","plus_status":null,"plus_status_codespace":"http://www.geostandaarden.nl/imgeo/def/2.1#VoidReasonValue","plus_status_leeg":"geenWaarde","plus_type":null,"plus_type_codespace":"http://www.geostandaarden.nl/imgeo/def/2.1#VoidReasonValue","plus_type_leeg":"geenWaarde","relatieve_hoogteligging":0,"status":"bestaand","status_codespace":"http://www.geostandaarden.nl/imgeo/def/2.1#Status","status_leeg":null,"termination_date":null,"termination_date_leeg":"geenWaarde","tijdstip_registratie":"2025-12-03T12:05:32Z","type":"oever, slootkant","type_codespace":"http://www.geostandaarden.nl/imgeo/def/2.1#TypeOndersteunendWaterdeel","version":"1dc07529-8a04-437b-05d2-1c18661d5ed6"},"geometry":{"type":"Polygon","coordinates":[[[150423.524,482890.509],[150424.382,482891.047],[150425.264,482891.605],[150426.141,482892.169],[150427.015,482892.739],[150427.885,482893.314],[150428.751,482893.896],[150429.614,482894.483],[150430.472,482895.076],[150431.327,482895.675],[150432.177,482896.279],[150433.024,482896.888],[150433.088,482897.141],[150433.051,482897.365],[150432.86,482897.733],[150432.549,482897.845],[150432.21,482897.73],[150431.078,482896.887],[150429.503,482895.77],[150427.883,482894.617],[150423.48,482891.559],[150417.636,482888.042],[150411.699,482885.128],[150407.998,482883.691],[150406.747,482883.262],[150405.942,482883.262],[150405.64,482883.061],[150404.975,482882.933],[150402.791,482882.404],[150400.008,482882.055],[150398.136,482881.892],[150396.59,482881.841],[150394.59,482882.059],[150392.969,482882.22],[150391.357,482882.457],[150388.491,482883.212],[150385.524,482884.368],[150383.766,482885.41],[150383.07,482885.823],[150382.613,482885.881],[150382.302,482885.43],[150382.161,482884.97],[150382.354,482884.683],[150383.269,482884.165],[150384.702,482883.37],[150385.439,482883.012],[150386.188,482882.68],[150387.175,482882.293],[150388.18,482881.955],[150389.201,482881.661],[150390.232,482881.41],[150391.271,482881.198],[150392.309,482881.03],[150393.354,482880.907],[150394.404,482880.823],[150395.456,482880.776],[150396.508,482880.76],[150397.566,482880.777],[150398.624,482880.829],[150399.679,482880.916],[150400.731,482881.036],[150401.778,482881.187],[150402.7,482881.35],[150403.616,482881.543],[150404.526,482881.763],[150405.432,482882.005],[150406.333,482882.264],[150407.229,482882.538],[150408.122,482882.821],[150409.109,482883.146],[150410.09,482883.487],[150411.064,482883.848],[150412.03,482884.232],[150412.985,482884.64],[150413.884,482885.059],[150414.773,482885.502],[150415.654,482885.959],[150416.532,482886.422],[150417.424,482886.901],[150418.31,482887.392],[150419.19,482887.892],[150420.065,482888.402],[150420.935,482888.92],[150421.801,482889.444],[150422.664,482889.974],[150423.524,482890.509]],[[150432.318,482897.272],[150432.445,482897.335],[150432.6,482897.335],[150432.738,482897.3],[150432.795,482897.22],[150432.784,482897.082],[150432.588,482896.915],[150425.611,482892.134],[150421.807,482889.663],[150417.537,482887.197],[150416.439,482886.594],[150414.669,482885.674],[150413.163,482884.967],[150411.956,482884.433],[150410.479,482883.818],[150407.778,482882.95],[150403.732,482881.835],[150402.669,482881.588],[150400.968,482881.352],[150398.956,482881.134],[150396.669,482881.053],[150395.508,482881.071],[150394.439,482881.157],[150393.468,482881.277],[150392.353,482881.398],[150391.261,482881.605],[150389.376,482882.042],[150388.088,482882.444],[150386.973,482882.852],[150385.692,482883.398],[150384.209,482884.111],[150382.962,482884.829],[150382.854,482884.884],[150382.779,482884.981],[150382.797,482885.137],[150382.986,482885.206],[150383.205,482885.188],[150384.521,482884.441],[150385.894,482883.706],[150387.136,482883.2],[150388.187,482882.821],[150389.256,482882.556],[150390.814,482882.183],[150392.067,482881.93],[150394.389,482881.614],[150395.325,482881.516],[150396.354,482881.447],[150398.199,482881.573],[150399.9,482881.752],[150402.595,482882.01],[150404.067,482882.332],[150405.348,482882.683],[150407.877,482883.269],[150408.492,482883.453],[150411.843,482884.734],[150413.153,482885.321],[150415.595,482886.556],[150419.877,482888.913],[150423.728,482891.315],[150428.354,482894.522],[150430.68,482896.128],[150432.318,482897.272]]]},"id":"fd1ea2bc-4c54-5a1c-8936-f1c724929198"},{"type":"Feature","properties":{"bronhouder":"W0650","creation_date":"2025-12-01T23:00:00Z","eind_registratie":null,"in_onderzoek":null,"in_onderzoek_leeg":"geenWaarde","lokaal_id":"G0034.e4d46bc79c374c87987043bdcc1c4c9c","lv_publicatiedatum":"2025-12-03T12:50:42Z","plus_status":null,"plus_status_codespace":"http://www.geostandaarden.nl/imgeo/def/2.1#VoidReasonValue","plus_status_leeg":"geenWaarde","plus_type":null,"plus_type_codespace":"http://www.geostandaarden.nl/imgeo/def/2.1#VoidReasonValue","plus_type_leeg":"geenWaarde","relatieve_hoogteligging":0,"status":"bestaand","status_codespace":"http://www.geostandaarden.nl/imgeo/def/2.1#Status","status_leeg":null,"termination_date":null,"termination_date_leeg":"geenWaarde","tijdstip_registratie":"2025-12-03T12:05:32Z","type":"oever, slootkant","type_codespace":"http://www.geostandaarden.nl/imgeo/def/2.1#TypeOndersteunendWaterdeel","version":"dbf79f6f-58c9-fd0c-a95e-fe78ad022bca"},"geometry":{"type":"Polygon","coordinates":[[[150498.048,482944.485],[150498.668,482944.861],[150499.29,482945.232],[150499.916,482945.597],[150500.545,482945.957],[150501.177,482946.311],[150501.812,482946.66],[150510.671,482951.837],[150518.554,482956.286],[150518.103,482957.039],[150517.517,482956.904],[150511.666,482953.866],[150504.827,482949.878],[150500.016,482946.958],[150496.712,482944.993],[150493.12,482942.533],[150490.738,482940.633],[150490.775,482940.303],[150491.103,482940.062],[150491.401,482939.972],[150492.728,482940.948],[150493.399,482941.426],[150494.074,482941.897],[150494.753,482942.363],[150495.438,482942.821],[150496.126,482943.273],[150496.819,482943.718],[150497.432,482944.104],[150498.048,482944.485]],[[150498.781,482945.314],[150493.562,482941.958],[150491.462,482940.355],[150491.332,482940.294],[150491.2,482940.297],[150491.128,482940.369],[150491.172,482940.472],[150491.399,482940.653],[150493.453,482942.176],[150495.591,482943.533],[150498.453,482945.51],[150502.821,482948.027],[150506.844,482950.418],[150511.131,482952.786],[150517.752,482956.487],[150517.89,482956.458],[150517.999,482956.378],[150517.982,482956.263],[150511.344,482952.464],[150507.022,482950.021],[150498.781,482945.314]]]},"id":"684acba8-d663-51bd-968a-09ce228766ab"},{"type":"Feature","properties":{"bronhouder":"W0650","creation_date":"2025-12-01T23:00:00Z","eind_registratie":null,"in_onderzoek":null,"in_onderzoek_leeg":"geenWaarde","lokaal_id":"G0034.ee3f37f47bdb40feab70cf30f424a1dc","lv_publicatiedatum":"2025-12-03T12:50:42Z","plus_status":null,"plus_status_codespace":"http://www.geostandaarden.nl/imgeo/def/2.1#VoidReasonValue","plus_status_leeg":"geenWaarde","plus_type":null,"plus_type_codespace":"http://www.geostandaarden.nl/imgeo/def/2.1#VoidReasonValue","plus_type_leeg":"geenWaarde","relatieve_hoogteligging":0,"status":"bestaand","status_codespace":"http://www.geostandaarden.nl/imgeo/def/2.1#Status","status_leeg":null,"termination_date":null,"termination_date_leeg":"geenWaarde","tijdstip_registratie":"2025-12-03T12:05:32Z","type":"oever, slootkant","type_codespace":"http://www.geostandaarden.nl/imgeo/def/2.1#TypeOndersteunendWaterdeel","version":"6eb32a23-fbe1-5608-4e98-de5e19483f4a"},"geometry":{"type":"Polygon","coordinates":[[[150344.599,482919.997],[150344.507,482920.21],[150343.208,482921.118],[150341.72,482921.779],[150339.7,482922.442],[150339.409,482922.267],[150339.179,482921.974],[150339.199,482921.443],[150341.434,482920.566],[150343.7,482919.254],[150344.128,482919.405],[150344.467,482919.676],[150344.599,482919.997]],[[150344.053,482919.951],[150344.053,482919.796],[150343.955,482919.687],[150343.662,482919.716],[150343.294,482919.9],[150341.053,482921.061],[150339.978,482921.52],[150339.881,482921.635],[150339.846,482921.762],[150339.915,482921.877],[150340.128,482921.877],[150340.668,482921.739],[150341.421,482921.382],[150343.628,482920.233],[150344.053,482919.951]]]},"id":"6ae61d08-3555-5a8a-ae05-03916cdea652"},{"type":"Feature","properties":{"bronhouder":"W0650","creation_date":"2025-12-01T23:00:00Z","eind_registratie":null,"in_onderzoek":null,"in_onderzoek_leeg":"geenWaarde","lokaal_id":"G0034.f5c767ca51074bf9a0a1fb0a21d7a537","lv_publicatiedatum":"2025-12-03T12:50:42Z","plus_status":null,"plus_status_codespace":"http://www.geostandaarden.nl/imgeo/def/2.1#VoidReasonValue","plus_status_leeg":"geenWaarde","plus_type":null,"plus_type_codespace":"http://www.geostandaarden.nl/imgeo/def/2.1#VoidReasonValue","plus_type_leeg":"geenWaarde","relatieve_hoogteligging":0,"status":"bestaand","status_codespace":"http://www.geostandaarden.nl/imgeo/def/2.1#Status","status_leeg":null,"termination_date":null,"termination_date_leeg":"geenWaarde","tijdstip_registratie":"2025-12-03T12:05:32Z","type":"oever, slootkant","type_codespace":"http://www.geostandaarden.nl/imgeo/def/2.1#TypeOndersteunendWaterdeel","version":"55a0b513-e963-36bf-bc29-458d0ba2e6ed"},"geometry":{"type":"Polygon","coordinates":[[[150267.294,483006.73],[150267.096,483007.27],[150266.907,483007.814],[150266.725,483008.361],[150266.549,483008.909],[150266.383,483009.444],[150266.223,483009.98],[150266.069,483010.519],[150265.921,483011.059],[150265.779,483011.6],[150265.643,483012.144],[150265.214,483012.559],[150264.858,483012.686],[150264.426,483012.565],[150264.001,483012.053],[150265.259,483008.122],[150267.03,483003.795],[150268.377,483001.131],[150270.968,482996.615],[150271.556,482995.812],[150274.613,482990.972],[150277.832,482985.943],[150280.648,482982.02],[150283.917,482977.142],[150287.639,482971.761],[150291.385,482965.789],[150291.731,482965.869],[150292.145,482966.071],[150292.386,482966.266],[150292.469,482966.6],[150283.351,482979.883],[150276.701,482989.988],[150272.661,482996.564],[150272.097,482997.386],[150269.778,483001.349],[150269.218,483002.394],[150268.95,483002.923],[150268.689,483003.456],[150268.436,483003.993],[150268.192,483004.534],[150267.955,483005.078],[150267.726,483005.625],[150267.506,483006.176],[150267.294,483006.73]],[[150266.855,483006.683],[150268.613,483002.729],[150269.383,483001.154],[150275.55,482991.102],[150279.533,482985.028],[150284.498,482977.418],[150288.533,482971.476],[150291.199,482967.614],[150291.843,482966.66],[150291.837,482966.47],[150291.711,482966.355],[150291.458,482966.407],[150288.481,482970.999],[150283.964,482977.665],[150273.401,482993.723],[150271.125,482997.378],[150270.228,482998.872],[150268.757,483001.482],[150268.044,483002.895],[150266.832,483005.723],[150265.291,483009.407],[150264.895,483010.493],[150264.576,483011.694],[150264.579,483011.959],[150264.679,483012.163],[150264.806,483012.197],[150264.912,483012.134],[150264.981,483011.901],[150265.176,483011.039],[150266.855,483006.683]]]},"id":"d50942d2-f9a2-5c8f-8514-91a2909b5309"},{"type":"Feature","properties":{"bronhouder":"W0650","creation_date":"2025-12-01T23:00:00Z","eind_registratie":null,"in_onderzoek":null,"in_onderzoek_leeg":"geenWaarde","lokaal_id":"G0034.fb0e1feb26dc4b42b47139c5f677bad5","lv_publicatiedatum":"2025-12-03T12:50:42Z","plus_status":null,"plus_status_codespace":"http://www.geostandaarden.nl/imgeo/def/2.1#VoidReasonValue","plus_status_leeg":"geenWaarde","plus_type":null,"plus_type_codespace":"http://www.geostandaarden.nl/imgeo/def/2.1#VoidReasonValue","plus_type_leeg":"geenWaarde","relatieve_hoogteligging":0,"status":"bestaand","status_codespace":"http://www.geostandaarden.nl/imgeo/def/2.1#Status","status_leeg":null,"termination_date":null,"termination_date_leeg":"geenWaarde","tijdstip_registratie":"2025-12-03T12:05:32Z","type":"oever, slootkant","type_codespace":"http://www.geostandaarden.nl/imgeo/def/2.1#TypeOndersteunendWaterdeel","version":"6977cfcc-29ac-5f49-c916-a76d2657cca8"},"geometry":{"type":"Polygon","coordinates":[[[150512.584,482941.929],[150523.082,482948.146],[150530.682,482952.532],[150531.003,482952.949],[150531.092,482953.443],[150530.854,482953.926],[150530.388,482954.227],[150530.003,482954.064],[150522.292,482949.166],[150511.875,482942.818],[150500.826,482936.325],[150500.739,482935.892],[150500.906,482935.53],[150501.118,482935.328],[150501.424,482935.151],[150512.584,482941.929]],[[150501.389,482935.972],[150501.414,482936.061],[150501.495,482936.156],[150517.23,482945.535],[150528.104,482952.156],[150530.15,482953.288],[150530.294,482953.274],[150530.446,482953.159],[150530.486,482953.064],[150530.446,482952.955],[150530.328,482952.895],[150530.139,482952.84],[150526.564,482950.803],[150509.564,482940.435],[150501.748,482935.63],[150501.618,482935.633],[150501.486,482935.702],[150501.406,482935.826],[150501.389,482935.972]]]},"id":"36bb1428-5b04-5ab8-b92f-1a542a075d34"},{"type":"Feature","properties":{"bronhouder":"W0650","creation_date":"2025-12-01T23:00:00Z","eind_registratie":null,"in_onderzoek":null,"in_onderzoek_leeg":"geenWaarde","lokaal_id":"G0034.fb75a779be384bccad46401af9a58e37","lv_publicatiedatum":"2025-12-03T12:50:42Z","plus_status":null,"plus_status_codespace":"http://www.geostandaarden.nl/imgeo/def/2.1#VoidReasonValue","plus_status_leeg":"geenWaarde","plus_type":null,"plus_type_codespace":"http://www.geostandaarden.nl/imgeo/def/2.1#VoidReasonValue","plus_type_leeg":"geenWaarde","relatieve_hoogteligging":0,"status":"bestaand","status_codespace":"http://www.geostandaarden.nl/imgeo/def/2.1#Status","status_leeg":null,"termination_date":null,"termination_date_leeg":"geenWaarde","tijdstip_registratie":"2025-12-03T12:05:32Z","type":"oever, slootkant","type_codespace":"http://www.geostandaarden.nl/imgeo/def/2.1#TypeOndersteunendWaterdeel","version":"11e73ede-c5af-1276-a132-e343f899eeea"},"geometry":{"type":"Polygon","coordinates":[[[150425.899,482880.873],[150427.229,482881.76],[150426.585,482882.755],[150421.537,482879.693],[150419.471,482878.58],[150418.425,482878.05],[150417.369,482877.537],[150416.306,482877.042],[150415.234,482876.564],[150414.061,482876.057],[150412.88,482875.559],[150411.692,482875.078],[150410.496,482874.621],[150409.289,482874.196],[150408.071,482873.808],[150406.842,482873.465],[150405.599,482873.175],[150404.273,482872.922],[150402.937,482872.715],[150401.592,482872.555],[150400.243,482872.441],[150398.89,482872.373],[150397.536,482872.353],[150396.184,482872.38],[150394.836,482872.453],[150391.393,482872.57],[150390.41,482872.415],[150389.821,482872.174],[150389.617,482871.863],[150389.525,482871.3],[150389.692,482870.411],[150389.858,482869.852],[150389.95,482869.575],[150390.048,482869.3],[150390.152,482869.027],[150390.262,482868.756],[150390.378,482868.488],[150390.499,482868.223],[150390.611,482867.989],[150390.729,482867.756],[150390.851,482867.526],[150390.977,482867.298],[150391.107,482867.073],[150391.242,482866.85],[150391.381,482866.63],[150391.524,482866.413],[150397.39,482858.069],[150398.156,482858.612],[150397.368,482859.886],[150393.634,482865.185],[150392.347,482867.03],[150390.868,482869.351],[150390.697,482870.239],[150390.735,482870.864],[150391.022,482871.203],[150391.505,482871.272],[150397.729,482871.224],[150404.289,482871.782],[150405.835,482872.076],[150408.1,482872.564],[150411.778,482873.84],[150414.021,482874.815],[150417.335,482876.099],[150420.473,482877.604],[150425.899,482880.873]],[[150421.058,482879.055],[150425.689,482881.8],[150426.217,482881.984],[150426.528,482881.926],[150426.608,482881.742],[150426.436,482881.558],[150418.345,482877.032],[150414.378,482875.191],[150411.62,482874.076],[150406.493,482872.57],[150404.378,482872.122],[150402.033,482871.846],[150397.263,482871.466],[150394.752,482871.486],[150392.473,482871.503],[150390.993,482871.397],[150390.643,482871.277],[150390.321,482870.782],[150390.453,482870.058],[150390.683,482869.162],[150391.378,482867.897],[150392.51,482866.087],[150395.189,482862.196],[150397.689,482858.604],[150397.694,482858.489],[150397.637,482858.432],[150397.528,482858.449],[150397.453,482858.547],[150396.396,482859.989],[150395.623,482861.035],[150393.398,482864.168],[150391.916,482866.374],[150391.143,482867.647],[150390.384,482868.992],[150390.031,482869.892],[150389.959,482870.38],[150389.95,482870.782],[150389.979,482871.044],[150390.079,482871.268],[150390.24,482871.466],[150390.493,482871.604],[150391.503,482871.759],[150394.802,482871.82],[150397.24,482871.754],[150401.964,482872.087],[150404.321,482872.409],[150406.413,482872.892],[150408.792,482873.57],[150411.505,482874.455],[150414.148,482875.593],[150417.643,482877.191],[150421.058,482879.055]]]},"id":"74aadfd1-c0dd-567c-bbd4-c6336387c26e"}],"numberReturned":35}
